# Export from Prisma3D 2.1.1
mtllib New Project 24.mtl
o Object_12
v -0.004717475 0.3013687 0.04631439
v -0.004718014 0.2936073 0.04645723
v -0.004626998 0.3007483 0.04339546
v -0.004717475 0.3013687 0.04631439
v -0.004626998 0.3007483 0.04339546
v -0.001561913 0.3074038 0.04076716
v -0.00458314 0.3008552 0.04925194
v -0.004718014 0.2936073 0.04645723
v -0.004717475 0.3013687 0.04631439
v -0.00458314 0.3008552 0.04925194
v -0.004717475 0.3013687 0.04631439
v -0.001726403 0.3085493 0.04616043
v -0.001726403 0.3085493 0.04616043
v -0.004717475 0.3013687 0.04631439
v -0.001561913 0.3074038 0.04076716
v -0.001561913 0.3074038 0.04076716
v -0.004626998 0.3007483 0.04339546
v -0.001009451 0.3043382 0.03623056
v -0.004626998 0.3007483 0.04339546
v -0.004718014 0.2936073 0.04645723
v -0.004324359 0.2990867 0.0409404
v -0.004626998 0.3007483 0.04339546
v -0.004324359 0.2990867 0.0409404
v -0.001009451 0.3043382 0.03623056
v -0.001479974 0.3076006 0.05158862
v -0.00458314 0.3008552 0.04925194
v -0.001726403 0.3085493 0.04616043
v -0.004244194 0.2992849 0.05176181
v -0.004718014 0.2936073 0.04645723
v -0.00458314 0.3008552 0.04925194
v -0.004244194 0.2992849 0.05176181
v -0.00458314 0.3008552 0.04925194
v -0.001479974 0.3076006 0.05158862
v -0.001009451 0.3043382 0.03623056
v -0.004324359 0.2990867 0.0409404
v -0.0001439786 0.2998142 0.03324106
v -0.004324359 0.2990867 0.0409404
v -0.004718014 0.2936073 0.04645723
v -0.003853452 0.2966366 0.03932214
v -0.004324359 0.2990867 0.0409404
v -0.003853452 0.2966366 0.03932214
v -0.0001439786 0.2998142 0.03324106
v -0.0008606112 0.304704 0.05622637
v -0.004244194 0.2992849 0.05176181
v -0.001479974 0.3076006 0.05158862
v -0.003751473 0.2968979 0.05346206
v -0.004718014 0.2936073 0.04645723
v -0.004244194 0.2992849 0.05176181
v -0.003751473 0.2968979 0.05346206
v -0.004244194 0.2992849 0.05176181
v -0.0008606112 0.304704 0.05622637
v -0.0001439786 0.2998142 0.03324106
v -0.003853452 0.2966366 0.03932214
v 0.0009041136 0.2945204 0.03225395
v -0.003853452 0.2966366 0.03932214
v -0.004718014 0.2936073 0.04645723
v -0.003285602 0.293771 0.03878835
v -0.003853452 0.2966366 0.03932214
v -0.003285602 0.293771 0.03878835
v 0.0009041136 0.2945204 0.03225395
v 4.010558E-05 0.3003005 0.05936727
v -0.003751473 0.2968979 0.05346206
v -0.0008606112 0.304704 0.05622637
v 0.0009041136 0.2945204 0.03225395
v -0.003285602 0.293771 0.03878835
v 0.001973979 0.2892632 0.03341979
v -0.003178158 0.2940558 0.05409256
v -0.003751473 0.2968979 0.05346206
v 4.010558E-05 0.3003005 0.05936727
v 0.001092823 0.2950563 0.06053299
v -0.003178158 0.2940558 0.05409256
v 4.010558E-05 0.3003005 0.05936727
v -0.003178158 0.2940558 0.05409256
v -0.004718014 0.2936073 0.04645723
v -0.003751473 0.2968979 0.05346206
v -0.003285602 0.293771 0.03878835
v -0.002707436 0.2909255 0.03941888
v 0.001973979 0.2892632 0.03341979
v -0.003285602 0.293771 0.03878835
v -0.004718014 0.2936073 0.04645723
v -0.002707436 0.2909255 0.03941888
v -0.002610651 0.2911914 0.05355874
v -0.004718014 0.2936073 0.04645723
v -0.003178158 0.2940558 0.05409256
v -0.002610651 0.2911914 0.05355874
v -0.003178158 0.2940558 0.05409256
v 0.001092823 0.2950563 0.06053299
v 0.001973979 0.2892632 0.03341979
v -0.002707436 0.2909255 0.03941888
v 0.002899447 0.2848453 0.03656077
v -0.002707436 0.2909255 0.03941888
v -0.004718014 0.2936073 0.04645723
v -0.002208097 0.2885348 0.04111913
v -0.002707436 0.2909255 0.03941888
v -0.002208097 0.2885348 0.04111913
v 0.002899447 0.2848453 0.03656077
v -0.002134905 0.2887392 0.0519405
v -0.004718014 0.2936073 0.04645723
v -0.002610651 0.2911914 0.05355874
v 0.002145407 0.2897625 0.05954584
v -0.002610651 0.2911914 0.05355874
v 0.001092823 0.2950563 0.06053299
v -0.002134905 0.2887392 0.0519405
v -0.002610651 0.2911914 0.05355874
v 0.002145407 0.2897625 0.05954584
v 0.002899447 0.2848453 0.03656077
v -0.002208097 0.2885348 0.04111913
v 0.003536284 0.2819411 0.04119855
v -0.002208097 0.2885348 0.04111913
v -0.004718014 0.2936073 0.04645723
v -0.001864509 0.2869627 0.04362902
v -0.002208097 0.2885348 0.04111913
v -0.001864509 0.2869627 0.04362902
v 0.003536284 0.2819411 0.04119855
v -0.001825122 0.2870736 0.04948545
v -0.004718014 0.2936073 0.04645723
v -0.002134905 0.2887392 0.0519405
v 0.00303019 0.2852289 0.05655637
v -0.002134905 0.2887392 0.0519405
v 0.002145407 0.2897625 0.05954584
v -0.001825122 0.2870736 0.04948545
v -0.002134905 0.2887392 0.0519405
v 0.00303019 0.2852289 0.05655637
v 0.003536284 0.2819411 0.04119855
v -0.001864509 0.2869627 0.04362902
v 0.003785067 0.2809942 0.04662731
v -0.001864509 0.2869627 0.04362902
v -0.004718014 0.2936073 0.04645723
v -0.001730093 0.2864501 0.04656714
v -0.001864509 0.2869627 0.04362902
v -0.001730093 0.2864501 0.04656714
v 0.003785067 0.2809942 0.04662731
v -0.001730093 0.2864501 0.04656714
v -0.004718014 0.2936073 0.04645723
v -0.001825122 0.2870736 0.04948545
v -0.001730093 0.2864501 0.04656714
v -0.001825122 0.2870736 0.04948545
v 0.003607059 0.2821491 0.05201986
v 0.003607059 0.2821491 0.05201986
v -0.001825122 0.2870736 0.04948545
v 0.00303019 0.2852289 0.05655637
v 0.003785067 0.2809942 0.04662731
v -0.001730093 0.2864501 0.04656714
v 0.003607059 0.2821491 0.05201986
v 0.002145407 0.2897625 0.05954584
v 0.001092823 0.2950563 0.06053299
v 0.007445923 0.2964575 0.06479707
v 0.001092823 0.2950563 0.06053299
v 4.010558E-05 0.3003005 0.05936727
v 0.006065736 0.3033098 0.06327391
v 0.007445923 0.2964575 0.06479707
v 0.001092823 0.2950563 0.06053299
v 0.006065736 0.3033098 0.06327391
v 0.008827227 0.2895391 0.06350717
v 0.002145407 0.2897625 0.05954584
v 0.007445923 0.2964575 0.06479707
v 0.00303019 0.2852289 0.05655637
v 0.002145407 0.2897625 0.05954584
v 0.008827227 0.2895391 0.06350717
v 0.006065736 0.3033098 0.06327391
v 4.010558E-05 0.3003005 0.05936727
v 0.004909848 0.3090434 0.05917084
v 4.010558E-05 0.3003005 0.05936727
v -0.0008606112 0.304704 0.05622637
v 0.004909848 0.3090434 0.05917084
v 0.00998864 0.2836139 0.05960175
v 0.00303019 0.2852289 0.05655637
v 0.008827227 0.2895391 0.06350717
v 0.003607059 0.2821491 0.05201986
v 0.00303019 0.2852289 0.05655637
v 0.00998864 0.2836139 0.05960175
v 0.004909848 0.3090434 0.05917084
v -0.0008606112 0.304704 0.05622637
v 0.004111525 0.312819 0.05311164
v -0.0008606112 0.304704 0.05622637
v -0.001479974 0.3076006 0.05158862
v 0.004111525 0.312819 0.05311164
v 0.01074594 0.2795885 0.05367479
v 0.003607059 0.2821491 0.05201986
v 0.00998864 0.2836139 0.05960175
v 0.003785067 0.2809942 0.04662731
v 0.003607059 0.2821491 0.05201986
v 0.01074594 0.2795885 0.05367479
v 0.004111525 0.312819 0.05311164
v -0.001479974 0.3076006 0.05158862
v 0.003793638 0.3140555 0.04601878
v -0.001479974 0.3076006 0.05158862
v -0.001726403 0.3085493 0.04616043
v 0.003793638 0.3140555 0.04601878
v 0.01098015 0.2780777 0.04662845
v 0.003785067 0.2809942 0.04662731
v 0.01074594 0.2795885 0.05367479
v 0.003536284 0.2819411 0.04119855
v 0.003785067 0.2809942 0.04662731
v 0.01098015 0.2780777 0.04662845
v 0.003793638 0.3140555 0.04601878
v -0.001726403 0.3085493 0.04616043
v 0.004008076 0.3125589 0.03897175
v -0.001726403 0.3085493 0.04616043
v -0.001561913 0.3074038 0.04076716
v 0.004008076 0.3125589 0.03897175
v 0.01065462 0.2793138 0.03953505
v 0.003536284 0.2819411 0.04119855
v 0.01098015 0.2780777 0.04662845
v 0.002899447 0.2848453 0.03656077
v 0.003536284 0.2819411 0.04119855
v 0.01065462 0.2793138 0.03953505
v -0.001561913 0.3074038 0.04076716
v -0.001009451 0.3043382 0.03623056
v 0.004727109 0.3085561 0.03304464
v 0.004008076 0.3125589 0.03897175
v -0.001561913 0.3074038 0.04076716
v 0.004727109 0.3085561 0.03304464
v -0.001009451 0.3043382 0.03623056
v -0.0001439786 0.2998142 0.03324106
v 0.005847177 0.3026548 0.02913907
v 0.004727109 0.3085561 0.03304464
v -0.001009451 0.3043382 0.03623056
v 0.005847177 0.3026548 0.02913907
v -0.0001439786 0.2998142 0.03324106
v 0.0009041136 0.2945204 0.03225395
v 0.007212028 0.2957438 0.02784914
v 0.005847177 0.3026548 0.02913907
v -0.0001439786 0.2998142 0.03324106
v 0.007212028 0.2957438 0.02784914
v 0.0009041136 0.2945204 0.03225395
v 0.001973979 0.2892632 0.03341979
v 0.008610284 0.288877 0.02937248
v 0.007212028 0.2957438 0.02784914
v 0.0009041136 0.2945204 0.03225395
v 0.008610284 0.288877 0.02937248
v 0.001973979 0.2892632 0.03341979
v 0.002899447 0.2848453 0.03656077
v 0.009821353 0.2831063 0.03347582
v 0.008610284 0.288877 0.02937248
v 0.001973979 0.2892632 0.03341979
v 0.009821353 0.2831063 0.03347582
v 0.009821353 0.2831063 0.03347582
v 0.002899447 0.2848453 0.03656077
v 0.01065462 0.2793138 0.03953505
v 0.005847177 0.3026548 0.02913907
v 0.007212028 0.2957438 0.02784914
v 0.01467232 0.2972602 0.02624425
v 0.004727109 0.3085561 0.03304464
v 0.005847177 0.3026548 0.02913907
v 0.01320474 0.3047275 0.02764007
v 0.01320474 0.3047275 0.02764007
v 0.005847177 0.3026548 0.02913907
v 0.01467232 0.2972602 0.02624425
v 0.01467232 0.2972602 0.02624425
v 0.007212028 0.2957438 0.02784914
v 0.01618571 0.2898329 0.02789244
v 0.007212028 0.2957438 0.02784914
v 0.008610284 0.288877 0.02937248
v 0.01618571 0.2898329 0.02789244
v 0.01199579 0.3111095 0.03186768
v 0.004727109 0.3085561 0.03304464
v 0.01320474 0.3047275 0.02764007
v 0.004008076 0.3125589 0.03897175
v 0.004727109 0.3085561 0.03304464
v 0.01199579 0.3111095 0.03186768
v 0.01618571 0.2898329 0.02789244
v 0.008610284 0.288877 0.02937248
v 0.017498 0.2835884 0.03233403
v 0.008610284 0.288877 0.02937248
v 0.009821353 0.2831063 0.03347582
v 0.017498 0.2835884 0.03233403
v 0.01121888 0.3154395 0.03828371
v 0.004008076 0.3125589 0.03897175
v 0.01199579 0.3111095 0.03186768
v 0.003793638 0.3140555 0.04601878
v 0.004008076 0.3125589 0.03897175
v 0.01121888 0.3154395 0.03828371
v 0.017498 0.2835884 0.03233403
v 0.009821353 0.2831063 0.03347582
v 0.0184015 0.2794843 0.03889298
v 0.009821353 0.2831063 0.03347582
v 0.01065462 0.2793138 0.03953505
v 0.0184015 0.2794843 0.03889298
v 0.01098536 0.3170594 0.04591101
v 0.003793638 0.3140555 0.04601878
v 0.01121888 0.3154395 0.03828371
v 0.004111525 0.312819 0.05311164
v 0.003793638 0.3140555 0.04601878
v 0.01098536 0.3170594 0.04591101
v 0.0184015 0.2794843 0.03889298
v 0.01065462 0.2793138 0.03953505
v 0.01875396 0.2781481 0.04656982
v 0.01065462 0.2793138 0.03953505
v 0.01098015 0.2780777 0.04662845
v 0.01875396 0.2781481 0.04656982
v 0.01132395 0.3157266 0.05358788
v 0.004111525 0.312819 0.05311164
v 0.01098536 0.3170594 0.04591101
v 0.004909848 0.3090434 0.05917084
v 0.004111525 0.312819 0.05311164
v 0.01132395 0.3157266 0.05358788
v 0.01875396 0.2781481 0.04656982
v 0.01098015 0.2780777 0.04662845
v 0.01849954 0.2797841 0.05419698
v 0.01098015 0.2780777 0.04662845
v 0.01074594 0.2795885 0.05367479
v 0.01849954 0.2797841 0.05419698
v 0.01217772 0.3116511 0.06014669
v 0.004909848 0.3090434 0.05917084
v 0.01132395 0.3157266 0.05358788
v 0.006065736 0.3033098 0.06327391
v 0.004909848 0.3090434 0.05917084
v 0.01217772 0.3116511 0.06014669
v 0.01849954 0.2797841 0.05419698
v 0.01074594 0.2795885 0.05367479
v 0.01767745 0.2841423 0.0606128
v 0.01074594 0.2795885 0.05367479
v 0.00998864 0.2836139 0.05960175
v 0.01767745 0.2841423 0.0606128
v 0.01342063 0.3054577 0.06458783
v 0.006065736 0.3033098 0.06327391
v 0.01217772 0.3116511 0.06014669
v 0.007445923 0.2964575 0.06479707
v 0.006065736 0.3033098 0.06327391
v 0.01342063 0.3054577 0.06458783
v 0.01767745 0.2841423 0.0606128
v 0.00998864 0.2836139 0.05960175
v 0.01641676 0.2905567 0.0648402
v 0.00998864 0.2836139 0.05960175
v 0.008827227 0.2895391 0.06350717
v 0.01641676 0.2905567 0.0648402
v 0.01491704 0.2980441 0.0662359
v 0.007445923 0.2964575 0.06479707
v 0.01342063 0.3054577 0.06458783
v 0.008827227 0.2895391 0.06350717
v 0.007445923 0.2964575 0.06479707
v 0.01491704 0.2980441 0.0662359
v 0.01641676 0.2905567 0.0648402
v 0.008827227 0.2895391 0.06350717
v 0.01491704 0.2980441 0.0662359
v 0.02744604 0.3055413 0.03293428
v 0.02849737 0.3002558 0.03194699
v 0.03276245 0.3012716 0.03838718
v 0.03276245 0.3012716 0.03838718
v 0.02849737 0.3002558 0.03194699
v 0.03334393 0.2984304 0.03901762
v 0.02849737 0.3002558 0.03194699
v 0.02957068 0.2950057 0.03311267
v 0.03334393 0.2984304 0.03901762
v 0.03219039 0.3041336 0.03892109
v 0.02744604 0.3055413 0.03293428
v 0.03276245 0.3012716 0.03838718
v 0.03334393 0.2984304 0.03901762
v 0.02957068 0.2950057 0.03311267
v 0.03384547 0.2960441 0.04071778
v 0.02657715 0.3100578 0.03592396
v 0.02744604 0.3055413 0.03293428
v 0.03219039 0.3041336 0.03892109
v 0.02957068 0.2950057 0.03311267
v 0.03049896 0.2905939 0.03625354
v 0.03384547 0.2960441 0.04071778
v 0.03171425 0.3065819 0.04053941
v 0.02657715 0.3100578 0.03592396
v 0.03219039 0.3041336 0.03892109
v 0.03384547 0.2960441 0.04071778
v 0.03049896 0.2905939 0.03625354
v 0.03418992 0.2944759 0.04322755
v 0.02601457 0.3131246 0.04046059
v 0.02657715 0.3100578 0.03592396
v 0.03171425 0.3065819 0.04053941
v 0.03049896 0.2905939 0.03625354
v 0.03113733 0.2876945 0.04089123
v 0.03418992 0.2944759 0.04322755
v 0.03140504 0.3082449 0.0429945
v 0.02601457 0.3131246 0.04046059
v 0.03171425 0.3065819 0.04053941
v 0.03418992 0.2944759 0.04322755
v 0.03113733 0.2876945 0.04089123
v 0.03432363 0.2939664 0.04616567
v 0.02583994 0.3142765 0.04585379
v 0.02601457 0.3131246 0.04046059
v 0.03140504 0.3082449 0.0429945
v 0.03113733 0.2876945 0.04089123
v 0.03138585 0.2867513 0.04631928
v 0.03432363 0.2939664 0.04616567
v 0.03130877 0.3088694 0.0459134
v 0.02583994 0.3142765 0.04585379
v 0.03140504 0.3082449 0.0429945
v 0.03432363 0.2939664 0.04616567
v 0.03138585 0.2867513 0.04631928
v 0.03422607 0.2945922 0.04908395
v 0.02607714 0.31334 0.05128184
v 0.02583994 0.3142765 0.04585379
v 0.03130877 0.3088694 0.0459134
v 0.03138585 0.2867513 0.04631928
v 0.03120528 0.2879087 0.05171242
v 0.03422607 0.2945922 0.04908395
v 0.0314394 0.3083619 0.04885086
v 0.02607714 0.31334 0.05128184
v 0.03130877 0.3088694 0.0459134
v 0.03422607 0.2945922 0.04908395
v 0.03120528 0.2879087 0.05171242
v 0.03391191 0.2962592 0.051539
v 0.02669059 0.3104591 0.05591935
v 0.02607714 0.31334 0.05128184
v 0.0314394 0.3083619 0.04885086
v 0.03120528 0.2879087 0.05171242
v 0.0306235 0.2909898 0.05624896
v 0.03391191 0.2962592 0.051539
v 0.03391191 0.2962592 0.051539
v 0.0306235 0.2909898 0.05624896
v 0.03343002 0.2987117 0.05315727
v 0.03177792 0.3067981 0.05136061
v 0.02669059 0.3104591 0.05591935
v 0.0314394 0.3083619 0.04885086
v 0.0306235 0.2909898 0.05624896
v 0.0297312 0.2955236 0.05923846
v 0.03343002 0.2987117 0.05315727
v 0.03343002 0.2987117 0.05315727
v 0.0297312 0.2955236 0.05923846
v 0.03285468 0.3015763 0.05369115
v 0.02759928 0.3060625 0.0590601
v 0.02669059 0.3104591 0.05591935
v 0.03177792 0.3067981 0.05136061
v 0.0297312 0.2955236 0.05923846
v 0.02866776 0.3008176 0.0602257
v 0.03285468 0.3015763 0.05369115
v 0.03285468 0.3015763 0.05369115
v 0.02866776 0.3008176 0.0602257
v 0.03227454 0.3044156 0.05306074
v 0.03227454 0.3044156 0.05306074
v 0.02759928 0.3060625 0.0590601
v 0.03177792 0.3067981 0.05136061
v 0.02866776 0.3008176 0.0602257
v 0.02759928 0.3060625 0.0590601
v 0.03227454 0.3044156 0.05306074
v 0.03120528 0.2879087 0.05171242
v 0.02568355 0.2827072 0.05350837
v 0.0306235 0.2909898 0.05624896
v 0.03138585 0.2867513 0.04631928
v 0.02591928 0.2811947 0.04646206
v 0.03120528 0.2879087 0.05171242
v 0.02591928 0.2811947 0.04646206
v 0.02568355 0.2827072 0.05350837
v 0.03120528 0.2879087 0.05171242
v 0.02568355 0.2827072 0.05350837
v 0.02492314 0.2867334 0.05943534
v 0.0306235 0.2909898 0.05624896
v 0.0306235 0.2909898 0.05624896
v 0.02492314 0.2867334 0.05943534
v 0.0297312 0.2955236 0.05923846
v 0.02559374 0.2824285 0.03936869
v 0.02591928 0.2811947 0.04646206
v 0.03138585 0.2867513 0.04631928
v 0.03113733 0.2876945 0.04089123
v 0.02559374 0.2824285 0.03936869
v 0.03138585 0.2867513 0.04631928
v 0.02492314 0.2867334 0.05943534
v 0.02375702 0.2926584 0.06334078
v 0.0297312 0.2955236 0.05923846
v 0.0297312 0.2955236 0.05923846
v 0.02375702 0.2926584 0.06334078
v 0.02866776 0.3008176 0.0602257
v 0.02475882 0.2862183 0.03330952
v 0.02559374 0.2824285 0.03936869
v 0.03113733 0.2876945 0.04089123
v 0.03049896 0.2905939 0.03625354
v 0.02475882 0.2862183 0.03330952
v 0.03113733 0.2876945 0.04089123
v 0.02375702 0.2926584 0.06334078
v 0.02236901 0.299576 0.06463078
v 0.02866776 0.3008176 0.0602257
v 0.02866776 0.3008176 0.0602257
v 0.02236901 0.299576 0.06463078
v 0.02759928 0.3060625 0.0590601
v 0.02354572 0.2919849 0.02920628
v 0.02475882 0.2862183 0.03330952
v 0.03049896 0.2905939 0.03625354
v 0.02957068 0.2950057 0.03311267
v 0.02354572 0.2919849 0.02920628
v 0.03049896 0.2905939 0.03625354
v 0.02236901 0.299576 0.06463078
v 0.02097929 0.3064273 0.06310767
v 0.02759928 0.3060625 0.0590601
v 0.02759928 0.3060625 0.0590601
v 0.02097929 0.3064273 0.06310767
v 0.02669059 0.3104591 0.05591935
v 0.02214582 0.2988456 0.02768305
v 0.02354572 0.2919849 0.02920628
v 0.02957068 0.2950057 0.03311267
v 0.02849737 0.3002558 0.03194699
v 0.02214582 0.2988456 0.02768305
v 0.02957068 0.2950057 0.03311267
v 0.02097929 0.3064273 0.06310767
v 0.01980955 0.312161 0.05900469
v 0.02669059 0.3104591 0.05591935
v 0.02669059 0.3104591 0.05591935
v 0.01980955 0.312161 0.05900469
v 0.02607714 0.31334 0.05128184
v 0.02744604 0.3055413 0.03293428
v 0.02078226 0.3057467 0.02897316
v 0.02849737 0.3002558 0.03194699
v 0.02078226 0.3057467 0.02897316
v 0.02214582 0.2988456 0.02768305
v 0.02849737 0.3002558 0.03194699
v 0.02657715 0.3100578 0.03592396
v 0.01967414 0.3116283 0.03287899
v 0.02744604 0.3055413 0.03293428
v 0.01967414 0.3116283 0.03287899
v 0.02078226 0.3057467 0.02897316
v 0.02744604 0.3055413 0.03293428
v 0.02601457 0.3131246 0.04046059
v 0.01895512 0.3156257 0.0388062
v 0.02657715 0.3100578 0.03592396
v 0.01895512 0.3156257 0.0388062
v 0.01967414 0.3116283 0.03287899
v 0.02657715 0.3100578 0.03592396
v 0.02583994 0.3142765 0.04585379
v 0.01873511 0.3171251 0.04585326
v 0.02601457 0.3131246 0.04046059
v 0.01873511 0.3171251 0.04585326
v 0.01895512 0.3156257 0.0388062
v 0.02601457 0.3131246 0.04046059
v 0.02607714 0.31334 0.05128184
v 0.0190409 0.3159016 0.05294594
v 0.02583994 0.3142765 0.04585379
v 0.0190409 0.3159016 0.05294594
v 0.01873511 0.3171251 0.04585326
v 0.02583994 0.3142765 0.04585379
v 0.01980955 0.312161 0.05900469
v 0.0190409 0.3159016 0.05294594
v 0.02607714 0.31334 0.05128184
v 0.01895512 0.3156257 0.0388062
v 0.01121888 0.3154395 0.03828371
v 0.01967414 0.3116283 0.03287899
v 0.01967414 0.3116283 0.03287899
v 0.01199579 0.3111095 0.03186768
v 0.02078226 0.3057467 0.02897316
v 0.01121888 0.3154395 0.03828371
v 0.01199579 0.3111095 0.03186768
v 0.01967414 0.3116283 0.03287899
v 0.01098536 0.3170594 0.04591101
v 0.01121888 0.3154395 0.03828371
v 0.01895512 0.3156257 0.0388062
v 0.01873511 0.3171251 0.04585326
v 0.01098536 0.3170594 0.04591101
v 0.01895512 0.3156257 0.0388062
v 0.01199579 0.3111095 0.03186768
v 0.01320474 0.3047275 0.02764007
v 0.02078226 0.3057467 0.02897316
v 0.02078226 0.3057467 0.02897316
v 0.01320474 0.3047275 0.02764007
v 0.02214582 0.2988456 0.02768305
v 0.01132395 0.3157266 0.05358788
v 0.01098536 0.3170594 0.04591101
v 0.01873511 0.3171251 0.04585326
v 0.0190409 0.3159016 0.05294594
v 0.01132395 0.3157266 0.05358788
v 0.01873511 0.3171251 0.04585326
v 0.01320474 0.3047275 0.02764007
v 0.01467232 0.2972602 0.02624425
v 0.02214582 0.2988456 0.02768305
v 0.02214582 0.2988456 0.02768305
v 0.01467232 0.2972602 0.02624425
v 0.02354572 0.2919849 0.02920628
v 0.01217772 0.3116511 0.06014669
v 0.01132395 0.3157266 0.05358788
v 0.0190409 0.3159016 0.05294594
v 0.01980955 0.312161 0.05900469
v 0.01217772 0.3116511 0.06014669
v 0.0190409 0.3159016 0.05294594
v 0.01467232 0.2972602 0.02624425
v 0.01618571 0.2898329 0.02789244
v 0.02354572 0.2919849 0.02920628
v 0.02354572 0.2919849 0.02920628
v 0.01618571 0.2898329 0.02789244
v 0.02475882 0.2862183 0.03330952
v 0.01342063 0.3054577 0.06458783
v 0.01217772 0.3116511 0.06014669
v 0.01980955 0.312161 0.05900469
v 0.02097929 0.3064273 0.06310767
v 0.01342063 0.3054577 0.06458783
v 0.01980955 0.312161 0.05900469
v 0.01618571 0.2898329 0.02789244
v 0.017498 0.2835884 0.03233403
v 0.02475882 0.2862183 0.03330952
v 0.02475882 0.2862183 0.03330952
v 0.017498 0.2835884 0.03233403
v 0.02559374 0.2824285 0.03936869
v 0.01491704 0.2980441 0.0662359
v 0.01342063 0.3054577 0.06458783
v 0.02097929 0.3064273 0.06310767
v 0.02236901 0.299576 0.06463078
v 0.01491704 0.2980441 0.0662359
v 0.02097929 0.3064273 0.06310767
v 0.017498 0.2835884 0.03233403
v 0.0184015 0.2794843 0.03889298
v 0.02559374 0.2824285 0.03936869
v 0.02559374 0.2824285 0.03936869
v 0.0184015 0.2794843 0.03889298
v 0.02591928 0.2811947 0.04646206
v 0.01641676 0.2905567 0.0648402
v 0.01491704 0.2980441 0.0662359
v 0.02236901 0.299576 0.06463078
v 0.02375702 0.2926584 0.06334078
v 0.01641676 0.2905567 0.0648402
v 0.02236901 0.299576 0.06463078
v 0.0184015 0.2794843 0.03889298
v 0.01875396 0.2781481 0.04656982
v 0.02591928 0.2811947 0.04646206
v 0.02591928 0.2811947 0.04646206
v 0.01875396 0.2781481 0.04656982
v 0.02568355 0.2827072 0.05350837
v 0.01767745 0.2841423 0.0606128
v 0.01641676 0.2905567 0.0648402
v 0.02375702 0.2926584 0.06334078
v 0.02492314 0.2867334 0.05943534
v 0.01767745 0.2841423 0.0606128
v 0.02375702 0.2926584 0.06334078
v 0.01875396 0.2781481 0.04656982
v 0.01849954 0.2797841 0.05419698
v 0.02568355 0.2827072 0.05350837
v 0.01849954 0.2797841 0.05419698
v 0.01767745 0.2841423 0.0606128
v 0.02492314 0.2867334 0.05943534
v 0.02568355 0.2827072 0.05350837
v 0.01849954 0.2797841 0.05419698
v 0.02492314 0.2867334 0.05943534
vn -0.9719331 0.2284066 -0.01957551
vn -0.9784473 -0.1993882 0.01081601
vn -0.9650422 0.1858617 -0.1773364
vn -0.9719331 0.2284066 -0.01957551
vn -0.9650422 0.1858617 -0.1773364
vn -0.8235736 0.4895561 -0.2818968
vn -0.9661258 0.2085871 0.1426667
vn -0.9784473 -0.1993882 0.01081601
vn -0.9719331 0.2284066 -0.01957551
vn -0.9661258 0.2085871 0.1426667
vn -0.9719331 0.2284066 -0.01957551
vn -0.8329403 0.5506498 -0.0132153
vn -0.8329403 0.5506498 -0.0132153
vn -0.9719331 0.2284066 -0.01957551
vn -0.8235736 0.4895561 -0.2818968
vn -0.8235736 0.4895561 -0.2818968
vn -0.9650422 0.1858617 -0.1773364
vn -0.7942758 0.332403 -0.5065105
vn -0.9650422 0.1858617 -0.1773364
vn -0.9784473 -0.1993882 0.01081601
vn -0.9464849 0.08747029 -0.306596
vn -0.9650422 0.1858617 -0.1773364
vn -0.9464849 0.08747029 -0.306596
vn -0.7942758 0.332403 -0.5065105
vn -0.8209965 0.5063777 0.2586956
vn -0.9661258 0.2085871 0.1426667
vn -0.8329403 0.5506498 -0.0132153
vn -0.9484934 0.1294549 0.2846653
vn -0.9784473 -0.1993882 0.01081601
vn -0.9661258 0.2085871 0.1426667
vn -0.9484934 0.1294549 0.2846653
vn -0.9661258 0.2085871 0.1426667
vn -0.8209965 0.5063777 0.2586956
vn -0.7942758 0.332403 -0.5065105
vn -0.9464849 0.08747029 -0.306596
vn -0.7493764 0.1032742 -0.6528298
vn -0.9464849 0.08747029 -0.306596
vn -0.9784473 -0.1993882 0.01081601
vn -0.9190673 -0.05178988 -0.3876731
vn -0.9464849 0.08747029 -0.306596
vn -0.9190673 -0.05178988 -0.3876731
vn -0.7493764 0.1032742 -0.6528298
vn -0.7895538 0.3634969 0.4922965
vn -0.9484934 0.1294549 0.2846653
vn -0.8209965 0.5063777 0.2586956
vn -0.921698 0.003029943 0.3848184
vn -0.9784473 -0.1993882 0.01081601
vn -0.9484934 0.1294549 0.2846653
vn -0.921698 0.003029943 0.3848184
vn -0.9484934 0.1294549 0.2846653
vn -0.7895538 0.3634969 0.4922965
vn -0.7493764 0.1032742 -0.6528298
vn -0.9190673 -0.05178988 -0.3876731
vn -0.695664 -0.1630989 -0.6986178
vn -0.9190673 -0.05178988 -0.3876731
vn -0.9784473 -0.1993882 0.01081601
vn -0.8869273 -0.2107219 -0.4082569
vn -0.9190673 -0.05178988 -0.3876731
vn -0.8869273 -0.2107219 -0.4082569
vn -0.695664 -0.1630989 -0.6986178
vn -0.7432309 0.1437492 0.6521802
vn -0.921698 0.003029943 0.3848184
vn -0.7895538 0.3634969 0.4922965
vn -0.695664 -0.1630989 -0.6986178
vn -0.8869273 -0.2107219 -0.4082569
vn -0.6413244 -0.4260271 -0.6368791
vn -0.8897755 -0.1514135 0.4278952
vn -0.921698 0.003029943 0.3848184
vn -0.7432309 0.1437492 0.6521802
vn -0.688987 -0.1193164 0.7139218
vn -0.8897755 -0.1514135 0.4278952
vn -0.7432309 0.1437492 0.6521802
vn -0.8897755 -0.1514135 0.4278952
vn -0.9784473 -0.1993882 0.01081601
vn -0.921698 0.003029943 0.3848184
vn -0.8869273 -0.2107219 -0.4082569
vn -0.8549688 -0.3651132 -0.3651803
vn -0.6413244 -0.4260271 -0.6368791
vn -0.8869273 -0.2107219 -0.4082569
vn -0.9784473 -0.1993882 0.01081601
vn -0.8549688 -0.3651132 -0.3651803
vn -0.8575884 -0.310353 0.4073084
vn -0.9784473 -0.1993882 0.01081601
vn -0.8897755 -0.1514135 0.4278952
vn -0.8575884 -0.310353 0.4073084
vn -0.8897755 -0.1514135 0.4278952
vn -0.688987 -0.1193164 0.7139218
vn -0.6413244 -0.4260271 -0.6368791
vn -0.8549688 -0.3651132 -0.3651803
vn -0.5946686 -0.6455762 -0.4770021
vn -0.8549688 -0.3651132 -0.3651803
vn -0.9784473 -0.1993882 0.01081601
vn -0.8280596 -0.4914671 -0.265032
vn -0.8549688 -0.3651132 -0.3651803
vn -0.8280596 -0.4914671 -0.265032
vn -0.5946686 -0.6455762 -0.4770021
vn -0.8300544 -0.4495619 0.3262277
vn -0.9784473 -0.1993882 0.01081601
vn -0.8575884 -0.310353 0.4073084
vn -0.6350752 -0.3856496 0.6681314
vn -0.8575884 -0.310353 0.4073084
vn -0.688987 -0.1193164 0.7139218
vn -0.8300544 -0.4495619 0.3262277
vn -0.8575884 -0.310353 0.4073084
vn -0.6350752 -0.3856496 0.6681314
vn -0.5946686 -0.6455762 -0.4770021
vn -0.8280596 -0.4914671 -0.265032
vn -0.5628325 -0.7883134 -0.2433994
vn -0.8280596 -0.4914671 -0.265032
vn -0.9784473 -0.1993882 0.01081601
vn -0.8103304 -0.5705582 -0.1230273
vn -0.8280596 -0.4914671 -0.265032
vn -0.8103304 -0.5705582 -0.1230273
vn -0.5628325 -0.7883134 -0.2433994
vn -0.8114046 -0.5478798 0.1969699
vn -0.9784473 -0.1993882 0.01081601
vn -0.8300544 -0.4495619 0.3262277
vn -0.5898531 -0.6146271 0.5218073
vn -0.8300544 -0.4495619 0.3262277
vn -0.6350752 -0.3856496 0.6681314
vn -0.8114046 -0.5478798 0.1969699
vn -0.8300544 -0.4495619 0.3262277
vn -0.5898531 -0.6146271 0.5218073
vn -0.5628325 -0.7883134 -0.2433994
vn -0.8103304 -0.5705582 -0.1230273
vn -0.5507283 -0.8325658 0.02851963
vn -0.8103304 -0.5705582 -0.1230273
vn -0.9784473 -0.1993882 0.01081601
vn -0.8044729 -0.5903759 0.03921795
vn -0.8103304 -0.5705582 -0.1230273
vn -0.8044729 -0.5903759 0.03921795
vn -0.5507283 -0.8325658 0.02851963
vn -0.8044729 -0.5903759 0.03921795
vn -0.9784473 -0.1993882 0.01081601
vn -0.8114046 -0.5478798 0.1969699
vn -0.8044729 -0.5903759 0.03921795
vn -0.8114046 -0.5478798 0.1969699
vn -0.5602106 -0.7715783 0.2971951
vn -0.5602106 -0.7715783 0.2971951
vn -0.8114046 -0.5478798 0.1969699
vn -0.5898531 -0.6146271 0.5218073
vn -0.5507283 -0.8325658 0.02851963
vn -0.8044729 -0.5903759 0.03921795
vn -0.5602106 -0.7715783 0.2971951
vn -0.6350752 -0.3856496 0.6681314
vn -0.688987 -0.1193164 0.7139218
vn -0.3690863 -0.05485195 0.9275599
vn -0.688987 -0.1193164 0.7139218
vn -0.7432309 0.1437492 0.6521802
vn -0.4401556 0.2894606 0.8495401
vn -0.3690863 -0.05485195 0.9275599
vn -0.688987 -0.1193164 0.7139218
vn -0.4401556 0.2894606 0.8495401
vn -0.2986642 -0.4023481 0.8649796
vn -0.6350752 -0.3856496 0.6681314
vn -0.3690863 -0.05485195 0.9275599
vn -0.5898531 -0.6146271 0.5218073
vn -0.6350752 -0.3856496 0.6681314
vn -0.2986642 -0.4023481 0.8649796
vn -0.4401556 0.2894606 0.8495401
vn -0.7432309 0.1437492 0.6521802
vn -0.5008588 0.5782018 0.6428086
vn -0.7432309 0.1437492 0.6521802
vn -0.7895538 0.3634969 0.4922965
vn -0.5008588 0.5782018 0.6428086
vn -0.2397697 -0.7001821 0.6713586
vn -0.5898531 -0.6146271 0.5218073
vn -0.2986642 -0.4023481 0.8649796
vn -0.5602106 -0.7715783 0.2971951
vn -0.5898531 -0.6146271 0.5218073
vn -0.2397697 -0.7001821 0.6713586
vn -0.5008588 0.5782018 0.6428086
vn -0.7895538 0.3634969 0.4922965
vn -0.5422496 0.7672303 0.3388754
vn -0.7895538 0.3634969 0.4922965
vn -0.8209965 0.5063777 0.2586956
vn -0.5422496 0.7672303 0.3388754
vn -0.2014354 -0.9030929 0.3761637
vn -0.5602106 -0.7715783 0.2971951
vn -0.2397697 -0.7001821 0.6713586
vn -0.5507283 -0.8325658 0.02851963
vn -0.5602106 -0.7715783 0.2971951
vn -0.2014354 -0.9030929 0.3761637
vn -0.5422496 0.7672303 0.3388754
vn -0.8209965 0.5063777 0.2586956
vn -0.5583104 0.8277637 -0.01603049
vn -0.8209965 0.5063777 0.2586956
vn -0.8329403 0.5506498 -0.0132153
vn -0.5583104 0.8277637 -0.01603049
vn -0.1895707 -0.9801912 0.0243088
vn -0.5507283 -0.8325658 0.02851963
vn -0.2014354 -0.9030929 0.3761637
vn -0.5628325 -0.7883134 -0.2433994
vn -0.5507283 -0.8325658 0.02851963
vn -0.1895707 -0.9801912 0.0243088
vn -0.5583104 0.8277637 -0.01603049
vn -0.8329403 0.5506498 -0.0132153
vn -0.5466697 0.7505617 -0.3678874
vn -0.8329403 0.5506498 -0.0132153
vn -0.8235736 0.4895561 -0.2818968
vn -0.5466697 0.7505617 -0.3678874
vn -0.2059937 -0.9197241 -0.3306037
vn -0.5628325 -0.7883134 -0.2433994
vn -0.1895707 -0.9801912 0.0243088
vn -0.5946686 -0.6455762 -0.4770021
vn -0.5628325 -0.7883134 -0.2433994
vn -0.2059937 -0.9197241 -0.3306037
vn -0.8235736 0.4895561 -0.2818968
vn -0.7942758 0.332403 -0.5065105
vn -0.508968 0.5474289 -0.66308
vn -0.5466697 0.7505617 -0.3678874
vn -0.8235736 0.4895561 -0.2818968
vn -0.508968 0.5474289 -0.66308
vn -0.7942758 0.332403 -0.5065105
vn -0.7493764 0.1032742 -0.6528298
vn -0.4507172 0.2493663 -0.8566939
vn -0.508968 0.5474289 -0.66308
vn -0.7942758 0.332403 -0.5065105
vn -0.4507172 0.2493663 -0.8566939
vn -0.7493764 0.1032742 -0.6528298
vn -0.695664 -0.1630989 -0.6986178
vn -0.3806417 -0.09822488 -0.9192715
vn -0.4507172 0.2493663 -0.8566939
vn -0.7493764 0.1032742 -0.6528298
vn -0.3806417 -0.09822488 -0.9192715
vn -0.695664 -0.1630989 -0.6986178
vn -0.6413244 -0.4260271 -0.6368791
vn -0.3094727 -0.4424536 -0.8412554
vn -0.3806417 -0.09822488 -0.9192715
vn -0.695664 -0.1630989 -0.6986178
vn -0.3094727 -0.4424536 -0.8412554
vn -0.6413244 -0.4260271 -0.6368791
vn -0.5946686 -0.6455762 -0.4770021
vn -0.2481309 -0.730909 -0.6345337
vn -0.3094727 -0.4424536 -0.8412554
vn -0.6413244 -0.4260271 -0.6368791
vn -0.2481309 -0.730909 -0.6345337
vn -0.2481309 -0.730909 -0.6345337
vn -0.5946686 -0.6455762 -0.4770021
vn -0.2059937 -0.9197241 -0.3306037
vn -0.4507172 0.2493663 -0.8566939
vn -0.3806417 -0.09822488 -0.9192715
vn -0.007303857 -0.01839405 -0.9998049
vn -0.508968 0.5474289 -0.66308
vn -0.4507172 0.2493663 -0.8566939
vn -0.08305864 0.3573939 -0.9300352
vn -0.08305864 0.3573939 -0.9300352
vn -0.4507172 0.2493663 -0.8566939
vn -0.007303857 -0.01839405 -0.9998049
vn -0.007303857 -0.01839405 -0.9998049
vn -0.3806417 -0.09822488 -0.9192715
vn 0.06989751 -0.3913328 -0.9173748
vn -0.3806417 -0.09822488 -0.9192715
vn -0.3094727 -0.4424536 -0.8412554
vn 0.06989751 -0.3913328 -0.9173748
vn -0.1458027 0.6788539 -0.7186754
vn -0.508968 0.5474289 -0.66308
vn -0.08305864 0.3573939 -0.9300352
vn -0.5466697 0.7505617 -0.3678874
vn -0.508968 0.5474289 -0.66308
vn -0.1458027 0.6788539 -0.7186754
vn 0.06989751 -0.3913328 -0.9173748
vn -0.3094727 -0.4424536 -0.8412554
vn 0.13661 -0.7046864 -0.6952741
vn -0.3094727 -0.4424536 -0.8412554
vn -0.2481309 -0.730909 -0.6345337
vn 0.13661 -0.7046864 -0.6952741
vn -0.1862236 0.8969852 -0.3978935
vn -0.5466697 0.7505617 -0.3678874
vn -0.1458027 0.6788539 -0.7186754
vn -0.5583104 0.8277637 -0.01603049
vn -0.5466697 0.7505617 -0.3678874
vn -0.1862236 0.8969852 -0.3978935
vn 0.13661 -0.7046864 -0.6952741
vn -0.2481309 -0.730909 -0.6345337
vn 0.1825961 -0.9107364 -0.367322
vn -0.2481309 -0.730909 -0.6345337
vn -0.2059937 -0.9197241 -0.3306037
vn 0.1825961 -0.9107364 -0.367322
vn -0.1984361 0.978523 -0.01655257
vn -0.5583104 0.8277637 -0.01603049
vn -0.1862236 0.8969852 -0.3978935
vn -0.5422496 0.7672303 0.3388754
vn -0.5583104 0.8277637 -0.01603049
vn -0.1984361 0.978523 -0.01655257
vn 0.1825961 -0.9107364 -0.367322
vn -0.2059937 -0.9197241 -0.3306037
vn 0.2007901 -0.9781272 0.01653391
vn -0.2059937 -0.9197241 -0.3306037
vn -0.1895707 -0.9801912 0.0243088
vn 0.2007901 -0.9781272 0.01653391
vn -0.1807096 0.9110526 0.3673037
vn -0.5422496 0.7672303 0.3388754
vn -0.1984361 0.978523 -0.01655257
vn -0.5008588 0.5782018 0.6428086
vn -0.5422496 0.7672303 0.3388754
vn -0.1807096 0.9110526 0.3673037
vn 0.2007901 -0.9781272 0.01653391
vn -0.1895707 -0.9801912 0.0243088
vn 0.1883682 -0.8966228 0.3978745
vn -0.1895707 -0.9801912 0.0243088
vn -0.2014354 -0.9030929 0.3761637
vn 0.1883682 -0.8966228 0.3978745
vn -0.1356459 0.7048489 0.6952636
vn -0.5008588 0.5782018 0.6428086
vn -0.1807096 0.9110526 0.3673037
vn -0.4401556 0.2894606 0.8495401
vn -0.5008588 0.5782018 0.6428086
vn -0.1356459 0.7048489 0.6952636
vn 0.1883682 -0.8966228 0.3978745
vn -0.2014354 -0.9030929 0.3761637
vn 0.1471748 -0.6786229 0.7186612
vn -0.2014354 -0.9030929 0.3761637
vn -0.2397697 -0.7001821 0.6713586
vn 0.1471748 -0.6786229 0.7186612
vn -0.06976572 0.3913553 0.9173735
vn -0.4401556 0.2894606 0.8495401
vn -0.1356459 0.7048489 0.6952636
vn -0.3690863 -0.05485195 0.9275599
vn -0.4401556 0.2894606 0.8495401
vn -0.06976572 0.3913553 0.9173735
vn 0.1471748 -0.6786229 0.7186612
vn -0.2397697 -0.7001821 0.6713586
vn 0.08354274 -0.3573134 0.9300302
vn -0.2397697 -0.7001821 0.6713586
vn -0.2986642 -0.4023481 0.8649796
vn 0.08354274 -0.3573134 0.9300302
vn 0.00729383 0.01839215 0.999805
vn -0.3690863 -0.05485195 0.9275599
vn -0.06976572 0.3913553 0.9173735
vn -0.2986642 -0.4023481 0.8649796
vn -0.3690863 -0.05485195 0.9275599
vn 0.00729383 0.01839215 0.999805
vn 0.08354274 -0.3573134 0.9300302
vn -0.2986642 -0.4023481 0.8649796
vn 0.00729383 0.01839215 0.999805
vn 0.6316915 0.4023975 -0.6614144
vn 0.6852376 0.1377231 -0.7142332
vn 0.8013925 0.1924663 -0.564686
vn 0.8013925 0.1924663 -0.564686
vn 0.6852376 0.1377231 -0.7142332
vn 0.8448198 -0.01749945 -0.5329552
vn 0.6852376 0.1377231 -0.7142332
vn 0.7399895 -0.1264101 -0.6594755
vn 0.8448198 -0.01749945 -0.5329552
vn 0.7597621 0.3984833 -0.511811
vn 0.6316915 0.4023975 -0.6614144
vn 0.8013925 0.1924663 -0.564686
vn 0.8448198 -0.01749945 -0.5329552
vn 0.7399895 -0.1264101 -0.6594755
vn 0.8834048 -0.1993929 -0.4214721
vn 0.5875013 0.6273994 -0.5090581
vn 0.6316915 0.4023975 -0.6614144
vn 0.7597621 0.3984833 -0.511811
vn 0.7399895 -0.1264101 -0.6594755
vn 0.7875588 -0.3496134 -0.5055044
vn 0.8834048 -0.1993929 -0.4214721
vn 0.7262462 0.5692072 -0.3824046
vn 0.5875013 0.6273994 -0.5090581
vn 0.7597621 0.3984833 -0.511811
vn 0.8834048 -0.1993929 -0.4214721
vn 0.7875588 -0.3496134 -0.5055044
vn 0.9112779 -0.3255325 -0.2471879
vn 0.5592691 0.7784728 -0.2804245
vn 0.5875013 0.6273994 -0.5090581
vn 0.7262462 0.5692072 -0.3824046
vn 0.7875588 -0.3496134 -0.5055044
vn 0.8206512 -0.4980488 -0.275726
vn 0.9112779 -0.3255325 -0.2471879
vn 0.7059275 0.6786598 -0.1961396
vn 0.5592691 0.7784728 -0.2804245
vn 0.7262462 0.5692072 -0.3824046
vn 0.9112779 -0.3255325 -0.2471879
vn 0.8206512 -0.4980488 -0.275726
vn 0.9241597 -0.3767406 -0.03663224
vn 0.5512143 0.8326523 -0.0101701
vn 0.5592691 0.7784728 -0.2804245
vn 0.7059275 0.6786598 -0.1961396
vn 0.8206512 -0.4980488 -0.275726
vn 0.8341893 -0.5490423 -0.005154967
vn 0.9241597 -0.3767406 -0.03663224
vn 0.7018431 0.7101901 0.01864362
vn 0.5512143 0.8326523 -0.0101701
vn 0.7059275 0.6786598 -0.1961396
vn 0.9241597 -0.3767406 -0.03663224
vn 0.8341893 -0.5490423 -0.005154967
vn 0.9200717 -0.3451988 0.1781431
vn 0.564503 0.7816668 0.2604004
vn 0.5512143 0.8326523 -0.0101701
vn 0.7018431 0.7101901 0.01864362
vn 0.8341893 -0.5490423 -0.005154967
vn 0.8260726 -0.4948325 0.265095
vn 0.9200717 -0.3451988 0.1781431
vn 0.714621 0.6589805 0.2291908
vn 0.564503 0.7816668 0.2604004
vn 0.7018431 0.7101901 0.01864362
vn 0.9200717 -0.3451988 0.1781431
vn 0.8260726 -0.4948325 0.265095
vn 0.8996341 -0.2357329 0.3644015
vn 0.5971947 0.6332976 0.4901758
vn 0.564503 0.7816668 0.2604004
vn 0.714621 0.6589805 0.2291908
vn 0.8260726 -0.4948325 0.265095
vn 0.7975534 -0.343706 0.4937276
vn 0.8996341 -0.2357329 0.3644015
vn 0.8996341 -0.2357329 0.3644015
vn 0.7975534 -0.343706 0.4937276
vn 0.8659844 -0.06498981 0.4938097
vn 0.7423362 0.5328544 0.4034675
vn 0.5971947 0.6332976 0.4901758
vn 0.714621 0.6589805 0.2291908
vn 0.7975534 -0.343706 0.4937276
vn 0.752965 -0.1186396 0.646088
vn 0.8659844 -0.06498981 0.4938097
vn 0.8659844 -0.06498981 0.4938097
vn 0.752965 -0.1186396 0.646088
vn 0.8242557 0.1410395 0.5466847
vn 0.6444479 0.4101546 0.6441487
vn 0.5971947 0.6332976 0.4901758
vn 0.7423362 0.5328544 0.4034675
vn 0.752965 -0.1186396 0.646088
vn 0.6991841 0.1460601 0.6989058
vn 0.8242557 0.1410395 0.5466847
vn 0.8242557 0.1410395 0.5466847
vn 0.6991841 0.1460601 0.6989058
vn 0.7808326 0.3509884 0.5149496
vn 0.7808326 0.3509884 0.5149496
vn 0.6444479 0.4101546 0.6441487
vn 0.7423362 0.5328544 0.4034675
vn 0.6991841 0.1460601 0.6989058
vn 0.6444479 0.4101546 0.6441487
vn 0.7808326 0.3509884 0.5149496
vn 0.8260726 -0.4948325 0.265095
vn 0.5492939 -0.753089 0.3588865
vn 0.7975534 -0.343706 0.4937276
vn 0.8341893 -0.5490423 -0.005154967
vn 0.5604138 -0.8265806 0.006244063
vn 0.8260726 -0.4948325 0.265095
vn 0.5604138 -0.8265806 0.006244063
vn 0.5492939 -0.753089 0.3588865
vn 0.8260726 -0.4948325 0.265095
vn 0.5492939 -0.753089 0.3588865
vn 0.511561 -0.5532758 0.656243
vn 0.7975534 -0.343706 0.4937276
vn 0.7975534 -0.343706 0.4937276
vn 0.511561 -0.5532758 0.656243
vn 0.752965 -0.1186396 0.646088
vn 0.543246 -0.7625306 -0.3479983
vn 0.5604138 -0.8265806 0.006244063
vn 0.8341893 -0.5490423 -0.005154967
vn 0.8206512 -0.4980488 -0.275726
vn 0.543246 -0.7625306 -0.3479983
vn 0.8341893 -0.5490423 -0.005154967
vn 0.511561 -0.5532758 0.656243
vn 0.4529579 -0.2575659 0.8530863
vn 0.752965 -0.1186396 0.646088
vn 0.752965 -0.1186396 0.646088
vn 0.4529579 -0.2575659 0.8530863
vn 0.6991841 0.1460601 0.6989058
vn 0.5004441 -0.5707008 -0.6498699
vn 0.543246 -0.7625306 -0.3479983
vn 0.8206512 -0.4980488 -0.275726
vn 0.7875588 -0.3496134 -0.5055044
vn 0.5004441 -0.5707008 -0.6498699
vn 0.8206512 -0.4980488 -0.275726
vn 0.4529579 -0.2575659 0.8530863
vn 0.3825296 0.0890519 0.9194277
vn 0.6991841 0.1460601 0.6989058
vn 0.6991841 0.1460601 0.6989058
vn 0.3825296 0.0890519 0.9194277
vn 0.6444479 0.4101546 0.6441487
vn 0.4385578 -0.2803257 -0.8534405
vn 0.5004441 -0.5707008 -0.6498699
vn 0.7875588 -0.3496134 -0.5055044
vn 0.7399895 -0.1264101 -0.6594755
vn 0.4385578 -0.2803257 -0.8534405
vn 0.7875588 -0.3496134 -0.5055044
vn 0.3825296 0.0890519 0.9194277
vn 0.3111917 0.4337755 0.845145
vn 0.6444479 0.4101546 0.6441487
vn 0.6444479 0.4101546 0.6441487
vn 0.3111917 0.4337755 0.845145
vn 0.5971947 0.6332976 0.4901758
vn 0.3671218 0.06442159 -0.9277245
vn 0.4385578 -0.2803257 -0.8534405
vn 0.7399895 -0.1264101 -0.6594755
vn 0.6852376 0.1377231 -0.7142332
vn 0.3671218 0.06442159 -0.9277245
vn 0.7399895 -0.1264101 -0.6594755
vn 0.3111917 0.4337755 0.845145
vn 0.2499337 0.7241226 0.641571
vn 0.5971947 0.6332976 0.4901758
vn 0.5971947 0.6332976 0.4901758
vn 0.2499337 0.7241226 0.641571
vn 0.564503 0.7816668 0.2604004
vn 0.6316915 0.4023975 -0.6614144
vn 0.2971477 0.4110454 -0.8613881
vn 0.6852376 0.1377231 -0.7142332
vn 0.2971477 0.4110454 -0.8613881
vn 0.3671218 0.06442159 -0.9277245
vn 0.6852376 0.1377231 -0.7142332
vn 0.5875013 0.6273994 -0.5090581
vn 0.2393944 0.7067191 -0.6645498
vn 0.6316915 0.4023975 -0.6614144
vn 0.2393944 0.7067191 -0.6645498
vn 0.2971477 0.4110454 -0.8613881
vn 0.6316915 0.4023975 -0.6614144
vn 0.5592691 0.7784728 -0.2804245
vn 0.202296 0.9065195 -0.3671915
vn 0.5875013 0.6273994 -0.5090581
vn 0.202296 0.9065195 -0.3671915
vn 0.2393944 0.7067191 -0.6645498
vn 0.5875013 0.6273994 -0.5090581
vn 0.5512143 0.8326523 -0.0101701
vn 0.1913264 0.9799828 -0.01454473
vn 0.5592691 0.7784728 -0.2804245
vn 0.1913264 0.9799828 -0.01454473
vn 0.202296 0.9065195 -0.3671915
vn 0.5592691 0.7784728 -0.2804245
vn 0.564503 0.7816668 0.2604004
vn 0.208056 0.9159019 0.339698
vn 0.5512143 0.8326523 -0.0101701
vn 0.208056 0.9159019 0.339698
vn 0.1913264 0.9799828 -0.01454473
vn 0.5512143 0.8326523 -0.0101701
vn 0.2499337 0.7241226 0.641571
vn 0.208056 0.9159019 0.339698
vn 0.564503 0.7816668 0.2604004
vn 0.202296 0.9065195 -0.3671915
vn -0.1862236 0.8969852 -0.3978935
vn 0.2393944 0.7067191 -0.6645498
vn 0.2393944 0.7067191 -0.6645498
vn -0.1458027 0.6788539 -0.7186754
vn 0.2971477 0.4110454 -0.8613881
vn -0.1862236 0.8969852 -0.3978935
vn -0.1458027 0.6788539 -0.7186754
vn 0.2393944 0.7067191 -0.6645498
vn -0.1984361 0.978523 -0.01655257
vn -0.1862236 0.8969852 -0.3978935
vn 0.202296 0.9065195 -0.3671915
vn 0.1913264 0.9799828 -0.01454473
vn -0.1984361 0.978523 -0.01655257
vn 0.202296 0.9065195 -0.3671915
vn -0.1458027 0.6788539 -0.7186754
vn -0.08305864 0.3573939 -0.9300352
vn 0.2971477 0.4110454 -0.8613881
vn 0.2971477 0.4110454 -0.8613881
vn -0.08305864 0.3573939 -0.9300352
vn 0.3671218 0.06442159 -0.9277245
vn -0.1807096 0.9110526 0.3673037
vn -0.1984361 0.978523 -0.01655257
vn 0.1913264 0.9799828 -0.01454473
vn 0.208056 0.9159019 0.339698
vn -0.1807096 0.9110526 0.3673037
vn 0.1913264 0.9799828 -0.01454473
vn -0.08305864 0.3573939 -0.9300352
vn -0.007303857 -0.01839405 -0.9998049
vn 0.3671218 0.06442159 -0.9277245
vn 0.3671218 0.06442159 -0.9277245
vn -0.007303857 -0.01839405 -0.9998049
vn 0.4385578 -0.2803257 -0.8534405
vn -0.1356459 0.7048489 0.6952636
vn -0.1807096 0.9110526 0.3673037
vn 0.208056 0.9159019 0.339698
vn 0.2499337 0.7241226 0.641571
vn -0.1356459 0.7048489 0.6952636
vn 0.208056 0.9159019 0.339698
vn -0.007303857 -0.01839405 -0.9998049
vn 0.06989751 -0.3913328 -0.9173748
vn 0.4385578 -0.2803257 -0.8534405
vn 0.4385578 -0.2803257 -0.8534405
vn 0.06989751 -0.3913328 -0.9173748
vn 0.5004441 -0.5707008 -0.6498699
vn -0.06976572 0.3913553 0.9173735
vn -0.1356459 0.7048489 0.6952636
vn 0.2499337 0.7241226 0.641571
vn 0.3111917 0.4337755 0.845145
vn -0.06976572 0.3913553 0.9173735
vn 0.2499337 0.7241226 0.641571
vn 0.06989751 -0.3913328 -0.9173748
vn 0.13661 -0.7046864 -0.6952741
vn 0.5004441 -0.5707008 -0.6498699
vn 0.5004441 -0.5707008 -0.6498699
vn 0.13661 -0.7046864 -0.6952741
vn 0.543246 -0.7625306 -0.3479983
vn 0.00729383 0.01839215 0.999805
vn -0.06976572 0.3913553 0.9173735
vn 0.3111917 0.4337755 0.845145
vn 0.3825296 0.0890519 0.9194277
vn 0.00729383 0.01839215 0.999805
vn 0.3111917 0.4337755 0.845145
vn 0.13661 -0.7046864 -0.6952741
vn 0.1825961 -0.9107364 -0.367322
vn 0.543246 -0.7625306 -0.3479983
vn 0.543246 -0.7625306 -0.3479983
vn 0.1825961 -0.9107364 -0.367322
vn 0.5604138 -0.8265806 0.006244063
vn 0.08354274 -0.3573134 0.9300302
vn 0.00729383 0.01839215 0.999805
vn 0.3825296 0.0890519 0.9194277
vn 0.4529579 -0.2575659 0.8530863
vn 0.08354274 -0.3573134 0.9300302
vn 0.3825296 0.0890519 0.9194277
vn 0.1825961 -0.9107364 -0.367322
vn 0.2007901 -0.9781272 0.01653391
vn 0.5604138 -0.8265806 0.006244063
vn 0.5604138 -0.8265806 0.006244063
vn 0.2007901 -0.9781272 0.01653391
vn 0.5492939 -0.753089 0.3588865
vn 0.1471748 -0.6786229 0.7186612
vn 0.08354274 -0.3573134 0.9300302
vn 0.4529579 -0.2575659 0.8530863
vn 0.511561 -0.5532758 0.656243
vn 0.1471748 -0.6786229 0.7186612
vn 0.4529579 -0.2575659 0.8530863
vn 0.2007901 -0.9781272 0.01653391
vn 0.1883682 -0.8966228 0.3978745
vn 0.5492939 -0.753089 0.3588865
vn 0.1883682 -0.8966228 0.3978745
vn 0.1471748 -0.6786229 0.7186612
vn 0.511561 -0.5532758 0.656243
vn 0.5492939 -0.753089 0.3588865
vn 0.1883682 -0.8966228 0.3978745
vn 0.511561 -0.5532758 0.656243
vt 0.9302375 0.8055468
vt 0.9380133 0.795827
vt 0.9350973 0.8074907
vt 0.9302375 0.8055468
vt 0.9350973 0.8074907
vt 0.9321814 0.8191544
vt 0.9273216 0.8016589
vt 0.9380133 0.795827
vt 0.9302375 0.8055468
vt 0.9273216 0.8016589
vt 0.9302375 0.8055468
vt 0.9234337 0.8152665
vt 0.9234337 0.8152665
vt 0.9302375 0.8055468
vt 0.9321814 0.8191544
vt 0.9321814 0.8191544
vt 0.9350973 0.8074907
vt 0.9419011 0.8191544
vt 0.9350973 0.8074907
vt 0.9380133 0.795827
vt 0.9399572 0.8074907
vt 0.9350973 0.8074907
vt 0.9399572 0.8074907
vt 0.9419011 0.8191544
vt 0.9176018 0.8084627
vt 0.9273216 0.8016589
vt 0.9234337 0.8152665
vt 0.9263496 0.797771
vt 0.9380133 0.795827
vt 0.9273216 0.8016589
vt 0.9263496 0.797771
vt 0.9273216 0.8016589
vt 0.9176018 0.8084627
vt 0.9419011 0.8191544
vt 0.9399572 0.8074907
vt 0.9506489 0.8162385
vt 0.9399572 0.8074907
vt 0.9380133 0.795827
vt 0.9438451 0.8055468
vt 0.9399572 0.8074907
vt 0.9438451 0.8055468
vt 0.9506489 0.8162385
vt 0.9137139 0.7997149
vt 0.9263496 0.797771
vt 0.9176018 0.8084627
vt 0.9263496 0.7929111
vt 0.9380133 0.795827
vt 0.9263496 0.797771
vt 0.9263496 0.7929111
vt 0.9263496 0.797771
vt 0.9137139 0.7997149
vt 0.9506489 0.8162385
vt 0.9438451 0.8055468
vt 0.9574527 0.8094347
vt 0.9438451 0.8055468
vt 0.9380133 0.795827
vt 0.946761 0.8026308
vt 0.9438451 0.8055468
vt 0.946761 0.8026308
vt 0.9574527 0.8094347
vt 0.9137139 0.7899952
vt 0.9263496 0.7929111
vt 0.9137139 0.7997149
vt 0.9574527 0.8094347
vt 0.946761 0.8026308
vt 0.9613406 0.8006869
vt 0.9282935 0.7890232
vt 0.9263496 0.7929111
vt 0.9137139 0.7899952
vt 0.9176018 0.7812474
vt 0.9282935 0.7890232
vt 0.9137139 0.7899952
vt 0.9282935 0.7890232
vt 0.9380133 0.795827
vt 0.9263496 0.7929111
vt 0.946761 0.8026308
vt 0.948705 0.7987429
vt 0.9613406 0.8006869
vt 0.946761 0.8026308
vt 0.9380133 0.795827
vt 0.948705 0.7987429
vt 0.9312094 0.7851353
vt 0.9380133 0.795827
vt 0.9282935 0.7890232
vt 0.9312094 0.7851353
vt 0.9282935 0.7890232
vt 0.9176018 0.7812474
vt 0.9613406 0.8006869
vt 0.948705 0.7987429
vt 0.9613406 0.7909672
vt 0.948705 0.7987429
vt 0.9380133 0.795827
vt 0.9496769 0.7938831
vt 0.948705 0.7987429
vt 0.9496769 0.7938831
vt 0.9613406 0.7909672
vt 0.9360693 0.7841634
vt 0.9380133 0.795827
vt 0.9312094 0.7851353
vt 0.9244056 0.7754155
vt 0.9312094 0.7851353
vt 0.9176018 0.7812474
vt 0.9360693 0.7841634
vt 0.9312094 0.7851353
vt 0.9244056 0.7754155
vt 0.9613406 0.7909672
vt 0.9496769 0.7938831
vt 0.9584247 0.7822194
vt 0.9496769 0.7938831
vt 0.9380133 0.795827
vt 0.947733 0.7890232
vt 0.9496769 0.7938831
vt 0.947733 0.7890232
vt 0.9584247 0.7822194
vt 0.9399572 0.7841634
vt 0.9380133 0.795827
vt 0.9360693 0.7841634
vt 0.9331534 0.7715276
vt 0.9360693 0.7841634
vt 0.9244056 0.7754155
vt 0.9399572 0.7841634
vt 0.9360693 0.7841634
vt 0.9331534 0.7715276
vt 0.9584247 0.7822194
vt 0.947733 0.7890232
vt 0.9516209 0.7754155
vt 0.947733 0.7890232
vt 0.9380133 0.795827
vt 0.9448171 0.7861073
vt 0.947733 0.7890232
vt 0.9448171 0.7861073
vt 0.9516209 0.7754155
vt 0.9448171 0.7861073
vt 0.9380133 0.795827
vt 0.9399572 0.7841634
vt 0.9448171 0.7861073
vt 0.9399572 0.7841634
vt 0.9428731 0.7715276
vt 0.9428731 0.7715276
vt 0.9399572 0.7841634
vt 0.9331534 0.7715276
vt 0.9516209 0.7754155
vt 0.9448171 0.7861073
vt 0.9428731 0.7715276
vt 0.9244056 0.7754155
vt 0.9176018 0.7812474
vt 0.9049661 0.7734716
vt 0.9176018 0.7812474
vt 0.9137139 0.7899952
vt 0.8991343 0.7880512
vt 0.9049661 0.7734716
vt 0.9176018 0.7812474
vt 0.8991343 0.7880512
vt 0.9156579 0.7627799
vt 0.9244056 0.7754155
vt 0.9049661 0.7734716
vt 0.9331534 0.7715276
vt 0.9244056 0.7754155
vt 0.9156579 0.7627799
vt 0.8991343 0.7880512
vt 0.9137139 0.7899952
vt 0.8991343 0.8026308
vt 0.9137139 0.7899952
vt 0.9137139 0.7997149
vt 0.8991343 0.8026308
vt 0.9302375 0.7569481
vt 0.9331534 0.7715276
vt 0.9156579 0.7627799
vt 0.9428731 0.7715276
vt 0.9331534 0.7715276
vt 0.9302375 0.7569481
vt 0.8991343 0.8026308
vt 0.9137139 0.7997149
vt 0.9049661 0.8172104
vt 0.9137139 0.7997149
vt 0.9176018 0.8084627
vt 0.9049661 0.8172104
vt 0.945789 0.7569481
vt 0.9428731 0.7715276
vt 0.9302375 0.7569481
vt 0.9516209 0.7754155
vt 0.9428731 0.7715276
vt 0.945789 0.7569481
vt 0.9049661 0.8172104
vt 0.9176018 0.8084627
vt 0.9156579 0.8279021
vt 0.9176018 0.8084627
vt 0.9234337 0.8152665
vt 0.9156579 0.8279021
vt 0.9593967 0.7627799
vt 0.9516209 0.7754155
vt 0.945789 0.7569481
vt 0.9584247 0.7822194
vt 0.9516209 0.7754155
vt 0.9593967 0.7627799
vt 0.9156579 0.8279021
vt 0.9234337 0.8152665
vt 0.9292655 0.833734
vt 0.9234337 0.8152665
vt 0.9321814 0.8191544
vt 0.9292655 0.833734
vt 0.9700884 0.7744436
vt 0.9584247 0.7822194
vt 0.9593967 0.7627799
vt 0.9613406 0.7909672
vt 0.9584247 0.7822194
vt 0.9700884 0.7744436
vt 0.9321814 0.8191544
vt 0.9419011 0.8191544
vt 0.9448171 0.833734
vt 0.9292655 0.833734
vt 0.9321814 0.8191544
vt 0.9448171 0.833734
vt 0.9419011 0.8191544
vt 0.9506489 0.8162385
vt 0.9593967 0.8279021
vt 0.9448171 0.833734
vt 0.9419011 0.8191544
vt 0.9593967 0.8279021
vt 0.9506489 0.8162385
vt 0.9574527 0.8094347
vt 0.9700884 0.8172104
vt 0.9593967 0.8279021
vt 0.9506489 0.8162385
vt 0.9700884 0.8172104
vt 0.9574527 0.8094347
vt 0.9613406 0.8006869
vt 0.9759203 0.8036028
vt 0.9700884 0.8172104
vt 0.9574527 0.8094347
vt 0.9759203 0.8036028
vt 0.9613406 0.8006869
vt 0.9613406 0.7909672
vt 0.9759203 0.7880512
vt 0.9759203 0.8036028
vt 0.9613406 0.8006869
vt 0.9759203 0.7880512
vt 0.9759203 0.7880512
vt 0.9613406 0.7909672
vt 0.9700884 0.7744436
vt 0.9593967 0.8279021
vt 0.9700884 0.8172104
vt 0.986612 0.8288741
vt 0.9448171 0.833734
vt 0.9593967 0.8279021
vt 0.9700884 0.8444257
vt 0.9700884 0.8444257
vt 0.9593967 0.8279021
vt 0.986612 0.8288741
vt 0.986612 0.8288741
vt 0.9700884 0.8172104
vt 0.9953597 0.8074907
vt 0.9700884 0.8172104
vt 0.9759203 0.8036028
vt 0.9953597 0.8074907
vt 0.948705 0.8531735
vt 0.9448171 0.833734
vt 0.9700884 0.8444257
vt 0.9292655 0.833734
vt 0.9448171 0.833734
vt 0.948705 0.8531735
vt 0.9953597 0.8074907
vt 0.9759203 0.8036028
vt 0.9953597 0.7841634
vt 0.9759203 0.8036028
vt 0.9759203 0.7880512
vt 0.9953597 0.7841634
vt 0.9263496 0.8531735
vt 0.9292655 0.833734
vt 0.948705 0.8531735
vt 0.9156579 0.8279021
vt 0.9292655 0.833734
vt 0.9263496 0.8531735
vt 0.9953597 0.7841634
vt 0.9759203 0.7880512
vt 0.986612 0.7627799
vt 0.9759203 0.7880512
vt 0.9700884 0.7744436
vt 0.986612 0.7627799
vt 0.9049661 0.8444257
vt 0.9156579 0.8279021
vt 0.9263496 0.8531735
vt 0.9049661 0.8172104
vt 0.9156579 0.8279021
vt 0.9049661 0.8444257
vt 0.986612 0.7627799
vt 0.9700884 0.7744436
vt 0.9700884 0.7462564
vt 0.9700884 0.7744436
vt 0.9593967 0.7627799
vt 0.9700884 0.7462564
vt 0.8884426 0.8288741
vt 0.9049661 0.8172104
vt 0.9049661 0.8444257
vt 0.8991343 0.8026308
vt 0.9049661 0.8172104
vt 0.8884426 0.8288741
vt 0.9700884 0.7462564
vt 0.9593967 0.7627799
vt 0.948705 0.7375086
vt 0.9593967 0.7627799
vt 0.945789 0.7569481
vt 0.948705 0.7375086
vt 0.8796948 0.8074907
vt 0.8991343 0.8026308
vt 0.8884426 0.8288741
vt 0.8991343 0.7880512
vt 0.8991343 0.8026308
vt 0.8796948 0.8074907
vt 0.948705 0.7375086
vt 0.945789 0.7569481
vt 0.9263496 0.7375086
vt 0.945789 0.7569481
vt 0.9302375 0.7569481
vt 0.9263496 0.7375086
vt 0.8796948 0.7841634
vt 0.8991343 0.7880512
vt 0.8796948 0.8074907
vt 0.9049661 0.7734716
vt 0.8991343 0.7880512
vt 0.8796948 0.7841634
vt 0.9263496 0.7375086
vt 0.9302375 0.7569481
vt 0.9049661 0.7462564
vt 0.9302375 0.7569481
vt 0.9156579 0.7627799
vt 0.9049661 0.7462564
vt 0.8884426 0.7627799
vt 0.9049661 0.7734716
vt 0.8796948 0.7841634
vt 0.9156579 0.7627799
vt 0.9049661 0.7734716
vt 0.8884426 0.7627799
vt 0.9049661 0.7462564
vt 0.9156579 0.7627799
vt 0.8884426 0.7627799
vt 0.9525928 0.945511
vt 0.9448171 0.9532868
vt 0.9370413 0.9416231
vt 0.9370413 0.9416231
vt 0.9448171 0.9532868
vt 0.9321814 0.9425951
vt 0.9448171 0.9532868
vt 0.9350973 0.9571747
vt 0.9321814 0.9425951
vt 0.9409292 0.9377352
vt 0.9525928 0.945511
vt 0.9370413 0.9416231
vt 0.9321814 0.9425951
vt 0.9350973 0.9571747
vt 0.9263496 0.9425951
vt 0.9574527 0.9357913
vt 0.9525928 0.945511
vt 0.9409292 0.9377352
vt 0.9350973 0.9571747
vt 0.9234337 0.9571747
vt 0.9263496 0.9425951
vt 0.9428731 0.9328753
vt 0.9574527 0.9357913
vt 0.9409292 0.9377352
vt 0.9263496 0.9425951
vt 0.9234337 0.9571747
vt 0.9214897 0.9406511
vt 0.9574527 0.9241276
vt 0.9574527 0.9357913
vt 0.9428731 0.9328753
vt 0.9234337 0.9571747
vt 0.9137139 0.9523148
vt 0.9214897 0.9406511
vt 0.9438451 0.9270435
vt 0.9574527 0.9241276
vt 0.9428731 0.9328753
vt 0.9214897 0.9406511
vt 0.9137139 0.9523148
vt 0.9176018 0.9367632
vt 0.9535648 0.9144078
vt 0.9574527 0.9241276
vt 0.9438451 0.9270435
vt 0.9137139 0.9523148
vt 0.9059381 0.944539
vt 0.9176018 0.9367632
vt 0.9419011 0.9221836
vt 0.9535648 0.9144078
vt 0.9438451 0.9270435
vt 0.9176018 0.9367632
vt 0.9059381 0.944539
vt 0.9166299 0.9319034
vt 0.945789 0.9066321
vt 0.9535648 0.9144078
vt 0.9419011 0.9221836
vt 0.9059381 0.944539
vt 0.9020502 0.9348193
vt 0.9166299 0.9319034
vt 0.9380133 0.9182957
vt 0.945789 0.9066321
vt 0.9419011 0.9221836
vt 0.9166299 0.9319034
vt 0.9020502 0.9348193
vt 0.9166299 0.9260715
vt 0.9360693 0.9017721
vt 0.945789 0.9066321
vt 0.9380133 0.9182957
vt 0.9020502 0.9348193
vt 0.9020502 0.9231556
vt 0.9166299 0.9260715
vt 0.9166299 0.9260715
vt 0.9020502 0.9231556
vt 0.9185738 0.9212117
vt 0.9331534 0.9163518
vt 0.9360693 0.9017721
vt 0.9380133 0.9182957
vt 0.9020502 0.9231556
vt 0.9069101 0.9134359
vt 0.9185738 0.9212117
vt 0.9185738 0.9212117
vt 0.9069101 0.9134359
vt 0.9224617 0.9173238
vt 0.9244056 0.9017721
vt 0.9360693 0.9017721
vt 0.9331534 0.9163518
vt 0.9069101 0.9134359
vt 0.9146859 0.9056601
vt 0.9224617 0.9173238
vt 0.9224617 0.9173238
vt 0.9146859 0.9056601
vt 0.9273216 0.9163518
vt 0.9273216 0.9163518
vt 0.9244056 0.9017721
vt 0.9331534 0.9163518
vt 0.9146859 0.9056601
vt 0.9244056 0.9017721
vt 0.9273216 0.9163518
vt 0.9020502 0.9348193
vt 0.8845547 0.9377352
vt 0.9020502 0.9231556
vt 0.9059381 0.944539
vt 0.8913585 0.9542587
vt 0.9020502 0.9348193
vt 0.8913585 0.9542587
vt 0.8845547 0.9377352
vt 0.9020502 0.9348193
vt 0.8845547 0.9377352
vt 0.8855267 0.9202397
vt 0.9020502 0.9231556
vt 0.9020502 0.9231556
vt 0.8855267 0.9202397
vt 0.9069101 0.9134359
vt 0.9039941 0.9668944
vt 0.8913585 0.9542587
vt 0.9059381 0.944539
vt 0.9137139 0.9523148
vt 0.9039941 0.9668944
vt 0.9059381 0.944539
vt 0.8855267 0.9202397
vt 0.8923305 0.9037161
vt 0.9069101 0.9134359
vt 0.9069101 0.9134359
vt 0.8923305 0.9037161
vt 0.9146859 0.9056601
vt 0.9205177 0.9736983
vt 0.9039941 0.9668944
vt 0.9137139 0.9523148
vt 0.9234337 0.9571747
vt 0.9205177 0.9736983
vt 0.9137139 0.9523148
vt 0.8923305 0.9037161
vt 0.9049661 0.8910804
vt 0.9146859 0.9056601
vt 0.9146859 0.9056601
vt 0.9049661 0.8910804
vt 0.9244056 0.9017721
vt 0.9380133 0.9746702
vt 0.9205177 0.9736983
vt 0.9234337 0.9571747
vt 0.9350973 0.9571747
vt 0.9380133 0.9746702
vt 0.9234337 0.9571747
vt 0.9049661 0.8910804
vt 0.9214897 0.8842766
vt 0.9244056 0.9017721
vt 0.9244056 0.9017721
vt 0.9214897 0.8842766
vt 0.9360693 0.9017721
vt 0.9545368 0.9678664
vt 0.9380133 0.9746702
vt 0.9350973 0.9571747
vt 0.9448171 0.9532868
vt 0.9545368 0.9678664
vt 0.9350973 0.9571747
vt 0.9214897 0.8842766
vt 0.9389852 0.8852486
vt 0.9360693 0.9017721
vt 0.9360693 0.9017721
vt 0.9389852 0.8852486
vt 0.945789 0.9066321
vt 0.9525928 0.945511
vt 0.9671724 0.9552307
vt 0.9448171 0.9532868
vt 0.9671724 0.9552307
vt 0.9545368 0.9678664
vt 0.9448171 0.9532868
vt 0.9574527 0.9357913
vt 0.9739763 0.9387072
vt 0.9525928 0.945511
vt 0.9739763 0.9387072
vt 0.9671724 0.9552307
vt 0.9525928 0.945511
vt 0.9574527 0.9241276
vt 0.9749483 0.9212117
vt 0.9574527 0.9357913
vt 0.9749483 0.9212117
vt 0.9739763 0.9387072
vt 0.9574527 0.9357913
vt 0.9535648 0.9144078
vt 0.9681444 0.9046881
vt 0.9574527 0.9241276
vt 0.9681444 0.9046881
vt 0.9749483 0.9212117
vt 0.9574527 0.9241276
vt 0.945789 0.9066321
vt 0.9555088 0.8920524
vt 0.9535648 0.9144078
vt 0.9555088 0.8920524
vt 0.9681444 0.9046881
vt 0.9535648 0.9144078
vt 0.9389852 0.8852486
vt 0.9555088 0.8920524
vt 0.945789 0.9066321
vt 0.9749483 0.9212117
vt 0.9973037 0.9163518
vt 0.9739763 0.9387072
vt 0.9739763 0.9387072
vt 0.9973037 0.9425951
vt 0.9671724 0.9552307
vt 0.9973037 0.9163518
vt 0.9973037 0.9425951
vt 0.9739763 0.9387072
vt 0.986612 0.8910804
vt 0.9973037 0.9163518
vt 0.9749483 0.9212117
vt 0.9681444 0.9046881
vt 0.986612 0.8910804
vt 0.9749483 0.9212117
vt 0.9973037 0.9425951
vt 0.986612 0.9678664
vt 0.9671724 0.9552307
vt 0.9671724 0.9552307
vt 0.986612 0.9678664
vt 0.9545368 0.9678664
vt 0.9681444 0.872613
vt 0.986612 0.8910804
vt 0.9681444 0.9046881
vt 0.9555088 0.8920524
vt 0.9681444 0.872613
vt 0.9681444 0.9046881
vt 0.986612 0.9678664
vt 0.9681444 0.9863339
vt 0.9545368 0.9678664
vt 0.9545368 0.9678664
vt 0.9681444 0.9863339
vt 0.9380133 0.9746702
vt 0.9428731 0.8619213
vt 0.9681444 0.872613
vt 0.9555088 0.8920524
vt 0.9389852 0.8852486
vt 0.9428731 0.8619213
vt 0.9555088 0.8920524
vt 0.9681444 0.9863339
vt 0.9428731 0.9970256
vt 0.9380133 0.9746702
vt 0.9380133 0.9746702
vt 0.9428731 0.9970256
vt 0.9205177 0.9736983
vt 0.9166299 0.8619213
vt 0.9428731 0.8619213
vt 0.9389852 0.8852486
vt 0.9214897 0.8842766
vt 0.9166299 0.8619213
vt 0.9389852 0.8852486
vt 0.9428731 0.9970256
vt 0.9166299 0.9970256
vt 0.9205177 0.9736983
vt 0.9205177 0.9736983
vt 0.9166299 0.9970256
vt 0.9039941 0.9668944
vt 0.8913585 0.872613
vt 0.9166299 0.8619213
vt 0.9214897 0.8842766
vt 0.9049661 0.8910804
vt 0.8913585 0.872613
vt 0.9214897 0.8842766
vt 0.9166299 0.9970256
vt 0.8913585 0.9863339
vt 0.9039941 0.9668944
vt 0.9039941 0.9668944
vt 0.8913585 0.9863339
vt 0.8913585 0.9542587
vt 0.872891 0.8910804
vt 0.8913585 0.872613
vt 0.9049661 0.8910804
vt 0.8923305 0.9037161
vt 0.872891 0.8910804
vt 0.9049661 0.8910804
vt 0.8913585 0.9863339
vt 0.872891 0.9678664
vt 0.8913585 0.9542587
vt 0.8913585 0.9542587
vt 0.872891 0.9678664
vt 0.8845547 0.9377352
vt 0.8621993 0.9163518
vt 0.872891 0.8910804
vt 0.8923305 0.9037161
vt 0.8855267 0.9202397
vt 0.8621993 0.9163518
vt 0.8923305 0.9037161
vt 0.872891 0.9678664
vt 0.8621993 0.9425951
vt 0.8845547 0.9377352
vt 0.8621993 0.9425951
vt 0.8621993 0.9163518
vt 0.8855267 0.9202397
vt 0.8845547 0.9377352
vt 0.8621993 0.9425951
vt 0.8855267 0.9202397
usemtl Material
f 3/3/3 2/2/2 1/1/1
f 6/6/6 5/5/5 4/4/4
f 9/9/9 8/8/8 7/7/7
f 12/12/12 11/11/11 10/10/10
f 15/15/15 14/14/14 13/13/13
f 18/18/18 17/17/17 16/16/16
f 21/21/21 20/20/20 19/19/19
f 24/24/24 23/23/23 22/22/22
f 27/27/27 26/26/26 25/25/25
f 30/30/30 29/29/29 28/28/28
f 33/33/33 32/32/32 31/31/31
f 36/36/36 35/35/35 34/34/34
f 39/39/39 38/38/38 37/37/37
f 42/42/42 41/41/41 40/40/40
f 45/45/45 44/44/44 43/43/43
f 48/48/48 47/47/47 46/46/46
f 51/51/51 50/50/50 49/49/49
f 54/54/54 53/53/53 52/52/52
f 57/57/57 56/56/56 55/55/55
f 60/60/60 59/59/59 58/58/58
f 63/63/63 62/62/62 61/61/61
f 66/66/66 65/65/65 64/64/64
f 69/69/69 68/68/68 67/67/67
f 72/72/72 71/71/71 70/70/70
f 75/75/75 74/74/74 73/73/73
f 78/78/78 77/77/77 76/76/76
f 81/81/81 80/80/80 79/79/79
f 84/84/84 83/83/83 82/82/82
f 87/87/87 86/86/86 85/85/85
f 90/90/90 89/89/89 88/88/88
f 93/93/93 92/92/92 91/91/91
f 96/96/96 95/95/95 94/94/94
f 99/99/99 98/98/98 97/97/97
f 102/102/102 101/101/101 100/100/100
f 105/105/105 104/104/104 103/103/103
f 108/108/108 107/107/107 106/106/106
f 111/111/111 110/110/110 109/109/109
f 114/114/114 113/113/113 112/112/112
f 117/117/117 116/116/116 115/115/115
f 120/120/120 119/119/119 118/118/118
f 123/123/123 122/122/122 121/121/121
f 126/126/126 125/125/125 124/124/124
f 129/129/129 128/128/128 127/127/127
f 132/132/132 131/131/131 130/130/130
f 135/135/135 134/134/134 133/133/133
f 138/138/138 137/137/137 136/136/136
f 141/141/141 140/140/140 139/139/139
f 144/144/144 143/143/143 142/142/142
f 147/147/147 146/146/146 145/145/145
f 150/150/150 149/149/149 148/148/148
f 153/153/153 152/152/152 151/151/151
f 156/156/156 155/155/155 154/154/154
f 159/159/159 158/158/158 157/157/157
f 162/162/162 161/161/161 160/160/160
f 165/165/165 164/164/164 163/163/163
f 168/168/168 167/167/167 166/166/166
f 171/171/171 170/170/170 169/169/169
f 174/174/174 173/173/173 172/172/172
f 177/177/177 176/176/176 175/175/175
f 180/180/180 179/179/179 178/178/178
f 183/183/183 182/182/182 181/181/181
f 186/186/186 185/185/185 184/184/184
f 189/189/189 188/188/188 187/187/187
f 192/192/192 191/191/191 190/190/190
f 195/195/195 194/194/194 193/193/193
f 198/198/198 197/197/197 196/196/196
f 201/201/201 200/200/200 199/199/199
f 204/204/204 203/203/203 202/202/202
f 207/207/207 206/206/206 205/205/205
f 210/210/210 209/209/209 208/208/208
f 213/213/213 212/212/212 211/211/211
f 216/216/216 215/215/215 214/214/214
f 219/219/219 218/218/218 217/217/217
f 222/222/222 221/221/221 220/220/220
f 225/225/225 224/224/224 223/223/223
f 228/228/228 227/227/227 226/226/226
f 231/231/231 230/230/230 229/229/229
f 234/234/234 233/233/233 232/232/232
f 237/237/237 236/236/236 235/235/235
f 240/240/240 239/239/239 238/238/238
f 243/243/243 242/242/242 241/241/241
f 246/246/246 245/245/245 244/244/244
f 249/249/249 248/248/248 247/247/247
f 252/252/252 251/251/251 250/250/250
f 255/255/255 254/254/254 253/253/253
f 258/258/258 257/257/257 256/256/256
f 261/261/261 260/260/260 259/259/259
f 264/264/264 263/263/263 262/262/262
f 267/267/267 266/266/266 265/265/265
f 270/270/270 269/269/269 268/268/268
f 273/273/273 272/272/272 271/271/271
f 276/276/276 275/275/275 274/274/274
f 279/279/279 278/278/278 277/277/277
f 282/282/282 281/281/281 280/280/280
f 285/285/285 284/284/284 283/283/283
f 288/288/288 287/287/287 286/286/286
f 291/291/291 290/290/290 289/289/289
f 294/294/294 293/293/293 292/292/292
f 297/297/297 296/296/296 295/295/295
f 300/300/300 299/299/299 298/298/298
f 303/303/303 302/302/302 301/301/301
f 306/306/306 305/305/305 304/304/304
f 309/309/309 308/308/308 307/307/307
f 312/312/312 311/311/311 310/310/310
f 315/315/315 314/314/314 313/313/313
f 318/318/318 317/317/317 316/316/316
f 321/321/321 320/320/320 319/319/319
f 324/324/324 323/323/323 322/322/322
f 327/327/327 326/326/326 325/325/325
f 330/330/330 329/329/329 328/328/328
f 333/333/333 332/332/332 331/331/331
f 336/336/336 335/335/335 334/334/334
f 339/339/339 338/338/338 337/337/337
f 342/342/342 341/341/341 340/340/340
f 345/345/345 344/344/344 343/343/343
f 348/348/348 347/347/347 346/346/346
f 351/351/351 350/350/350 349/349/349
f 354/354/354 353/353/353 352/352/352
f 357/357/357 356/356/356 355/355/355
f 360/360/360 359/359/359 358/358/358
f 363/363/363 362/362/362 361/361/361
f 366/366/366 365/365/365 364/364/364
f 369/369/369 368/368/368 367/367/367
f 372/372/372 371/371/371 370/370/370
f 375/375/375 374/374/374 373/373/373
f 378/378/378 377/377/377 376/376/376
f 381/381/381 380/380/380 379/379/379
f 384/384/384 383/383/383 382/382/382
f 387/387/387 386/386/386 385/385/385
f 390/390/390 389/389/389 388/388/388
f 393/393/393 392/392/392 391/391/391
f 396/396/396 395/395/395 394/394/394
f 399/399/399 398/398/398 397/397/397
f 402/402/402 401/401/401 400/400/400
f 405/405/405 404/404/404 403/403/403
f 408/408/408 407/407/407 406/406/406
f 411/411/411 410/410/410 409/409/409
f 414/414/414 413/413/413 412/412/412
f 417/417/417 416/416/416 415/415/415
f 420/420/420 419/419/419 418/418/418
f 423/423/423 422/422/422 421/421/421
f 426/426/426 425/425/425 424/424/424
f 429/429/429 428/428/428 427/427/427
f 432/432/432 431/431/431 430/430/430
f 435/435/435 434/434/434 433/433/433
f 438/438/438 437/437/437 436/436/436
f 441/441/441 440/440/440 439/439/439
f 444/444/444 443/443/443 442/442/442
f 447/447/447 446/446/446 445/445/445
f 450/450/450 449/449/449 448/448/448
f 453/453/453 452/452/452 451/451/451
f 456/456/456 455/455/455 454/454/454
f 459/459/459 458/458/458 457/457/457
f 462/462/462 461/461/461 460/460/460
f 465/465/465 464/464/464 463/463/463
f 468/468/468 467/467/467 466/466/466
f 471/471/471 470/470/470 469/469/469
f 474/474/474 473/473/473 472/472/472
f 477/477/477 476/476/476 475/475/475
f 480/480/480 479/479/479 478/478/478
f 483/483/483 482/482/482 481/481/481
f 486/486/486 485/485/485 484/484/484
f 489/489/489 488/488/488 487/487/487
f 492/492/492 491/491/491 490/490/490
f 495/495/495 494/494/494 493/493/493
f 498/498/498 497/497/497 496/496/496
f 501/501/501 500/500/500 499/499/499
f 504/504/504 503/503/503 502/502/502
f 507/507/507 506/506/506 505/505/505
f 510/510/510 509/509/509 508/508/508
f 513/513/513 512/512/512 511/511/511
f 516/516/516 515/515/515 514/514/514
f 519/519/519 518/518/518 517/517/517
f 522/522/522 521/521/521 520/520/520
f 525/525/525 524/524/524 523/523/523
f 528/528/528 527/527/527 526/526/526
f 531/531/531 530/530/530 529/529/529
f 534/534/534 533/533/533 532/532/532
f 537/537/537 536/536/536 535/535/535
f 540/540/540 539/539/539 538/538/538
f 543/543/543 542/542/542 541/541/541
f 546/546/546 545/545/545 544/544/544
f 549/549/549 548/548/548 547/547/547
f 552/552/552 551/551/551 550/550/550
f 555/555/555 554/554/554 553/553/553
f 558/558/558 557/557/557 556/556/556
f 561/561/561 560/560/560 559/559/559
f 564/564/564 563/563/563 562/562/562
f 567/567/567 566/566/566 565/565/565
f 570/570/570 569/569/569 568/568/568
f 573/573/573 572/572/572 571/571/571
f 576/576/576 575/575/575 574/574/574
f 579/579/579 578/578/578 577/577/577
f 582/582/582 581/581/581 580/580/580
f 585/585/585 584/584/584 583/583/583
f 588/588/588 587/587/587 586/586/586
f 591/591/591 590/590/590 589/589/589
f 594/594/594 593/593/593 592/592/592
f 597/597/597 596/596/596 595/595/595
f 600/600/600 599/599/599 598/598/598
f 603/603/603 602/602/602 601/601/601
f 606/606/606 605/605/605 604/604/604
f 609/609/609 608/608/608 607/607/607
f 612/612/612 611/611/611 610/610/610
f 615/615/615 614/614/614 613/613/613
f 618/618/618 617/617/617 616/616/616
f 621/621/621 620/620/620 619/619/619
f 624/624/624 623/623/623 622/622/622
o Object_13
v 0.03140504 0.3082449 0.0429945
v 0.03171425 0.3065819 0.04053941
v 0.03429236 0.3017358 0.04602289
v 0.03171425 0.3065819 0.04053941
v 0.03219039 0.3041336 0.03892109
v 0.03429236 0.3017358 0.04602289
v 0.03130877 0.3088694 0.0459134
v 0.03140504 0.3082449 0.0429945
v 0.03429236 0.3017358 0.04602289
v 0.03219039 0.3041336 0.03892109
v 0.03276245 0.3012716 0.03838718
v 0.03429236 0.3017358 0.04602289
v 0.0314394 0.3083619 0.04885086
v 0.03130877 0.3088694 0.0459134
v 0.03429236 0.3017358 0.04602289
v 0.03276245 0.3012716 0.03838718
v 0.03334393 0.2984304 0.03901762
v 0.03429236 0.3017358 0.04602289
v 0.03177792 0.3067981 0.05136061
v 0.0314394 0.3083619 0.04885086
v 0.03429236 0.3017358 0.04602289
v 0.03334393 0.2984304 0.03901762
v 0.03384547 0.2960441 0.04071778
v 0.03429236 0.3017358 0.04602289
v 0.03227454 0.3044156 0.05306074
v 0.03177792 0.3067981 0.05136061
v 0.03429236 0.3017358 0.04602289
v 0.03384547 0.2960441 0.04071778
v 0.03418992 0.2944759 0.04322755
v 0.03429236 0.3017358 0.04602289
v 0.03285468 0.3015763 0.05369115
v 0.03227454 0.3044156 0.05306074
v 0.03429236 0.3017358 0.04602289
v 0.03418992 0.2944759 0.04322755
v 0.03432363 0.2939664 0.04616567
v 0.03429236 0.3017358 0.04602289
v 0.03343002 0.2987117 0.05315727
v 0.03285468 0.3015763 0.05369115
v 0.03429236 0.3017358 0.04602289
v 0.03432363 0.2939664 0.04616567
v 0.03422607 0.2945922 0.04908395
v 0.03429236 0.3017358 0.04602289
v 0.03391191 0.2962592 0.051539
v 0.03343002 0.2987117 0.05315727
v 0.03429236 0.3017358 0.04602289
v 0.03422607 0.2945922 0.04908395
v 0.03391191 0.2962592 0.051539
v 0.03429236 0.3017358 0.04602289
vn 0.9228276 0.3713692 -0.08823639
vn 0.9308236 0.3288988 -0.1508128
vn 0.9782202 0.2007362 -0.01082905
vn 0.9308236 0.3288988 -0.1508128
vn 0.9431849 0.2663111 -0.1920301
vn 0.9782202 0.2007362 -0.01082905
vn 0.9203886 0.3872856 -0.01384073
vn 0.9228276 0.3713692 -0.08823639
vn 0.9782202 0.2007362 -0.01082905
vn 0.9431849 0.2663111 -0.1920301
vn 0.9580321 0.1931345 -0.2056484
vn 0.9782202 0.2007362 -0.01082905
vn 0.9238868 0.3741981 0.0610432
vn 0.9203886 0.3872856 -0.01384073
vn 0.9782202 0.2007362 -0.01082905
vn 0.9580321 0.1931345 -0.2056484
vn 0.9731165 0.1205056 -0.1895618
vn 0.9782202 0.2007362 -0.01082905
vn 0.9327869 0.3341281 0.1250163
vn 0.9238868 0.3741981 0.0610432
vn 0.9782202 0.2007362 -0.01082905
vn 0.9731165 0.1205056 -0.1895618
vn 0.9861311 0.0594864 -0.1462518
vn 0.9782202 0.2007362 -0.01082905
vn 0.9457645 0.2731362 0.1683282
vn 0.9327869 0.3341281 0.1250163
vn 0.9782202 0.2007362 -0.01082905
vn 0.9861311 0.0594864 -0.1462518
vn 0.9950913 0.01938593 -0.08228114
vn 0.9782202 0.2007362 -0.01082905
vn 0.9608424 0.200514 0.1844135
vn 0.9457645 0.2731362 0.1683282
vn 0.9782202 0.2007362 -0.01082905
vn 0.9950913 0.01938593 -0.08228114
vn 0.9986228 0.006282331 -0.007399795
vn 0.9782202 0.2007362 -0.01082905
vn 0.9757282 0.1273165 0.1707897
vn 0.9608424 0.200514 0.1844135
vn 0.9782202 0.2007362 -0.01082905
vn 0.9986228 0.006282331 -0.007399795
vn 0.9961814 0.02220547 0.06698883
vn 0.9782202 0.2007362 -0.01082905
vn 0.9881397 0.06469549 0.1295645
vn 0.9757282 0.1273165 0.1707897
vn 0.9782202 0.2007362 -0.01082905
vn 0.9961814 0.02220547 0.06698883
vn 0.9881397 0.06469549 0.1295645
vn 0.9782202 0.2007362 -0.01082905
vt 0.9438451 0.9270435
vt 0.9428731 0.9328753
vt 0.9302375 0.9299594
vt 0.9428731 0.9328753
vt 0.9409292 0.9377352
vt 0.9302375 0.9299594
vt 0.9419011 0.9221836
vt 0.9438451 0.9270435
vt 0.9302375 0.9299594
vt 0.9409292 0.9377352
vt 0.9370413 0.9416231
vt 0.9302375 0.9299594
vt 0.9380133 0.9182957
vt 0.9419011 0.9221836
vt 0.9302375 0.9299594
vt 0.9370413 0.9416231
vt 0.9321814 0.9425951
vt 0.9302375 0.9299594
vt 0.9331534 0.9163518
vt 0.9380133 0.9182957
vt 0.9302375 0.9299594
vt 0.9321814 0.9425951
vt 0.9263496 0.9425951
vt 0.9302375 0.9299594
vt 0.9273216 0.9163518
vt 0.9331534 0.9163518
vt 0.9302375 0.9299594
vt 0.9263496 0.9425951
vt 0.9214897 0.9406511
vt 0.9302375 0.9299594
vt 0.9224617 0.9173238
vt 0.9273216 0.9163518
vt 0.9302375 0.9299594
vt 0.9214897 0.9406511
vt 0.9176018 0.9367632
vt 0.9302375 0.9299594
vt 0.9185738 0.9212117
vt 0.9224617 0.9173238
vt 0.9302375 0.9299594
vt 0.9176018 0.9367632
vt 0.9166299 0.9319034
vt 0.9302375 0.9299594
vt 0.9166299 0.9260715
vt 0.9185738 0.9212117
vt 0.9302375 0.9299594
vt 0.9166299 0.9319034
vt 0.9166299 0.9260715
vt 0.9302375 0.9299594
usemtl Material 1
f 627/627/627 626/626/626 625/625/625
f 630/630/630 629/629/629 628/628/628
f 633/633/633 632/632/632 631/631/631
f 636/636/636 635/635/635 634/634/634
f 639/639/639 638/638/638 637/637/637
f 642/642/642 641/641/641 640/640/640
f 645/645/645 644/644/644 643/643/643
f 648/648/648 647/647/647 646/646/646
f 651/651/651 650/650/650 649/649/649
f 654/654/654 653/653/653 652/652/652
f 657/657/657 656/656/656 655/655/655
f 660/660/660 659/659/659 658/658/658
f 663/663/663 662/662/662 661/661/661
f 666/666/666 665/665/665 664/664/664
f 669/669/669 668/668/668 667/667/667
f 672/672/672 671/671/671 670/670/670
o Object_7
v -0.005318542 0.2997665 -0.03966779
v -0.005323219 0.2920069 -0.03952494
v -0.005228196 0.2991461 -0.04258671
v -0.005318542 0.2997665 -0.03966779
v -0.005228196 0.2991461 -0.04258671
v -0.00215911 0.305799 -0.04521498
v -0.005184639 0.2992532 -0.0367302
v -0.005323219 0.2920069 -0.03952494
v -0.005318542 0.2997665 -0.03966779
v -0.005184639 0.2992532 -0.0367302
v -0.005318542 0.2997665 -0.03966779
v -0.002324207 0.3069452 -0.03982174
v -0.002324207 0.3069452 -0.03982174
v -0.005318542 0.2997665 -0.03966779
v -0.00215911 0.305799 -0.04521498
v -0.00215911 0.305799 -0.04521498
v -0.005228196 0.2991461 -0.04258671
v -0.001609349 0.3027347 -0.04975158
v -0.005228196 0.2991461 -0.04258671
v -0.005323219 0.2920069 -0.03952494
v -0.004926959 0.2974851 -0.04504177
v -0.005228196 0.2991461 -0.04258671
v -0.004926959 0.2974851 -0.04504177
v -0.001609349 0.3027347 -0.04975158
v -0.002079138 0.3059974 -0.03439355
v -0.005184639 0.2992532 -0.0367302
v -0.002324207 0.3069452 -0.03982174
v -0.004845802 0.2976826 -0.03422034
v -0.005323219 0.2920069 -0.03952494
v -0.005184639 0.2992532 -0.0367302
v -0.004845802 0.2976826 -0.03422034
v -0.005184639 0.2992532 -0.0367302
v -0.002079138 0.3059974 -0.03439355
v -0.001609349 0.3027347 -0.04975158
v -0.004926959 0.2974851 -0.04504177
v -0.0007557511 0.2982193 -0.05274117
v -0.004926959 0.2974851 -0.04504177
v -0.005323219 0.2920069 -0.03952494
v -0.004459873 0.2950376 -0.04666004
v -0.004926959 0.2974851 -0.04504177
v -0.004459873 0.2950376 -0.04666004
v -0.0007557511 0.2982193 -0.05274117
v -0.001458707 0.303099 -0.02975577
v -0.004845802 0.2976826 -0.03422034
v -0.002079138 0.3059974 -0.03439355
v -0.004352625 0.2952945 -0.03252009
v -0.005323219 0.2920069 -0.03952494
v -0.004845802 0.2976826 -0.03422034
v -0.004352625 0.2952945 -0.03252009
v -0.004845802 0.2976826 -0.03422034
v -0.001458707 0.303099 -0.02975577
v -0.0007557511 0.2982193 -0.05274117
v -0.004459873 0.2950376 -0.04666004
v 0.000279485 0.2929361 -0.05372837
v -0.004459873 0.2950376 -0.04666004
v -0.005323219 0.2920069 -0.03952494
v -0.003896372 0.292175 -0.04719388
v -0.004459873 0.2950376 -0.04666004
v -0.003896372 0.292175 -0.04719388
v 0.000279485 0.2929361 -0.05372837
v -0.0005539024 0.2986908 -0.02661481
v -0.004352625 0.2952945 -0.03252009
v -0.001458707 0.303099 -0.02975577
v 0.000279485 0.2929361 -0.05372837
v -0.003896372 0.292175 -0.04719388
v 0.001346283 0.2876816 -0.05256259
v -0.003778122 0.2924505 -0.03188956
v -0.004352625 0.2952945 -0.03252009
v -0.0005539024 0.2986908 -0.02661481
v 0.0005058658 0.2934383 -0.02544898
v -0.003778122 0.2924505 -0.03188956
v -0.0005539024 0.2986908 -0.02661481
v -0.003778122 0.2924505 -0.03188956
v -0.005323219 0.2920069 -0.03952494
v -0.004352625 0.2952945 -0.03252009
v -0.003896372 0.292175 -0.04719388
v -0.003321071 0.2893315 -0.04656336
v 0.001346283 0.2876816 -0.05256259
v -0.003896372 0.292175 -0.04719388
v -0.005323219 0.2920069 -0.03952494
v -0.003321071 0.2893315 -0.04656336
v -0.00321033 0.289585 -0.03242338
v -0.005323219 0.2920069 -0.03952494
v -0.003778122 0.2924505 -0.03188956
v -0.00321033 0.289585 -0.03242338
v -0.003778122 0.2924505 -0.03188956
v 0.0005058658 0.2934383 -0.02544898
v 0.001346283 0.2876816 -0.05256259
v -0.003321071 0.2893315 -0.04656336
v 0.002274426 0.2832611 -0.04942158
v -0.003321071 0.2893315 -0.04656336
v -0.005323219 0.2920069 -0.03952494
v -0.002821813 0.2869404 -0.04486308
v -0.003321071 0.2893315 -0.04656336
v -0.002821813 0.2869404 -0.04486308
v 0.002274426 0.2832611 -0.04942158
v -0.002736534 0.2871338 -0.03404161
v -0.005323219 0.2920069 -0.03952494
v -0.00321033 0.289585 -0.03242338
v 0.001556829 0.2881433 -0.02643609
v -0.00321033 0.289585 -0.03242338
v 0.0005058658 0.2934383 -0.02544898
v -0.002736534 0.2871338 -0.03404161
v -0.00321033 0.289585 -0.03242338
v 0.001556829 0.2881433 -0.02643609
v 0.002274426 0.2832611 -0.04942158
v -0.002821813 0.2869404 -0.04486308
v 0.002917216 0.2803504 -0.04478368
v -0.002821813 0.2869404 -0.04486308
v -0.005323219 0.2920069 -0.03952494
v -0.002476289 0.2853662 -0.04235321
v -0.002821813 0.2869404 -0.04486308
v -0.002476289 0.2853662 -0.04235321
v 0.002917216 0.2803504 -0.04478368
v -0.002430016 0.2854707 -0.03649667
v -0.005323219 0.2920069 -0.03952494
v -0.002736534 0.2871338 -0.03404161
v 0.002435382 0.2836137 -0.02942559
v -0.002736534 0.2871338 -0.03404161
v 0.001556829 0.2881433 -0.02643609
v -0.002430016 0.2854707 -0.03649667
v -0.002736534 0.2871338 -0.03404161
v 0.002435382 0.2836137 -0.02942559
v 0.002917216 0.2803504 -0.04478368
v -0.002476289 0.2853662 -0.04235321
v 0.003173769 0.2793949 -0.03935483
v -0.002476289 0.2853662 -0.04235321
v -0.005323219 0.2920069 -0.03952494
v -0.00233859 0.2848504 -0.039415
v -0.002476289 0.2853662 -0.04235321
v -0.00233859 0.2848504 -0.039415
v 0.003173769 0.2793949 -0.03935483
v -0.00233859 0.2848504 -0.039415
v -0.005323219 0.2920069 -0.03952494
v -0.002430016 0.2854707 -0.03649667
v -0.00233859 0.2848504 -0.039415
v -0.002430016 0.2854707 -0.03649667
v 0.00300419 0.280541 -0.03396219
v 0.00300419 0.280541 -0.03396219
v -0.002430016 0.2854707 -0.03649667
v 0.002435382 0.2836137 -0.02942559
v 0.003173769 0.2793949 -0.03935483
v -0.00233859 0.2848504 -0.039415
v 0.00300419 0.280541 -0.03396219
v 0.001556829 0.2881433 -0.02643609
v 0.0005058658 0.2934383 -0.02544898
v 0.006875683 0.2948211 -0.02118468
v 0.0005058658 0.2934383 -0.02544898
v -0.0005539024 0.2986908 -0.02661481
v 0.005495009 0.3016784 -0.02270797
v 0.006875683 0.2948211 -0.02118468
v 0.0005058658 0.2934383 -0.02544898
v 0.005495009 0.3016784 -0.02270797
v 0.008249546 0.2879051 -0.02247459
v 0.001556829 0.2881433 -0.02643609
v 0.006875683 0.2948211 -0.02118468
v 0.002435382 0.2836137 -0.02942559
v 0.001556829 0.2881433 -0.02643609
v 0.008249546 0.2879051 -0.02247459
v 0.005495009 0.3016784 -0.02270797
v -0.0005539024 0.2986908 -0.02661481
v 0.00432147 0.3074298 -0.02681121
v -0.0005539024 0.2986908 -0.02661481
v -0.001458707 0.303099 -0.02975577
v 0.00432147 0.3074298 -0.02681121
v 0.009399384 0.2819885 -0.02638006
v 0.002435382 0.2836137 -0.02942559
v 0.008249546 0.2879051 -0.02247459
v 0.00300419 0.280541 -0.03396219
v 0.002435382 0.2836137 -0.02942559
v 0.009399384 0.2819885 -0.02638006
v 0.00432147 0.3074298 -0.02681121
v -0.001458707 0.303099 -0.02975577
v 0.003516282 0.3112121 -0.03287047
v -0.001458707 0.303099 -0.02975577
v -0.002079138 0.3059974 -0.03439355
v 0.003516282 0.3112121 -0.03287047
v 0.01014447 0.2779753 -0.03230718
v 0.00300419 0.280541 -0.03396219
v 0.009399384 0.2819885 -0.02638006
v 0.003173769 0.2793949 -0.03935483
v 0.00300419 0.280541 -0.03396219
v 0.01014447 0.2779753 -0.03230718
v 0.003516282 0.3112121 -0.03287047
v -0.002079138 0.3059974 -0.03439355
v 0.003197459 0.3124497 -0.03996333
v -0.002079138 0.3059974 -0.03439355
v -0.002324207 0.3069452 -0.03982174
v 0.003197459 0.3124497 -0.03996333
v 0.01036674 0.2764786 -0.03935367
v 0.003173769 0.2793949 -0.03935483
v 0.01014447 0.2779753 -0.03230718
v 0.002917216 0.2803504 -0.04478368
v 0.003173769 0.2793949 -0.03935483
v 0.01036674 0.2764786 -0.03935367
v 0.003197459 0.3124497 -0.03996333
v -0.002324207 0.3069452 -0.03982174
v 0.003409402 0.3109548 -0.04701042
v -0.002324207 0.3069452 -0.03982174
v -0.00215911 0.305799 -0.04521498
v 0.003409402 0.3109548 -0.04701042
v 0.01003002 0.2777287 -0.04644725
v 0.002917216 0.2803504 -0.04478368
v 0.01036674 0.2764786 -0.03935367
v 0.002274426 0.2832611 -0.04942158
v 0.002917216 0.2803504 -0.04478368
v 0.01003002 0.2777287 -0.04644725
v -0.00215911 0.305799 -0.04521498
v -0.001609349 0.3027347 -0.04975158
v 0.004116924 0.3069603 -0.0529376
v 0.003409402 0.3109548 -0.04701042
v -0.00215911 0.305799 -0.04521498
v 0.004116924 0.3069603 -0.0529376
v -0.001609349 0.3027347 -0.04975158
v -0.0007557511 0.2982193 -0.05274117
v 0.005211577 0.3010802 -0.05684337
v 0.004116924 0.3069603 -0.0529376
v -0.001609349 0.3027347 -0.04975158
v 0.005211577 0.3010802 -0.05684337
v -0.0007557511 0.2982193 -0.05274117
v 0.000279485 0.2929361 -0.05372837
v 0.00656869 0.2941772 -0.05813336
v 0.005211577 0.3010802 -0.05684337
v -0.0007557511 0.2982193 -0.05274117
v 0.00656869 0.2941772 -0.05813336
v 0.000279485 0.2929361 -0.05372837
v 0.001346283 0.2876816 -0.05256259
v 0.007968459 0.2873105 -0.05661005
v 0.00656869 0.2941772 -0.05813336
v 0.000279485 0.2929361 -0.05372837
v 0.007968459 0.2873105 -0.05661005
v 0.001346283 0.2876816 -0.05256259
v 0.002274426 0.2832611 -0.04942158
v 0.009186521 0.2815331 -0.05250666
v 0.007968459 0.2873105 -0.05661005
v 0.001346283 0.2876816 -0.05256259
v 0.009186521 0.2815331 -0.05250666
v 0.009186521 0.2815331 -0.05250666
v 0.002274426 0.2832611 -0.04942158
v 0.01003002 0.2777287 -0.04644725
v 0.005211577 0.3010802 -0.05684337
v 0.00656869 0.2941772 -0.05813336
v 0.01401656 0.2957075 -0.05973846
v 0.004116924 0.3069603 -0.0529376
v 0.005211577 0.3010802 -0.05684337
v 0.0125452 0.3031757 -0.05834261
v 0.0125452 0.3031757 -0.05834261
v 0.005211577 0.3010802 -0.05684337
v 0.01401656 0.2957075 -0.05973846
v 0.01401656 0.2957075 -0.05973846
v 0.00656869 0.2941772 -0.05813336
v 0.01553628 0.2882761 -0.05809024
v 0.00656869 0.2941772 -0.05813336
v 0.007968459 0.2873105 -0.05661005
v 0.01553628 0.2882761 -0.05809024
v 0.01136871 0.3095274 -0.05411467
v 0.004116924 0.3069603 -0.0529376
v 0.0125452 0.3031757 -0.05834261
v 0.003409402 0.3109548 -0.04701042
v 0.004116924 0.3069603 -0.0529376
v 0.01136871 0.3095274 -0.05411467
v 0.01553628 0.2882761 -0.05809024
v 0.007968459 0.2873105 -0.05661005
v 0.01685832 0.282022 -0.05364853
v 0.007968459 0.2873105 -0.05661005
v 0.009186521 0.2815331 -0.05250666
v 0.01685832 0.282022 -0.05364853
v 0.01061319 0.3138398 -0.0476985
v 0.003409402 0.3109548 -0.04701042
v 0.01136871 0.3095274 -0.05411467
v 0.003197459 0.3124497 -0.03996333
v 0.003409402 0.3109548 -0.04701042
v 0.01061319 0.3138398 -0.0476985
v 0.01685832 0.282022 -0.05364853
v 0.009186521 0.2815331 -0.05250666
v 0.01777376 0.2779031 -0.0470894
v 0.009186521 0.2815331 -0.05250666
v 0.01003002 0.2777287 -0.04644725
v 0.01777376 0.2779031 -0.0470894
v 0.01038898 0.3154524 -0.0400711
v 0.003197459 0.3124497 -0.03996333
v 0.01061319 0.3138398 -0.0476985
v 0.003516282 0.3112121 -0.03287047
v 0.003197459 0.3124497 -0.03996333
v 0.01038898 0.3154524 -0.0400711
v 0.01777376 0.2779031 -0.0470894
v 0.01003002 0.2777287 -0.04644725
v 0.01813914 0.2765495 -0.03941232
v 0.01003002 0.2777287 -0.04644725
v 0.01036674 0.2764786 -0.03935367
v 0.01813914 0.2765495 -0.03941232
v 0.01073501 0.3141131 -0.03239414
v 0.003516282 0.3112121 -0.03287047
v 0.01038898 0.3154524 -0.0400711
v 0.00432147 0.3074298 -0.02681121
v 0.003516282 0.3112121 -0.03287047
v 0.01073501 0.3141131 -0.03239414
v 0.01813914 0.2765495 -0.03941232
v 0.01036674 0.2764786 -0.03935367
v 0.01789837 0.2781677 -0.03178492
v 0.01036674 0.2764786 -0.03935367
v 0.01014447 0.2779753 -0.03230718
v 0.01789837 0.2781677 -0.03178492
v 0.01160476 0.3100222 -0.02583519
v 0.00432147 0.3074298 -0.02681121
v 0.01073501 0.3141131 -0.03239414
v 0.005495009 0.3016784 -0.02270797
v 0.00432147 0.3074298 -0.02681121
v 0.01160476 0.3100222 -0.02583519
v 0.01789837 0.2781677 -0.03178492
v 0.01014447 0.2779753 -0.03230718
v 0.01709041 0.2825106 -0.02536893
v 0.01014447 0.2779753 -0.03230718
v 0.009399384 0.2819885 -0.02638006
v 0.01709041 0.2825106 -0.02536893
v 0.01287228 0.3038021 -0.02139372
v 0.005495009 0.3016784 -0.02270797
v 0.01160476 0.3100222 -0.02583519
v 0.006875683 0.2948211 -0.02118468
v 0.005495009 0.3016784 -0.02270797
v 0.01287228 0.3038021 -0.02139372
v 0.01709041 0.2825106 -0.02536893
v 0.009399384 0.2819885 -0.02638006
v 0.0158436 0.2889135 -0.02114141
v 0.009399384 0.2819885 -0.02638006
v 0.008249546 0.2879051 -0.02247459
v 0.0158436 0.2889135 -0.02114141
v 0.01435621 0.2963941 -0.01974568
v 0.006875683 0.2948211 -0.02118468
v 0.01287228 0.3038021 -0.02139372
v 0.008249546 0.2879051 -0.02247459
v 0.006875683 0.2948211 -0.02118468
v 0.01435621 0.2963941 -0.01974568
v 0.0158436 0.2889135 -0.02114141
v 0.008249546 0.2879051 -0.02247459
v 0.01435621 0.2963941 -0.01974568
v 0.02679943 0.3039803 -0.05304831
v 0.02785035 0.2986966 -0.05403563
v 0.03213098 0.2996948 -0.04759523
v 0.03213098 0.2996948 -0.04759523
v 0.02785035 0.2986966 -0.05403563
v 0.03271385 0.2968521 -0.04696476
v 0.02785035 0.2986966 -0.05403563
v 0.02892783 0.293443 -0.05286995
v 0.03271385 0.2968521 -0.04696476
v 0.03156033 0.3025549 -0.04706129
v 0.02679943 0.3039803 -0.05304831
v 0.03213098 0.2996948 -0.04759523
v 0.03271385 0.2968521 -0.04696476
v 0.02892783 0.293443 -0.05286995
v 0.03321913 0.2944612 -0.04526457
v 0.02593736 0.3084887 -0.05005854
v 0.02679943 0.3039803 -0.05304831
v 0.03156033 0.3025549 -0.04706129
v 0.02892783 0.293443 -0.05286995
v 0.02986347 0.2890228 -0.04972896
v 0.03321913 0.2944612 -0.04526457
v 0.03108889 0.3049979 -0.04544294
v 0.02593736 0.3084887 -0.05005854
v 0.03156033 0.3025549 -0.04706129
v 0.03321913 0.2944612 -0.04526457
v 0.02986347 0.2890228 -0.04972896
v 0.0335689 0.292886 -0.04275468
v 0.02539253 0.3115375 -0.04552171
v 0.02593736 0.3084887 -0.05005854
v 0.03108889 0.3049979 -0.04544294
v 0.02986347 0.2890228 -0.04972896
v 0.03051123 0.2861112 -0.04509112
v 0.0335689 0.292886 -0.04275468
v 0.03078723 0.3066528 -0.04298773
v 0.02539253 0.3115375 -0.04552171
v 0.03108889 0.3049979 -0.04544294
v 0.0335689 0.292886 -0.04275468
v 0.03051123 0.2861112 -0.04509112
v 0.03370892 0.2923682 -0.03981647
v 0.02523516 0.3126726 -0.04012829
v 0.02539253 0.3115375 -0.04552171
v 0.03078723 0.3066528 -0.04298773
v 0.03051123 0.2861112 -0.04509112
v 0.03077024 0.2851534 -0.03966287
v 0.03370892 0.2923682 -0.03981647
v 0.03069959 0.3072679 -0.04006872
v 0.02523516 0.3126726 -0.04012829
v 0.03078723 0.3066528 -0.04298773
v 0.03370892 0.2923682 -0.03981647
v 0.03077024 0.2851534 -0.03966287
v 0.03361798 0.2929856 -0.03689811
v 0.0254885 0.3117199 -0.0347001
v 0.02523516 0.3126726 -0.04012829
v 0.03069959 0.3072679 -0.04006872
v 0.03077024 0.2851534 -0.03966287
v 0.03060069 0.286296 -0.03426951
v 0.03361798 0.2929856 -0.03689811
v 0.03083831 0.3067515 -0.03713116
v 0.0254885 0.3117199 -0.0347001
v 0.03069959 0.3072679 -0.04006872
v 0.03361798 0.2929856 -0.03689811
v 0.03060069 0.286296 -0.03426951
v 0.03331016 0.294645 -0.03444296
v 0.02611644 0.3088228 -0.03006238
v 0.0254885 0.3117199 -0.0347001
v 0.03083831 0.3067515 -0.03713116
v 0.03060069 0.286296 -0.03426951
v 0.03002988 0.2893641 -0.02973282
v 0.03331016 0.294645 -0.03444296
v 0.03331016 0.294645 -0.03444296
v 0.03002988 0.2893641 -0.02973282
v 0.03283357 0.297092 -0.03282461
v 0.03118301 0.3051802 -0.0346213
v 0.02611644 0.3088228 -0.03006238
v 0.03083831 0.3067515 -0.03713116
v 0.03002988 0.2893641 -0.02973282
v 0.02914759 0.2938881 -0.0267432
v 0.03283357 0.297092 -0.03282461
v 0.03283357 0.297092 -0.03282461
v 0.02914759 0.2938881 -0.0267432
v 0.03226162 0.299954 -0.03229073
v 0.02702751 0.3044208 -0.02692157
v 0.02611644 0.3088228 -0.03006238
v 0.03118301 0.3051802 -0.0346213
v 0.02914759 0.2938881 -0.0267432
v 0.02809198 0.2991766 -0.02575594
v 0.03226162 0.299954 -0.03229073
v 0.03226162 0.299954 -0.03229073
v 0.02809198 0.2991766 -0.02575594
v 0.03168224 0.3027937 -0.03292114
v 0.03168224 0.3027937 -0.03292114
v 0.02702751 0.3044208 -0.02692157
v 0.03118301 0.3051802 -0.0346213
v 0.02809198 0.2991766 -0.02575594
v 0.02702751 0.3044208 -0.02692157
v 0.03168224 0.3027937 -0.03292114
v 0.03060069 0.286296 -0.03426951
v 0.02508135 0.2810909 -0.03247353
v 0.03002988 0.2893641 -0.02973282
v 0.03077024 0.2851534 -0.03966287
v 0.02530371 0.2795966 -0.03952008
v 0.03060069 0.286296 -0.03426951
v 0.02530371 0.2795966 -0.03952008
v 0.02508135 0.2810909 -0.03247353
v 0.03060069 0.286296 -0.03426951
v 0.02508135 0.2810909 -0.03247353
v 0.0243346 0.2851013 -0.02654636
v 0.03002988 0.2893641 -0.02973282
v 0.03002988 0.2893641 -0.02973282
v 0.0243346 0.2851013 -0.02654636
v 0.02914759 0.2938881 -0.0267432
v 0.02496546 0.2808482 -0.04661369
v 0.02530371 0.2795966 -0.03952008
v 0.03077024 0.2851534 -0.03966287
v 0.03051123 0.2861112 -0.04509112
v 0.02496546 0.2808482 -0.04661369
v 0.03077024 0.2851534 -0.03966287
v 0.0243346 0.2851013 -0.02654636
v 0.02318171 0.2910144 -0.02264079
v 0.02914759 0.2938881 -0.0267432
v 0.02914759 0.2938881 -0.0267432
v 0.02318171 0.2910144 -0.02264079
v 0.02809198 0.2991766 -0.02575594
v 0.02411884 0.2846531 -0.05267307
v 0.02496546 0.2808482 -0.04661369
v 0.03051123 0.2861112 -0.04509112
v 0.02986347 0.2890228 -0.04972896
v 0.02411884 0.2846531 -0.05267307
v 0.03051123 0.2861112 -0.04509112
v 0.02318171 0.2910144 -0.02264079
v 0.0218054 0.2979245 -0.02135077
v 0.02809198 0.2991766 -0.02575594
v 0.02809198 0.2991766 -0.02575594
v 0.0218054 0.2979245 -0.02135077
v 0.02702751 0.3044208 -0.02692157
v 0.02289599 0.2904299 -0.05677643
v 0.02411884 0.2846531 -0.05267307
v 0.02986347 0.2890228 -0.04972896
v 0.02892783 0.293443 -0.05286995
v 0.02289599 0.2904299 -0.05677643
v 0.02986347 0.2890228 -0.04972896
v 0.0218054 0.2979245 -0.02135077
v 0.0204254 0.3047717 -0.02287385
v 0.02702751 0.3044208 -0.02692157
v 0.02702751 0.3044208 -0.02692157
v 0.0204254 0.3047717 -0.02287385
v 0.02611644 0.3088228 -0.03006238
v 0.02148947 0.2972955 -0.05829969
v 0.02289599 0.2904299 -0.05677643
v 0.02892783 0.293443 -0.05286995
v 0.02785035 0.2986966 -0.05403563
v 0.02148947 0.2972955 -0.05829969
v 0.02892783 0.293443 -0.05286995
v 0.0204254 0.3047717 -0.02287385
v 0.01926388 0.3105025 -0.02697682
v 0.02611644 0.3088228 -0.03006238
v 0.02611644 0.3088228 -0.03006238
v 0.01926388 0.3105025 -0.02697682
v 0.0254885 0.3117199 -0.0347001
v 0.02679943 0.3039803 -0.05304831
v 0.02012288 0.3041971 -0.05700955
v 0.02785035 0.2986966 -0.05403563
v 0.02012288 0.3041971 -0.05700955
v 0.02148947 0.2972955 -0.05829969
v 0.02785035 0.2986966 -0.05403563
v 0.02593736 0.3084887 -0.05005854
v 0.01901438 0.3100768 -0.05310369
v 0.02679943 0.3039803 -0.05304831
v 0.01901438 0.3100768 -0.05310369
v 0.02012288 0.3041971 -0.05700955
v 0.02679943 0.3039803 -0.05304831
v 0.02539253 0.3115375 -0.04552171
v 0.01833647 0.314036 -0.04717606
v 0.02593736 0.3084887 -0.05005854
v 0.01833647 0.314036 -0.04717606
v 0.01901438 0.3100768 -0.05310369
v 0.02593736 0.3084887 -0.05005854
v 0.02523516 0.3126726 -0.04012829
v 0.01813599 0.3155184 -0.04012886
v 0.02539253 0.3115375 -0.04552171
v 0.01813599 0.3155184 -0.04012886
v 0.01833647 0.314036 -0.04717606
v 0.02539253 0.3115375 -0.04552171
v 0.0254885 0.3117199 -0.0347001
v 0.0184595 0.3142785 -0.03303599
v 0.02523516 0.3126726 -0.04012829
v 0.0184595 0.3142785 -0.03303599
v 0.01813599 0.3155184 -0.04012886
v 0.02523516 0.3126726 -0.04012829
v 0.01926388 0.3105025 -0.02697682
v 0.0184595 0.3142785 -0.03303599
v 0.0254885 0.3117199 -0.0347001
v 0.01833647 0.314036 -0.04717606
v 0.01061319 0.3138398 -0.0476985
v 0.01901438 0.3100768 -0.05310369
v 0.01901438 0.3100768 -0.05310369
v 0.01136871 0.3095274 -0.05411467
v 0.02012288 0.3041971 -0.05700955
v 0.01061319 0.3138398 -0.0476985
v 0.01136871 0.3095274 -0.05411467
v 0.01901438 0.3100768 -0.05310369
v 0.01038898 0.3154524 -0.0400711
v 0.01061319 0.3138398 -0.0476985
v 0.01833647 0.314036 -0.04717606
v 0.01813599 0.3155184 -0.04012886
v 0.01038898 0.3154524 -0.0400711
v 0.01833647 0.314036 -0.04717606
v 0.01136871 0.3095274 -0.05411467
v 0.0125452 0.3031757 -0.05834261
v 0.02012288 0.3041971 -0.05700955
v 0.02012288 0.3041971 -0.05700955
v 0.0125452 0.3031757 -0.05834261
v 0.02148947 0.2972955 -0.05829969
v 0.01073501 0.3141131 -0.03239414
v 0.01038898 0.3154524 -0.0400711
v 0.01813599 0.3155184 -0.04012886
v 0.0184595 0.3142785 -0.03303599
v 0.01073501 0.3141131 -0.03239414
v 0.01813599 0.3155184 -0.04012886
v 0.0125452 0.3031757 -0.05834261
v 0.01401656 0.2957075 -0.05973846
v 0.02148947 0.2972955 -0.05829969
v 0.02148947 0.2972955 -0.05829969
v 0.01401656 0.2957075 -0.05973846
v 0.02289599 0.2904299 -0.05677643
v 0.01160476 0.3100222 -0.02583519
v 0.01073501 0.3141131 -0.03239414
v 0.0184595 0.3142785 -0.03303599
v 0.01926388 0.3105025 -0.02697682
v 0.01160476 0.3100222 -0.02583519
v 0.0184595 0.3142785 -0.03303599
v 0.01401656 0.2957075 -0.05973846
v 0.01553628 0.2882761 -0.05809024
v 0.02289599 0.2904299 -0.05677643
v 0.02289599 0.2904299 -0.05677643
v 0.01553628 0.2882761 -0.05809024
v 0.02411884 0.2846531 -0.05267307
v 0.01287228 0.3038021 -0.02139372
v 0.01160476 0.3100222 -0.02583519
v 0.01926388 0.3105025 -0.02697682
v 0.0204254 0.3047717 -0.02287385
v 0.01287228 0.3038021 -0.02139372
v 0.01926388 0.3105025 -0.02697682
v 0.01553628 0.2882761 -0.05809024
v 0.01685832 0.282022 -0.05364853
v 0.02411884 0.2846531 -0.05267307
v 0.02411884 0.2846531 -0.05267307
v 0.01685832 0.282022 -0.05364853
v 0.02496546 0.2808482 -0.04661369
v 0.01435621 0.2963941 -0.01974568
v 0.01287228 0.3038021 -0.02139372
v 0.0204254 0.3047717 -0.02287385
v 0.0218054 0.2979245 -0.02135077
v 0.01435621 0.2963941 -0.01974568
v 0.0204254 0.3047717 -0.02287385
v 0.01685832 0.282022 -0.05364853
v 0.01777376 0.2779031 -0.0470894
v 0.02496546 0.2808482 -0.04661369
v 0.02496546 0.2808482 -0.04661369
v 0.01777376 0.2779031 -0.0470894
v 0.02530371 0.2795966 -0.03952008
v 0.0158436 0.2889135 -0.02114141
v 0.01435621 0.2963941 -0.01974568
v 0.0218054 0.2979245 -0.02135077
v 0.02318171 0.2910144 -0.02264079
v 0.0158436 0.2889135 -0.02114141
v 0.0218054 0.2979245 -0.02135077
v 0.01777376 0.2779031 -0.0470894
v 0.01813914 0.2765495 -0.03941232
v 0.02530371 0.2795966 -0.03952008
v 0.02530371 0.2795966 -0.03952008
v 0.01813914 0.2765495 -0.03941232
v 0.02508135 0.2810909 -0.03247353
v 0.01709041 0.2825106 -0.02536893
v 0.0158436 0.2889135 -0.02114141
v 0.02318171 0.2910144 -0.02264079
v 0.0243346 0.2851013 -0.02654636
v 0.01709041 0.2825106 -0.02536893
v 0.02318171 0.2910144 -0.02264079
v 0.01813914 0.2765495 -0.03941232
v 0.01789837 0.2781677 -0.03178492
v 0.02508135 0.2810909 -0.03247353
v 0.01789837 0.2781677 -0.03178492
v 0.01709041 0.2825106 -0.02536893
v 0.0243346 0.2851013 -0.02654636
v 0.02508135 0.2810909 -0.03247353
v 0.01789837 0.2781677 -0.03178492
v 0.0243346 0.2851013 -0.02654636
vn -0.9718619 0.2286684 -0.01958084
vn -0.9784886 -0.1991434 0.01081178
vn -0.9649819 0.186122 -0.1773416
vn -0.9718619 0.2286684 -0.01958084
vn -0.9649819 0.186122 -0.1773416
vn -0.8234202 0.4897924 -0.2819022
vn -0.9660617 0.2088453 0.1426615
vn -0.9784886 -0.1991434 0.01081178
vn -0.9718619 0.2286684 -0.01958084
vn -0.9660617 0.2088453 0.1426615
vn -0.9718619 0.2286684 -0.01958084
vn -0.8327755 0.5508816 -0.01322079
vn -0.8327755 0.5508816 -0.01322079
vn -0.9718619 0.2286684 -0.01958084
vn -0.8234202 0.4897924 -0.2819022
vn -0.8234202 0.4897924 -0.2819022
vn -0.9649819 0.186122 -0.1773416
vn -0.7941741 0.3326174 -0.5065151
vn -0.9649819 0.186122 -0.1773416
vn -0.9784886 -0.1991434 0.01081178
vn -0.9464521 0.08771646 -0.3066007
vn -0.9649819 0.186122 -0.1773416
vn -0.9464521 0.08771646 -0.3066007
vn -0.7941741 0.3326174 -0.5065151
vn -0.8208511 0.5065989 0.2586904
vn -0.9660617 0.2088453 0.1426615
vn -0.8327755 0.5508816 -0.01322079
vn -0.9484509 0.1297126 0.2846603
vn -0.9784886 -0.1991434 0.01081178
vn -0.9660617 0.2088453 0.1426615
vn -0.9484509 0.1297126 0.2846603
vn -0.9660617 0.2088453 0.1426615
vn -0.8208511 0.5065989 0.2586904
vn -0.7941741 0.3326174 -0.5065151
vn -0.9464521 0.08771646 -0.3066007
vn -0.7493536 0.1033937 -0.6528322
vn -0.9464521 0.08771646 -0.3066007
vn -0.9784886 -0.1991434 0.01081178
vn -0.9190703 -0.05158186 -0.3876769
vn -0.9464521 0.08771646 -0.3066007
vn -0.9190703 -0.05158186 -0.3876769
vn -0.7493536 0.1033937 -0.6528322
vn -0.7894419 0.3637262 0.4922913
vn -0.9484509 0.1297126 0.2846603
vn -0.8208511 0.5065989 0.2586904
vn -0.9216901 0.003293514 0.3848134
vn -0.9784886 -0.1991434 0.01081178
vn -0.9484509 0.1297126 0.2846603
vn -0.9216901 0.003293514 0.3848134
vn -0.9484509 0.1297126 0.2846603
vn -0.7894419 0.3637262 0.4922913
vn -0.7493536 0.1033937 -0.6528322
vn -0.9190703 -0.05158186 -0.3876769
vn -0.6956673 -0.1630809 -0.6986181
vn -0.9190703 -0.05158186 -0.3876769
vn -0.9784886 -0.1991434 0.01081178
vn -0.8869593 -0.2105576 -0.4082597
vn -0.9190703 -0.05158186 -0.3876769
vn -0.8869593 -0.2105576 -0.4082597
vn -0.6956673 -0.1630809 -0.6986181
vn -0.7431757 0.1440108 0.6521748
vn -0.9216901 0.003293514 0.3848134
vn -0.7894419 0.3637262 0.4922913
vn -0.6956673 -0.1630809 -0.6986181
vn -0.8869593 -0.2105576 -0.4082597
vn -0.6413205 -0.4260336 -0.636879
vn -0.8898151 -0.1511373 0.4278902
vn -0.9216901 0.003293514 0.3848134
vn -0.7431757 0.1440108 0.6521748
vn -0.689036 -0.1189998 0.7139164
vn -0.8898151 -0.1511373 0.4278902
vn -0.7431757 0.1440108 0.6521748
vn -0.8898151 -0.1511373 0.4278902
vn -0.9784886 -0.1991434 0.01081178
vn -0.9216901 0.003293514 0.3848134
vn -0.8869593 -0.2105576 -0.4082597
vn -0.8550203 -0.3649779 -0.3651825
vn -0.6413205 -0.4260336 -0.636879
vn -0.8869593 -0.2105576 -0.4082597
vn -0.9784886 -0.1991434 0.01081178
vn -0.8550203 -0.3649779 -0.3651825
vn -0.8576812 -0.3100727 0.4073038
vn -0.9784886 -0.1991434 0.01081178
vn -0.8898151 -0.1511373 0.4278902
vn -0.8576812 -0.3100727 0.4073038
vn -0.8898151 -0.1511373 0.4278902
vn -0.689036 -0.1189998 0.7139164
vn -0.6413205 -0.4260336 -0.636879
vn -0.8550203 -0.3649779 -0.3651825
vn -0.5946832 -0.6455617 -0.4770023
vn -0.8550203 -0.3649779 -0.3651825
vn -0.9784886 -0.1991434 0.01081178
vn -0.828133 -0.4913322 -0.2650339
vn -0.8550203 -0.3649779 -0.3651825
vn -0.828133 -0.4913322 -0.2650339
vn -0.5946832 -0.6455617 -0.4770023
vn -0.8301857 -0.4493011 0.3262238
vn -0.9784886 -0.1991434 0.01081178
vn -0.8576812 -0.3100727 0.4073038
vn -0.6352488 -0.3853474 0.6681269
vn -0.8576812 -0.3100727 0.4073038
vn -0.689036 -0.1189998 0.7139164
vn -0.8301857 -0.4493011 0.3262238
vn -0.8576812 -0.3100727 0.4073038
vn -0.6352488 -0.3853474 0.6681269
vn -0.5946832 -0.6455617 -0.4770023
vn -0.828133 -0.4913322 -0.2650339
vn -0.562912 -0.7882521 -0.2434
vn -0.828133 -0.4913322 -0.2650339
vn -0.9784886 -0.1991434 0.01081178
vn -0.8104317 -0.5704025 -0.1230295
vn -0.828133 -0.4913322 -0.2650339
vn -0.8104317 -0.5704025 -0.1230295
vn -0.562912 -0.7882521 -0.2434
vn -0.8115477 -0.5476525 0.1969666
vn -0.9784886 -0.1991434 0.01081178
vn -0.8301857 -0.4493011 0.3262238
vn -0.5901002 -0.6143752 0.5218044
vn -0.8301857 -0.4493011 0.3262238
vn -0.6352488 -0.3853474 0.6681269
vn -0.8115477 -0.5476525 0.1969666
vn -0.8301857 -0.4493011 0.3262238
vn -0.5901002 -0.6143752 0.5218044
vn -0.562912 -0.7882521 -0.2434
vn -0.8104317 -0.5704025 -0.1230295
vn -0.5508991 -0.832444 0.02851868
vn -0.8104317 -0.5704025 -0.1230295
vn -0.9784886 -0.1991434 0.01081178
vn -0.8046023 -0.5901865 0.03921539
vn -0.8104317 -0.5704025 -0.1230295
vn -0.8046023 -0.5901865 0.03921539
vn -0.5508991 -0.832444 0.02851868
vn -0.8046023 -0.5901865 0.03921539
vn -0.9784886 -0.1991434 0.01081178
vn -0.8115477 -0.5476525 0.1969666
vn -0.8046023 -0.5901865 0.03921539
vn -0.8115477 -0.5476525 0.1969666
vn -0.5604522 -0.7713902 0.2971934
vn -0.5604522 -0.7713902 0.2971934
vn -0.8115477 -0.5476525 0.1969666
vn -0.5901002 -0.6143752 0.5218044
vn -0.5508991 -0.832444 0.02851868
vn -0.8046023 -0.5901865 0.03921539
vn -0.5604522 -0.7713902 0.2971934
vn -0.6352488 -0.3853474 0.6681269
vn -0.689036 -0.1189998 0.7139164
vn -0.3691233 -0.05461192 0.9275557
vn -0.689036 -0.1189998 0.7139164
vn -0.7431757 0.1440108 0.6521748
vn -0.4399866 0.2897156 0.8495342
vn -0.3691233 -0.05461192 0.9275557
vn -0.689036 -0.1189998 0.7139164
vn -0.4399866 0.2897156 0.8495342
vn -0.298908 -0.4021568 0.864978
vn -0.6352488 -0.3853474 0.6681269
vn -0.3691233 -0.05461192 0.9275557
vn -0.5901002 -0.6143752 0.5218044
vn -0.6352488 -0.3853474 0.6681269
vn -0.298908 -0.4021568 0.864978
vn -0.4399866 0.2897156 0.8495342
vn -0.7431757 0.1440108 0.6521748
vn -0.5006388 0.5783851 0.6428035
vn -0.7431757 0.1440108 0.6521748
vn -0.7894419 0.3637262 0.4922913
vn -0.5006388 0.5783851 0.6428035
vn -0.2401165 -0.700049 0.6713587
vn -0.5901002 -0.6143752 0.5218044
vn -0.298908 -0.4021568 0.864978
vn -0.5604522 -0.7713902 0.2971934
vn -0.5901002 -0.6143752 0.5218044
vn -0.2401165 -0.700049 0.6713587
vn -0.5006388 0.5783851 0.6428035
vn -0.7894419 0.3637262 0.4922913
vn -0.5420171 0.7673853 0.3388709
vn -0.7894419 0.3637262 0.4922913
vn -0.8208511 0.5065989 0.2586904
vn -0.5420171 0.7673853 0.3388709
vn -0.2017519 -0.90301 0.3761644
vn -0.5604522 -0.7713902 0.2971934
vn -0.2401165 -0.700049 0.6713587
vn -0.5508991 -0.832444 0.02851868
vn -0.5604522 -0.7713902 0.2971934
vn -0.2017519 -0.90301 0.3761644
vn -0.5420171 0.7673853 0.3388709
vn -0.8208511 0.5065989 0.2586904
vn -0.5580686 0.8279155 -0.01603502
vn -0.8208511 0.5065989 0.2586904
vn -0.8327755 0.5508816 -0.01322079
vn -0.5580686 0.8279155 -0.01603502
vn -0.1897556 -0.9801487 0.02430934
vn -0.5508991 -0.832444 0.02851868
vn -0.2017519 -0.90301 0.3761644
vn -0.562912 -0.7882521 -0.2434
vn -0.5508991 -0.832444 0.02851868
vn -0.1897556 -0.9801487 0.02430934
vn -0.5580686 0.8279155 -0.01603502
vn -0.8327755 0.5508816 -0.01322079
vn -0.5464635 0.7506996 -0.3678913
vn -0.8327755 0.5508816 -0.01322079
vn -0.8234202 0.4897924 -0.2819022
vn -0.5464635 0.7506996 -0.3678913
vn -0.206022 -0.9197167 -0.3306037
vn -0.562912 -0.7882521 -0.2434
vn -0.1897556 -0.9801487 0.02430934
vn -0.5946832 -0.6455617 -0.4770023
vn -0.562912 -0.7882521 -0.2434
vn -0.206022 -0.9197167 -0.3306037
vn -0.8234202 0.4897924 -0.2819022
vn -0.7941741 0.3326174 -0.5065151
vn -0.5088736 0.5475082 -0.6630821
vn -0.5464635 0.7506996 -0.3678913
vn -0.8234202 0.4897924 -0.2819022
vn -0.5088736 0.5475082 -0.6630821
vn -0.7941741 0.3326174 -0.5065151
vn -0.7493536 0.1033937 -0.6528322
vn -0.4507427 0.2493269 -0.856693
vn -0.5088736 0.5475082 -0.6630821
vn -0.7941741 0.3326174 -0.5065151
vn -0.4507427 0.2493269 -0.856693
vn -0.7493536 0.1033937 -0.6528322
vn -0.6956673 -0.1630809 -0.6986181
vn -0.3806291 -0.0982945 -0.9192703
vn -0.4507427 0.2493269 -0.856693
vn -0.7493536 0.1033937 -0.6528322
vn -0.3806291 -0.0982945 -0.9192703
vn -0.6956673 -0.1630809 -0.6986181
vn -0.6413205 -0.4260336 -0.636879
vn -0.3093972 -0.4425114 -0.8412548
vn -0.3806291 -0.0982945 -0.9192703
vn -0.6956673 -0.1630809 -0.6986181
vn -0.3093972 -0.4425114 -0.8412548
vn -0.6413205 -0.4260336 -0.636879
vn -0.5946832 -0.6455617 -0.4770023
vn -0.248057 -0.730937 -0.6345338
vn -0.3093972 -0.4425114 -0.8412548
vn -0.6413205 -0.4260336 -0.636879
vn -0.248057 -0.730937 -0.6345338
vn -0.248057 -0.730937 -0.6345338
vn -0.5946832 -0.6455617 -0.4770023
vn -0.206022 -0.9197167 -0.3306037
vn -0.4507427 0.2493269 -0.856693
vn -0.3806291 -0.0982945 -0.9192703
vn -0.007303867 -0.01839411 -0.9998049
vn -0.5088736 0.5475082 -0.6630821
vn -0.4507427 0.2493269 -0.856693
vn -0.08318439 0.3573727 -0.9300338
vn -0.08318439 0.3573727 -0.9300338
vn -0.4507427 0.2493269 -0.856693
vn -0.007303867 -0.01839411 -0.9998049
vn -0.007303867 -0.01839411 -0.9998049
vn -0.3806291 -0.0982945 -0.9192703
vn 0.07000002 -0.3913156 -0.9173759
vn -0.3806291 -0.0982945 -0.9192703
vn -0.3093972 -0.4425114 -0.8412548
vn 0.07000002 -0.3913156 -0.9173759
vn -0.145804 0.6788536 -0.7186754
vn -0.5088736 0.5475082 -0.6630821
vn -0.08318439 0.3573727 -0.9300338
vn -0.5464635 0.7506996 -0.3678913
vn -0.5088736 0.5475082 -0.6630821
vn -0.145804 0.6788536 -0.7186754
vn 0.07000002 -0.3913156 -0.9173759
vn -0.3093972 -0.4425114 -0.8412548
vn 0.1367263 -0.7046669 -0.6952753
vn -0.3093972 -0.4425114 -0.8412548
vn -0.248057 -0.730937 -0.6345338
vn 0.1367263 -0.7046669 -0.6952753
vn -0.1860462 0.897015 -0.3978955
vn -0.5464635 0.7506996 -0.3678913
vn -0.145804 0.6788536 -0.7186754
vn -0.5580686 0.8279155 -0.01603502
vn -0.5464635 0.7506996 -0.3678913
vn -0.1860462 0.897015 -0.3978955
vn 0.1367263 -0.7046669 -0.6952753
vn -0.248057 -0.730937 -0.6345338
vn 0.1826069 -0.9107345 -0.3673221
vn -0.248057 -0.730937 -0.6345338
vn -0.206022 -0.9197167 -0.3306037
vn 0.1826069 -0.9107345 -0.3673221
vn -0.1981635 0.9785689 -0.01655537
vn -0.5580686 0.8279155 -0.01603502
vn -0.1860462 0.897015 -0.3978955
vn -0.5420171 0.7673853 0.3388709
vn -0.5580686 0.8279155 -0.01603502
vn -0.1981635 0.9785689 -0.01655537
vn 0.1826069 -0.9107345 -0.3673221
vn -0.206022 -0.9197167 -0.3306037
vn 0.2006223 -0.9781555 0.0165357
vn -0.206022 -0.9197167 -0.3306037
vn -0.1897556 -0.9801487 0.02430934
vn 0.2006223 -0.9781555 0.0165357
vn -0.180392 0.911106 0.3673005
vn -0.5420171 0.7673853 0.3388709
vn -0.1981635 0.9785689 -0.01655537
vn -0.5006388 0.5783851 0.6428035
vn -0.5420171 0.7673853 0.3388709
vn -0.180392 0.911106 0.3673005
vn 0.2006223 -0.9781555 0.0165357
vn -0.1897556 -0.9801487 0.02430934
vn 0.1880446 -0.896677 0.397878
vn -0.1897556 -0.9801487 0.02430934
vn -0.2017519 -0.90301 0.3761644
vn 0.1880446 -0.896677 0.397878
vn -0.1352861 0.7049093 0.6952599
vn -0.5006388 0.5783851 0.6428035
vn -0.180392 0.911106 0.3673005
vn -0.4399866 0.2897156 0.8495342
vn -0.5006388 0.5783851 0.6428035
vn -0.1352861 0.7049093 0.6952599
vn 0.1880446 -0.896677 0.397878
vn -0.2017519 -0.90301 0.3761644
vn 0.1468125 -0.6786841 0.7186649
vn -0.2017519 -0.90301 0.3761644
vn -0.2401165 -0.700049 0.6713587
vn 0.1468125 -0.6786841 0.7186649
vn -0.0694635 0.391406 0.9173704
vn -0.4399866 0.2897156 0.8495342
vn -0.1352861 0.7049093 0.6952599
vn -0.3691233 -0.05461192 0.9275557
vn -0.4399866 0.2897156 0.8495342
vn -0.0694635 0.391406 0.9173704
vn 0.1468125 -0.6786841 0.7186649
vn -0.2401165 -0.700049 0.6713587
vn 0.08329869 -0.3573545 0.9300327
vn -0.2401165 -0.700049 0.6713587
vn -0.298908 -0.4021568 0.864978
vn 0.08329869 -0.3573545 0.9300327
vn 0.007293815 0.01839215 0.9998049
vn -0.3691233 -0.05461192 0.9275557
vn -0.0694635 0.391406 0.9173704
vn -0.298908 -0.4021568 0.864978
vn -0.3691233 -0.05461192 0.9275557
vn 0.007293815 0.01839215 0.9998049
vn 0.08329869 -0.3573545 0.9300327
vn -0.298908 -0.4021568 0.864978
vn 0.007293815 0.01839215 0.9998049
vn 0.6316126 0.4025285 -0.6614162
vn 0.6852102 0.137874 -0.7142358
vn 0.8013839 0.1925064 -0.5646867
vn 0.8013839 0.1925064 -0.5646867
vn 0.6852102 0.137874 -0.7142358
vn 0.8448211 -0.01746953 -0.5329558
vn 0.6852102 0.137874 -0.7142358
vn 0.7400152 -0.126275 -0.6594782
vn 0.8448211 -0.01746953 -0.5329558
vn 0.7597497 0.3985087 -0.5118114
vn 0.6316126 0.4025285 -0.6614162
vn 0.8013839 0.1925064 -0.5646867
vn 0.8448211 -0.01746953 -0.5329558
vn 0.7400152 -0.126275 -0.6594782
vn 0.8834035 -0.199398 -0.421472
vn 0.5874237 0.6274766 -0.509059
vn 0.6316126 0.4025285 -0.6614162
vn 0.7597497 0.3985087 -0.5118114
vn 0.7400152 -0.126275 -0.6594782
vn 0.7875971 -0.3495326 -0.5055062
vn 0.8834035 -0.199398 -0.421472
vn 0.7262545 0.5691958 -0.3824044
vn 0.5874237 0.6274766 -0.509059
vn 0.7597497 0.3985087 -0.5118114
vn 0.8834035 -0.199398 -0.421472
vn 0.7875971 -0.3495326 -0.5055062
vn 0.9112541 -0.3255934 -0.2471866
vn 0.5593038 0.7784461 -0.2804243
vn 0.5874237 0.6274766 -0.509059
vn 0.7262545 0.5691958 -0.3824044
vn 0.7875971 -0.3495326 -0.5055062
vn 0.820646 -0.4980565 -0.2757258
vn 0.9112541 -0.3255934 -0.2471866
vn 0.7059867 0.6785936 -0.1961387
vn 0.5593038 0.7784461 -0.2804243
vn 0.7262545 0.5691958 -0.3824044
vn 0.9112541 -0.3255934 -0.2471866
vn 0.820646 -0.4980565 -0.2757258
vn 0.9241018 -0.3768694 -0.03662947
vn 0.5513827 0.8325322 -0.01016909
vn 0.5593038 0.7784461 -0.2804243
vn 0.7059867 0.6785936 -0.1961387
vn 0.820646 -0.4980565 -0.2757258
vn 0.8341063 -0.5491586 -0.005152285
vn 0.9241018 -0.3768694 -0.03662947
vn 0.7019631 0.7100629 0.01864511
vn 0.5513827 0.8325322 -0.01016909
vn 0.7059867 0.6785936 -0.1961387
vn 0.9241018 -0.3768694 -0.03662947
vn 0.8341063 -0.5491586 -0.005152285
vn 0.9199888 -0.3453953 0.1781473
vn 0.5647768 0.7814535 0.2604025
vn 0.5513827 0.8325322 -0.01016909
vn 0.7019631 0.7100629 0.01864511
vn 0.8341063 -0.5491586 -0.005152285
vn 0.8259248 -0.4950573 0.2651002
vn 0.9199888 -0.3453953 0.1781473
vn 0.7147825 0.6587916 0.2291931
vn 0.5647768 0.7814535 0.2604025
vn 0.7019631 0.7100629 0.01864511
vn 0.9199888 -0.3453953 0.1781473
vn 0.8259248 -0.4950573 0.2651002
vn 0.899556 -0.2359858 0.3644068
vn 0.5975044 0.6329814 0.4901795
vn 0.5647768 0.7814535 0.2604025
vn 0.7147825 0.6587916 0.2291931
vn 0.8259248 -0.4950573 0.2651002
vn 0.7974004 -0.3440191 0.4937348
vn 0.899556 -0.2359858 0.3644068
vn 0.899556 -0.2359858 0.3644068
vn 0.7974004 -0.3440191 0.4937348
vn 0.865949 -0.06527796 0.4938156
vn 0.7424972 0.5326096 0.4034711
vn 0.5975044 0.6329814 0.4901795
vn 0.7147825 0.6587916 0.2291931
vn 0.7974004 -0.3440191 0.4937348
vn 0.752887 -0.1190072 0.6460955
vn 0.865949 -0.06527796 0.4938156
vn 0.865949 -0.06527796 0.4938156
vn 0.752887 -0.1190072 0.6460955
vn 0.8242924 0.1407412 0.5466901
vn 0.6446586 0.4097874 0.6441538
vn 0.5975044 0.6329814 0.4901795
vn 0.7424972 0.5326096 0.4034711
vn 0.752887 -0.1190072 0.6460955
vn 0.6992439 0.1456754 0.6989123
vn 0.8242924 0.1407412 0.5466901
vn 0.8242924 0.1407412 0.5466901
vn 0.6992439 0.1456754 0.6989123
vn 0.7809449 0.3507054 0.5149542
vn 0.7809449 0.3507054 0.5149542
vn 0.6446586 0.4097874 0.6441538
vn 0.7424972 0.5326096 0.4034711
vn 0.6992439 0.1456754 0.6989123
vn 0.6446586 0.4097874 0.6441538
vn 0.7809449 0.3507054 0.5149542
vn 0.8259248 -0.4950573 0.2651002
vn 0.5490375 -0.7532597 0.3588916
vn 0.7974004 -0.3440191 0.4937348
vn 0.8341063 -0.5491586 -0.005152285
vn 0.5602837 -0.8266621 0.006246507
vn 0.8259248 -0.4950573 0.2651002
vn 0.5602837 -0.8266621 0.006246507
vn 0.5490375 -0.7532597 0.3588916
vn 0.8259248 -0.4950573 0.2651002
vn 0.5490375 -0.7532597 0.3588916
vn 0.5112774 -0.5535122 0.6562495
vn 0.7974004 -0.3440191 0.4937348
vn 0.7974004 -0.3440191 0.4937348
vn 0.5112774 -0.5535122 0.6562495
vn 0.752887 -0.1190072 0.6460955
vn 0.5432607 -0.7625209 -0.3479985
vn 0.5602837 -0.8266621 0.006246507
vn 0.8341063 -0.5491586 -0.005152285
vn 0.820646 -0.4980565 -0.2757258
vn 0.5432607 -0.7625209 -0.3479985
vn 0.8341063 -0.5491586 -0.005152285
vn 0.5112774 -0.5535122 0.6562495
vn 0.4527823 -0.2578316 0.8530923
vn 0.752887 -0.1190072 0.6460955
vn 0.752887 -0.1190072 0.6460955
vn 0.4527823 -0.2578316 0.8530923
vn 0.6992439 0.1456754 0.6989123
vn 0.50054 -0.5706202 -0.649872
vn 0.5432607 -0.7625209 -0.3479985
vn 0.820646 -0.4980565 -0.2757258
vn 0.7875971 -0.3495326 -0.5055062
vn 0.50054 -0.5706202 -0.649872
vn 0.820646 -0.4980565 -0.2757258
vn 0.4527823 -0.2578316 0.8530923
vn 0.3825703 0.08879119 0.9194322
vn 0.6992439 0.1456754 0.6989123
vn 0.6992439 0.1456754 0.6989123
vn 0.3825703 0.08879119 0.9194322
vn 0.6446586 0.4097874 0.6441538
vn 0.4386333 -0.2802083 -0.8534432
vn 0.50054 -0.5706202 -0.649872
vn 0.7875971 -0.3495326 -0.5055062
vn 0.7400152 -0.126275 -0.6594782
vn 0.4386333 -0.2802083 -0.8534432
vn 0.7875971 -0.3495326 -0.5055062
vn 0.3825703 0.08879119 0.9194322
vn 0.311493 0.4335393 0.8451473
vn 0.6446586 0.4097874 0.6441538
vn 0.6446586 0.4097874 0.6441538
vn 0.311493 0.4335393 0.8451473
vn 0.5975044 0.6329814 0.4901795
vn 0.3670999 0.06454265 -0.9277266
vn 0.4386333 -0.2802083 -0.8534432
vn 0.7400152 -0.126275 -0.6594782
vn 0.6852102 0.137874 -0.7142358
vn 0.3670999 0.06454265 -0.9277266
vn 0.7400152 -0.126275 -0.6594782
vn 0.311493 0.4335393 0.8451473
vn 0.2504802 0.7239131 0.641571
vn 0.5975044 0.6329814 0.4901795
vn 0.5975044 0.6329814 0.4901795
vn 0.2504802 0.7239131 0.641571
vn 0.5647768 0.7814535 0.2604025
vn 0.6316126 0.4025285 -0.6614162
vn 0.2970106 0.4111502 -0.861389
vn 0.6852102 0.137874 -0.7142358
vn 0.2970106 0.4111502 -0.861389
vn 0.3670999 0.06454265 -0.9277266
vn 0.6852102 0.137874 -0.7142358
vn 0.5874237 0.6274766 -0.509059
vn 0.239171 0.7068036 -0.6645497
vn 0.6316126 0.4025285 -0.6614162
vn 0.239171 0.7068036 -0.6645497
vn 0.2970106 0.4111502 -0.861389
vn 0.6316126 0.4025285 -0.6614162
vn 0.5593038 0.7784461 -0.2804243
vn 0.2023646 0.9065017 -0.3671917
vn 0.5874237 0.6274766 -0.509059
vn 0.2023646 0.9065017 -0.3671917
vn 0.239171 0.7068036 -0.6645497
vn 0.5874237 0.6274766 -0.509059
vn 0.5513827 0.8325322 -0.01016909
vn 0.1915721 0.9799261 -0.01454544
vn 0.5593038 0.7784461 -0.2804243
vn 0.1915721 0.9799261 -0.01454544
vn 0.2023646 0.9065017 -0.3671917
vn 0.5593038 0.7784461 -0.2804243
vn 0.5647768 0.7814535 0.2604025
vn 0.208434 0.915803 0.3396972
vn 0.5513827 0.8325322 -0.01016909
vn 0.208434 0.915803 0.3396972
vn 0.1915721 0.9799261 -0.01454544
vn 0.5513827 0.8325322 -0.01016909
vn 0.2504802 0.7239131 0.641571
vn 0.208434 0.915803 0.3396972
vn 0.5647768 0.7814535 0.2604025
vn 0.2023646 0.9065017 -0.3671917
vn -0.1860462 0.897015 -0.3978955
vn 0.239171 0.7068036 -0.6645497
vn 0.239171 0.7068036 -0.6645497
vn -0.145804 0.6788536 -0.7186754
vn 0.2970106 0.4111502 -0.861389
vn -0.1860462 0.897015 -0.3978955
vn -0.145804 0.6788536 -0.7186754
vn 0.239171 0.7068036 -0.6645497
vn -0.1981635 0.9785689 -0.01655537
vn -0.1860462 0.897015 -0.3978955
vn 0.2023646 0.9065017 -0.3671917
vn 0.1915721 0.9799261 -0.01454544
vn -0.1981635 0.9785689 -0.01655537
vn 0.2023646 0.9065017 -0.3671917
vn -0.145804 0.6788536 -0.7186754
vn -0.08318439 0.3573727 -0.9300338
vn 0.2970106 0.4111502 -0.861389
vn 0.2970106 0.4111502 -0.861389
vn -0.08318439 0.3573727 -0.9300338
vn 0.3670999 0.06454265 -0.9277266
vn -0.180392 0.911106 0.3673005
vn -0.1981635 0.9785689 -0.01655537
vn 0.1915721 0.9799261 -0.01454544
vn 0.208434 0.915803 0.3396972
vn -0.180392 0.911106 0.3673005
vn 0.1915721 0.9799261 -0.01454544
vn -0.08318439 0.3573727 -0.9300338
vn -0.007303867 -0.01839411 -0.9998049
vn 0.3670999 0.06454265 -0.9277266
vn 0.3670999 0.06454265 -0.9277266
vn -0.007303867 -0.01839411 -0.9998049
vn 0.4386333 -0.2802083 -0.8534432
vn -0.1352861 0.7049093 0.6952599
vn -0.180392 0.911106 0.3673005
vn 0.208434 0.915803 0.3396972
vn 0.2504802 0.7239131 0.641571
vn -0.1352861 0.7049093 0.6952599
vn 0.208434 0.915803 0.3396972
vn -0.007303867 -0.01839411 -0.9998049
vn 0.07000002 -0.3913156 -0.9173759
vn 0.4386333 -0.2802083 -0.8534432
vn 0.4386333 -0.2802083 -0.8534432
vn 0.07000002 -0.3913156 -0.9173759
vn 0.50054 -0.5706202 -0.649872
vn -0.0694635 0.391406 0.9173704
vn -0.1352861 0.7049093 0.6952599
vn 0.2504802 0.7239131 0.641571
vn 0.311493 0.4335393 0.8451473
vn -0.0694635 0.391406 0.9173704
vn 0.2504802 0.7239131 0.641571
vn 0.07000002 -0.3913156 -0.9173759
vn 0.1367263 -0.7046669 -0.6952753
vn 0.50054 -0.5706202 -0.649872
vn 0.50054 -0.5706202 -0.649872
vn 0.1367263 -0.7046669 -0.6952753
vn 0.5432607 -0.7625209 -0.3479985
vn 0.007293815 0.01839215 0.9998049
vn -0.0694635 0.391406 0.9173704
vn 0.311493 0.4335393 0.8451473
vn 0.3825703 0.08879119 0.9194322
vn 0.007293815 0.01839215 0.9998049
vn 0.311493 0.4335393 0.8451473
vn 0.1367263 -0.7046669 -0.6952753
vn 0.1826069 -0.9107345 -0.3673221
vn 0.5432607 -0.7625209 -0.3479985
vn 0.5432607 -0.7625209 -0.3479985
vn 0.1826069 -0.9107345 -0.3673221
vn 0.5602837 -0.8266621 0.006246507
vn 0.08329869 -0.3573545 0.9300327
vn 0.007293815 0.01839215 0.9998049
vn 0.3825703 0.08879119 0.9194322
vn 0.4527823 -0.2578316 0.8530923
vn 0.08329869 -0.3573545 0.9300327
vn 0.3825703 0.08879119 0.9194322
vn 0.1826069 -0.9107345 -0.3673221
vn 0.2006223 -0.9781555 0.0165357
vn 0.5602837 -0.8266621 0.006246507
vn 0.5602837 -0.8266621 0.006246507
vn 0.2006223 -0.9781555 0.0165357
vn 0.5490375 -0.7532597 0.3588916
vn 0.1468125 -0.6786841 0.7186649
vn 0.08329869 -0.3573545 0.9300327
vn 0.4527823 -0.2578316 0.8530923
vn 0.5112774 -0.5535122 0.6562495
vn 0.1468125 -0.6786841 0.7186649
vn 0.4527823 -0.2578316 0.8530923
vn 0.2006223 -0.9781555 0.0165357
vn 0.1880446 -0.896677 0.397878
vn 0.5490375 -0.7532597 0.3588916
vn 0.1880446 -0.896677 0.397878
vn 0.1468125 -0.6786841 0.7186649
vn 0.5112774 -0.5535122 0.6562495
vn 0.5490375 -0.7532597 0.3588916
vn 0.1880446 -0.896677 0.397878
vn 0.5112774 -0.5535122 0.6562495
vt 0.9302375 0.8055468
vt 0.9380133 0.795827
vt 0.9350973 0.8074907
vt 0.9302375 0.8055468
vt 0.9350973 0.8074907
vt 0.9321814 0.8191544
vt 0.9273216 0.8016589
vt 0.9380133 0.795827
vt 0.9302375 0.8055468
vt 0.9273216 0.8016589
vt 0.9302375 0.8055468
vt 0.9234337 0.8152665
vt 0.9234337 0.8152665
vt 0.9302375 0.8055468
vt 0.9321814 0.8191544
vt 0.9321814 0.8191544
vt 0.9350973 0.8074907
vt 0.9419011 0.8191544
vt 0.9350973 0.8074907
vt 0.9380133 0.795827
vt 0.9399572 0.8074907
vt 0.9350973 0.8074907
vt 0.9399572 0.8074907
vt 0.9419011 0.8191544
vt 0.9176018 0.8084627
vt 0.9273216 0.8016589
vt 0.9234337 0.8152665
vt 0.9263496 0.797771
vt 0.9380133 0.795827
vt 0.9273216 0.8016589
vt 0.9263496 0.797771
vt 0.9273216 0.8016589
vt 0.9176018 0.8084627
vt 0.9419011 0.8191544
vt 0.9399572 0.8074907
vt 0.9506489 0.8162385
vt 0.9399572 0.8074907
vt 0.9380133 0.795827
vt 0.9438451 0.8055468
vt 0.9399572 0.8074907
vt 0.9438451 0.8055468
vt 0.9506489 0.8162385
vt 0.9137139 0.7997149
vt 0.9263496 0.797771
vt 0.9176018 0.8084627
vt 0.9263496 0.7929111
vt 0.9380133 0.795827
vt 0.9263496 0.797771
vt 0.9263496 0.7929111
vt 0.9263496 0.797771
vt 0.9137139 0.7997149
vt 0.9506489 0.8162385
vt 0.9438451 0.8055468
vt 0.9574527 0.8094347
vt 0.9438451 0.8055468
vt 0.9380133 0.795827
vt 0.946761 0.8026308
vt 0.9438451 0.8055468
vt 0.946761 0.8026308
vt 0.9574527 0.8094347
vt 0.9137139 0.7899952
vt 0.9263496 0.7929111
vt 0.9137139 0.7997149
vt 0.9574527 0.8094347
vt 0.946761 0.8026308
vt 0.9613406 0.8006869
vt 0.9282935 0.7890232
vt 0.9263496 0.7929111
vt 0.9137139 0.7899952
vt 0.9176018 0.7812474
vt 0.9282935 0.7890232
vt 0.9137139 0.7899952
vt 0.9282935 0.7890232
vt 0.9380133 0.795827
vt 0.9263496 0.7929111
vt 0.946761 0.8026308
vt 0.948705 0.7987429
vt 0.9613406 0.8006869
vt 0.946761 0.8026308
vt 0.9380133 0.795827
vt 0.948705 0.7987429
vt 0.9312094 0.7851353
vt 0.9380133 0.795827
vt 0.9282935 0.7890232
vt 0.9312094 0.7851353
vt 0.9282935 0.7890232
vt 0.9176018 0.7812474
vt 0.9613406 0.8006869
vt 0.948705 0.7987429
vt 0.9613406 0.7909672
vt 0.948705 0.7987429
vt 0.9380133 0.795827
vt 0.9496769 0.7938831
vt 0.948705 0.7987429
vt 0.9496769 0.7938831
vt 0.9613406 0.7909672
vt 0.9360693 0.7841634
vt 0.9380133 0.795827
vt 0.9312094 0.7851353
vt 0.9244056 0.7754155
vt 0.9312094 0.7851353
vt 0.9176018 0.7812474
vt 0.9360693 0.7841634
vt 0.9312094 0.7851353
vt 0.9244056 0.7754155
vt 0.9613406 0.7909672
vt 0.9496769 0.7938831
vt 0.9584247 0.7822194
vt 0.9496769 0.7938831
vt 0.9380133 0.795827
vt 0.947733 0.7890232
vt 0.9496769 0.7938831
vt 0.947733 0.7890232
vt 0.9584247 0.7822194
vt 0.9399572 0.7841634
vt 0.9380133 0.795827
vt 0.9360693 0.7841634
vt 0.9331534 0.7715276
vt 0.9360693 0.7841634
vt 0.9244056 0.7754155
vt 0.9399572 0.7841634
vt 0.9360693 0.7841634
vt 0.9331534 0.7715276
vt 0.9584247 0.7822194
vt 0.947733 0.7890232
vt 0.9516209 0.7754155
vt 0.947733 0.7890232
vt 0.9380133 0.795827
vt 0.9448171 0.7861073
vt 0.947733 0.7890232
vt 0.9448171 0.7861073
vt 0.9516209 0.7754155
vt 0.9448171 0.7861073
vt 0.9380133 0.795827
vt 0.9399572 0.7841634
vt 0.9448171 0.7861073
vt 0.9399572 0.7841634
vt 0.9428731 0.7715276
vt 0.9428731 0.7715276
vt 0.9399572 0.7841634
vt 0.9331534 0.7715276
vt 0.9516209 0.7754155
vt 0.9448171 0.7861073
vt 0.9428731 0.7715276
vt 0.9244056 0.7754155
vt 0.9176018 0.7812474
vt 0.9049661 0.7734716
vt 0.9176018 0.7812474
vt 0.9137139 0.7899952
vt 0.8991343 0.7880512
vt 0.9049661 0.7734716
vt 0.9176018 0.7812474
vt 0.8991343 0.7880512
vt 0.9156579 0.7627799
vt 0.9244056 0.7754155
vt 0.9049661 0.7734716
vt 0.9331534 0.7715276
vt 0.9244056 0.7754155
vt 0.9156579 0.7627799
vt 0.8991343 0.7880512
vt 0.9137139 0.7899952
vt 0.8991343 0.8026308
vt 0.9137139 0.7899952
vt 0.9137139 0.7997149
vt 0.8991343 0.8026308
vt 0.9302375 0.7569481
vt 0.9331534 0.7715276
vt 0.9156579 0.7627799
vt 0.9428731 0.7715276
vt 0.9331534 0.7715276
vt 0.9302375 0.7569481
vt 0.8991343 0.8026308
vt 0.9137139 0.7997149
vt 0.9049661 0.8172104
vt 0.9137139 0.7997149
vt 0.9176018 0.8084627
vt 0.9049661 0.8172104
vt 0.945789 0.7569481
vt 0.9428731 0.7715276
vt 0.9302375 0.7569481
vt 0.9516209 0.7754155
vt 0.9428731 0.7715276
vt 0.945789 0.7569481
vt 0.9049661 0.8172104
vt 0.9176018 0.8084627
vt 0.9156579 0.8279021
vt 0.9176018 0.8084627
vt 0.9234337 0.8152665
vt 0.9156579 0.8279021
vt 0.9593967 0.7627799
vt 0.9516209 0.7754155
vt 0.945789 0.7569481
vt 0.9584247 0.7822194
vt 0.9516209 0.7754155
vt 0.9593967 0.7627799
vt 0.9156579 0.8279021
vt 0.9234337 0.8152665
vt 0.9292655 0.833734
vt 0.9234337 0.8152665
vt 0.9321814 0.8191544
vt 0.9292655 0.833734
vt 0.9700884 0.7744436
vt 0.9584247 0.7822194
vt 0.9593967 0.7627799
vt 0.9613406 0.7909672
vt 0.9584247 0.7822194
vt 0.9700884 0.7744436
vt 0.9321814 0.8191544
vt 0.9419011 0.8191544
vt 0.9448171 0.833734
vt 0.9292655 0.833734
vt 0.9321814 0.8191544
vt 0.9448171 0.833734
vt 0.9419011 0.8191544
vt 0.9506489 0.8162385
vt 0.9593967 0.8279021
vt 0.9448171 0.833734
vt 0.9419011 0.8191544
vt 0.9593967 0.8279021
vt 0.9506489 0.8162385
vt 0.9574527 0.8094347
vt 0.9700884 0.8172104
vt 0.9593967 0.8279021
vt 0.9506489 0.8162385
vt 0.9700884 0.8172104
vt 0.9574527 0.8094347
vt 0.9613406 0.8006869
vt 0.9759203 0.8036028
vt 0.9700884 0.8172104
vt 0.9574527 0.8094347
vt 0.9759203 0.8036028
vt 0.9613406 0.8006869
vt 0.9613406 0.7909672
vt 0.9759203 0.7880512
vt 0.9759203 0.8036028
vt 0.9613406 0.8006869
vt 0.9759203 0.7880512
vt 0.9759203 0.7880512
vt 0.9613406 0.7909672
vt 0.9700884 0.7744436
vt 0.9593967 0.8279021
vt 0.9700884 0.8172104
vt 0.986612 0.8288741
vt 0.9448171 0.833734
vt 0.9593967 0.8279021
vt 0.9700884 0.8444257
vt 0.9700884 0.8444257
vt 0.9593967 0.8279021
vt 0.986612 0.8288741
vt 0.986612 0.8288741
vt 0.9700884 0.8172104
vt 0.9953597 0.8074907
vt 0.9700884 0.8172104
vt 0.9759203 0.8036028
vt 0.9953597 0.8074907
vt 0.948705 0.8531735
vt 0.9448171 0.833734
vt 0.9700884 0.8444257
vt 0.9292655 0.833734
vt 0.9448171 0.833734
vt 0.948705 0.8531735
vt 0.9953597 0.8074907
vt 0.9759203 0.8036028
vt 0.9953597 0.7841634
vt 0.9759203 0.8036028
vt 0.9759203 0.7880512
vt 0.9953597 0.7841634
vt 0.9263496 0.8531735
vt 0.9292655 0.833734
vt 0.948705 0.8531735
vt 0.9156579 0.8279021
vt 0.9292655 0.833734
vt 0.9263496 0.8531735
vt 0.9953597 0.7841634
vt 0.9759203 0.7880512
vt 0.986612 0.7627799
vt 0.9759203 0.7880512
vt 0.9700884 0.7744436
vt 0.986612 0.7627799
vt 0.9049661 0.8444257
vt 0.9156579 0.8279021
vt 0.9263496 0.8531735
vt 0.9049661 0.8172104
vt 0.9156579 0.8279021
vt 0.9049661 0.8444257
vt 0.986612 0.7627799
vt 0.9700884 0.7744436
vt 0.9700884 0.7462564
vt 0.9700884 0.7744436
vt 0.9593967 0.7627799
vt 0.9700884 0.7462564
vt 0.8884426 0.8288741
vt 0.9049661 0.8172104
vt 0.9049661 0.8444257
vt 0.8991343 0.8026308
vt 0.9049661 0.8172104
vt 0.8884426 0.8288741
vt 0.9700884 0.7462564
vt 0.9593967 0.7627799
vt 0.948705 0.7375086
vt 0.9593967 0.7627799
vt 0.945789 0.7569481
vt 0.948705 0.7375086
vt 0.8796948 0.8074907
vt 0.8991343 0.8026308
vt 0.8884426 0.8288741
vt 0.8991343 0.7880512
vt 0.8991343 0.8026308
vt 0.8796948 0.8074907
vt 0.948705 0.7375086
vt 0.945789 0.7569481
vt 0.9263496 0.7375086
vt 0.945789 0.7569481
vt 0.9302375 0.7569481
vt 0.9263496 0.7375086
vt 0.8796948 0.7841634
vt 0.8991343 0.7880512
vt 0.8796948 0.8074907
vt 0.9049661 0.7734716
vt 0.8991343 0.7880512
vt 0.8796948 0.7841634
vt 0.9263496 0.7375086
vt 0.9302375 0.7569481
vt 0.9049661 0.7462564
vt 0.9302375 0.7569481
vt 0.9156579 0.7627799
vt 0.9049661 0.7462564
vt 0.8884426 0.7627799
vt 0.9049661 0.7734716
vt 0.8796948 0.7841634
vt 0.9156579 0.7627799
vt 0.9049661 0.7734716
vt 0.8884426 0.7627799
vt 0.9049661 0.7462564
vt 0.9156579 0.7627799
vt 0.8884426 0.7627799
vt 0.9525928 0.945511
vt 0.9448171 0.9532868
vt 0.9370413 0.9416231
vt 0.9370413 0.9416231
vt 0.9448171 0.9532868
vt 0.9321814 0.9425951
vt 0.9448171 0.9532868
vt 0.9350973 0.9571747
vt 0.9321814 0.9425951
vt 0.9409292 0.9377352
vt 0.9525928 0.945511
vt 0.9370413 0.9416231
vt 0.9321814 0.9425951
vt 0.9350973 0.9571747
vt 0.9263496 0.9425951
vt 0.9574527 0.9357913
vt 0.9525928 0.945511
vt 0.9409292 0.9377352
vt 0.9350973 0.9571747
vt 0.9234337 0.9571747
vt 0.9263496 0.9425951
vt 0.9428731 0.9328753
vt 0.9574527 0.9357913
vt 0.9409292 0.9377352
vt 0.9263496 0.9425951
vt 0.9234337 0.9571747
vt 0.9214897 0.9406511
vt 0.9574527 0.9241276
vt 0.9574527 0.9357913
vt 0.9428731 0.9328753
vt 0.9234337 0.9571747
vt 0.9137139 0.9523148
vt 0.9214897 0.9406511
vt 0.9438451 0.9270435
vt 0.9574527 0.9241276
vt 0.9428731 0.9328753
vt 0.9214897 0.9406511
vt 0.9137139 0.9523148
vt 0.9176018 0.9367632
vt 0.9535648 0.9144078
vt 0.9574527 0.9241276
vt 0.9438451 0.9270435
vt 0.9137139 0.9523148
vt 0.9059381 0.944539
vt 0.9176018 0.9367632
vt 0.9419011 0.9221836
vt 0.9535648 0.9144078
vt 0.9438451 0.9270435
vt 0.9176018 0.9367632
vt 0.9059381 0.944539
vt 0.9166299 0.9319034
vt 0.945789 0.9066321
vt 0.9535648 0.9144078
vt 0.9419011 0.9221836
vt 0.9059381 0.944539
vt 0.9020502 0.9348193
vt 0.9166299 0.9319034
vt 0.9380133 0.9182957
vt 0.945789 0.9066321
vt 0.9419011 0.9221836
vt 0.9166299 0.9319034
vt 0.9020502 0.9348193
vt 0.9166299 0.9260715
vt 0.9360693 0.9017721
vt 0.945789 0.9066321
vt 0.9380133 0.9182957
vt 0.9020502 0.9348193
vt 0.9020502 0.9231556
vt 0.9166299 0.9260715
vt 0.9166299 0.9260715
vt 0.9020502 0.9231556
vt 0.9185738 0.9212117
vt 0.9331534 0.9163518
vt 0.9360693 0.9017721
vt 0.9380133 0.9182957
vt 0.9020502 0.9231556
vt 0.9069101 0.9134359
vt 0.9185738 0.9212117
vt 0.9185738 0.9212117
vt 0.9069101 0.9134359
vt 0.9224617 0.9173238
vt 0.9244056 0.9017721
vt 0.9360693 0.9017721
vt 0.9331534 0.9163518
vt 0.9069101 0.9134359
vt 0.9146859 0.9056601
vt 0.9224617 0.9173238
vt 0.9224617 0.9173238
vt 0.9146859 0.9056601
vt 0.9273216 0.9163518
vt 0.9273216 0.9163518
vt 0.9244056 0.9017721
vt 0.9331534 0.9163518
vt 0.9146859 0.9056601
vt 0.9244056 0.9017721
vt 0.9273216 0.9163518
vt 0.9020502 0.9348193
vt 0.8845547 0.9377352
vt 0.9020502 0.9231556
vt 0.9059381 0.944539
vt 0.8913585 0.9542587
vt 0.9020502 0.9348193
vt 0.8913585 0.9542587
vt 0.8845547 0.9377352
vt 0.9020502 0.9348193
vt 0.8845547 0.9377352
vt 0.8855267 0.9202397
vt 0.9020502 0.9231556
vt 0.9020502 0.9231556
vt 0.8855267 0.9202397
vt 0.9069101 0.9134359
vt 0.9039941 0.9668944
vt 0.8913585 0.9542587
vt 0.9059381 0.944539
vt 0.9137139 0.9523148
vt 0.9039941 0.9668944
vt 0.9059381 0.944539
vt 0.8855267 0.9202397
vt 0.8923305 0.9037161
vt 0.9069101 0.9134359
vt 0.9069101 0.9134359
vt 0.8923305 0.9037161
vt 0.9146859 0.9056601
vt 0.9205177 0.9736983
vt 0.9039941 0.9668944
vt 0.9137139 0.9523148
vt 0.9234337 0.9571747
vt 0.9205177 0.9736983
vt 0.9137139 0.9523148
vt 0.8923305 0.9037161
vt 0.9049661 0.8910804
vt 0.9146859 0.9056601
vt 0.9146859 0.9056601
vt 0.9049661 0.8910804
vt 0.9244056 0.9017721
vt 0.9380133 0.9746702
vt 0.9205177 0.9736983
vt 0.9234337 0.9571747
vt 0.9350973 0.9571747
vt 0.9380133 0.9746702
vt 0.9234337 0.9571747
vt 0.9049661 0.8910804
vt 0.9214897 0.8842766
vt 0.9244056 0.9017721
vt 0.9244056 0.9017721
vt 0.9214897 0.8842766
vt 0.9360693 0.9017721
vt 0.9545368 0.9678664
vt 0.9380133 0.9746702
vt 0.9350973 0.9571747
vt 0.9448171 0.9532868
vt 0.9545368 0.9678664
vt 0.9350973 0.9571747
vt 0.9214897 0.8842766
vt 0.9389852 0.8852486
vt 0.9360693 0.9017721
vt 0.9360693 0.9017721
vt 0.9389852 0.8852486
vt 0.945789 0.9066321
vt 0.9525928 0.945511
vt 0.9671724 0.9552307
vt 0.9448171 0.9532868
vt 0.9671724 0.9552307
vt 0.9545368 0.9678664
vt 0.9448171 0.9532868
vt 0.9574527 0.9357913
vt 0.9739763 0.9387072
vt 0.9525928 0.945511
vt 0.9739763 0.9387072
vt 0.9671724 0.9552307
vt 0.9525928 0.945511
vt 0.9574527 0.9241276
vt 0.9749483 0.9212117
vt 0.9574527 0.9357913
vt 0.9749483 0.9212117
vt 0.9739763 0.9387072
vt 0.9574527 0.9357913
vt 0.9535648 0.9144078
vt 0.9681444 0.9046881
vt 0.9574527 0.9241276
vt 0.9681444 0.9046881
vt 0.9749483 0.9212117
vt 0.9574527 0.9241276
vt 0.945789 0.9066321
vt 0.9555088 0.8920524
vt 0.9535648 0.9144078
vt 0.9555088 0.8920524
vt 0.9681444 0.9046881
vt 0.9535648 0.9144078
vt 0.9389852 0.8852486
vt 0.9555088 0.8920524
vt 0.945789 0.9066321
vt 0.9749483 0.9212117
vt 0.9973037 0.9163518
vt 0.9739763 0.9387072
vt 0.9739763 0.9387072
vt 0.9973037 0.9425951
vt 0.9671724 0.9552307
vt 0.9973037 0.9163518
vt 0.9973037 0.9425951
vt 0.9739763 0.9387072
vt 0.986612 0.8910804
vt 0.9973037 0.9163518
vt 0.9749483 0.9212117
vt 0.9681444 0.9046881
vt 0.986612 0.8910804
vt 0.9749483 0.9212117
vt 0.9973037 0.9425951
vt 0.986612 0.9678664
vt 0.9671724 0.9552307
vt 0.9671724 0.9552307
vt 0.986612 0.9678664
vt 0.9545368 0.9678664
vt 0.9681444 0.872613
vt 0.986612 0.8910804
vt 0.9681444 0.9046881
vt 0.9555088 0.8920524
vt 0.9681444 0.872613
vt 0.9681444 0.9046881
vt 0.986612 0.9678664
vt 0.9681444 0.9863339
vt 0.9545368 0.9678664
vt 0.9545368 0.9678664
vt 0.9681444 0.9863339
vt 0.9380133 0.9746702
vt 0.9428731 0.8619213
vt 0.9681444 0.872613
vt 0.9555088 0.8920524
vt 0.9389852 0.8852486
vt 0.9428731 0.8619213
vt 0.9555088 0.8920524
vt 0.9681444 0.9863339
vt 0.9428731 0.9970256
vt 0.9380133 0.9746702
vt 0.9380133 0.9746702
vt 0.9428731 0.9970256
vt 0.9205177 0.9736983
vt 0.9166299 0.8619213
vt 0.9428731 0.8619213
vt 0.9389852 0.8852486
vt 0.9214897 0.8842766
vt 0.9166299 0.8619213
vt 0.9389852 0.8852486
vt 0.9428731 0.9970256
vt 0.9166299 0.9970256
vt 0.9205177 0.9736983
vt 0.9205177 0.9736983
vt 0.9166299 0.9970256
vt 0.9039941 0.9668944
vt 0.8913585 0.872613
vt 0.9166299 0.8619213
vt 0.9214897 0.8842766
vt 0.9049661 0.8910804
vt 0.8913585 0.872613
vt 0.9214897 0.8842766
vt 0.9166299 0.9970256
vt 0.8913585 0.9863339
vt 0.9039941 0.9668944
vt 0.9039941 0.9668944
vt 0.8913585 0.9863339
vt 0.8913585 0.9542587
vt 0.872891 0.8910804
vt 0.8913585 0.872613
vt 0.9049661 0.8910804
vt 0.8923305 0.9037161
vt 0.872891 0.8910804
vt 0.9049661 0.8910804
vt 0.8913585 0.9863339
vt 0.872891 0.9678664
vt 0.8913585 0.9542587
vt 0.8913585 0.9542587
vt 0.872891 0.9678664
vt 0.8845547 0.9377352
vt 0.8621993 0.9163518
vt 0.872891 0.8910804
vt 0.8923305 0.9037161
vt 0.8855267 0.9202397
vt 0.8621993 0.9163518
vt 0.8923305 0.9037161
vt 0.872891 0.9678664
vt 0.8621993 0.9425951
vt 0.8845547 0.9377352
vt 0.8621993 0.9425951
vt 0.8621993 0.9163518
vt 0.8855267 0.9202397
vt 0.8845547 0.9377352
vt 0.8621993 0.9425951
vt 0.8855267 0.9202397
usemtl Material
f 675/675/675 674/674/674 673/673/673
f 678/678/678 677/677/677 676/676/676
f 681/681/681 680/680/680 679/679/679
f 684/684/684 683/683/683 682/682/682
f 687/687/687 686/686/686 685/685/685
f 690/690/690 689/689/689 688/688/688
f 693/693/693 692/692/692 691/691/691
f 696/696/696 695/695/695 694/694/694
f 699/699/699 698/698/698 697/697/697
f 702/702/702 701/701/701 700/700/700
f 705/705/705 704/704/704 703/703/703
f 708/708/708 707/707/707 706/706/706
f 711/711/711 710/710/710 709/709/709
f 714/714/714 713/713/713 712/712/712
f 717/717/717 716/716/716 715/715/715
f 720/720/720 719/719/719 718/718/718
f 723/723/723 722/722/722 721/721/721
f 726/726/726 725/725/725 724/724/724
f 729/729/729 728/728/728 727/727/727
f 732/732/732 731/731/731 730/730/730
f 735/735/735 734/734/734 733/733/733
f 738/738/738 737/737/737 736/736/736
f 741/741/741 740/740/740 739/739/739
f 744/744/744 743/743/743 742/742/742
f 747/747/747 746/746/746 745/745/745
f 750/750/750 749/749/749 748/748/748
f 753/753/753 752/752/752 751/751/751
f 756/756/756 755/755/755 754/754/754
f 759/759/759 758/758/758 757/757/757
f 762/762/762 761/761/761 760/760/760
f 765/765/765 764/764/764 763/763/763
f 768/768/768 767/767/767 766/766/766
f 771/771/771 770/770/770 769/769/769
f 774/774/774 773/773/773 772/772/772
f 777/777/777 776/776/776 775/775/775
f 780/780/780 779/779/779 778/778/778
f 783/783/783 782/782/782 781/781/781
f 786/786/786 785/785/785 784/784/784
f 789/789/789 788/788/788 787/787/787
f 792/792/792 791/791/791 790/790/790
f 795/795/795 794/794/794 793/793/793
f 798/798/798 797/797/797 796/796/796
f 801/801/801 800/800/800 799/799/799
f 804/804/804 803/803/803 802/802/802
f 807/807/807 806/806/806 805/805/805
f 810/810/810 809/809/809 808/808/808
f 813/813/813 812/812/812 811/811/811
f 816/816/816 815/815/815 814/814/814
f 819/819/819 818/818/818 817/817/817
f 822/822/822 821/821/821 820/820/820
f 825/825/825 824/824/824 823/823/823
f 828/828/828 827/827/827 826/826/826
f 831/831/831 830/830/830 829/829/829
f 834/834/834 833/833/833 832/832/832
f 837/837/837 836/836/836 835/835/835
f 840/840/840 839/839/839 838/838/838
f 843/843/843 842/842/842 841/841/841
f 846/846/846 845/845/845 844/844/844
f 849/849/849 848/848/848 847/847/847
f 852/852/852 851/851/851 850/850/850
f 855/855/855 854/854/854 853/853/853
f 858/858/858 857/857/857 856/856/856
f 861/861/861 860/860/860 859/859/859
f 864/864/864 863/863/863 862/862/862
f 867/867/867 866/866/866 865/865/865
f 870/870/870 869/869/869 868/868/868
f 873/873/873 872/872/872 871/871/871
f 876/876/876 875/875/875 874/874/874
f 879/879/879 878/878/878 877/877/877
f 882/882/882 881/881/881 880/880/880
f 885/885/885 884/884/884 883/883/883
f 888/888/888 887/887/887 886/886/886
f 891/891/891 890/890/890 889/889/889
f 894/894/894 893/893/893 892/892/892
f 897/897/897 896/896/896 895/895/895
f 900/900/900 899/899/899 898/898/898
f 903/903/903 902/902/902 901/901/901
f 906/906/906 905/905/905 904/904/904
f 909/909/909 908/908/908 907/907/907
f 912/912/912 911/911/911 910/910/910
f 915/915/915 914/914/914 913/913/913
f 918/918/918 917/917/917 916/916/916
f 921/921/921 920/920/920 919/919/919
f 924/924/924 923/923/923 922/922/922
f 927/927/927 926/926/926 925/925/925
f 930/930/930 929/929/929 928/928/928
f 933/933/933 932/932/932 931/931/931
f 936/936/936 935/935/935 934/934/934
f 939/939/939 938/938/938 937/937/937
f 942/942/942 941/941/941 940/940/940
f 945/945/945 944/944/944 943/943/943
f 948/948/948 947/947/947 946/946/946
f 951/951/951 950/950/950 949/949/949
f 954/954/954 953/953/953 952/952/952
f 957/957/957 956/956/956 955/955/955
f 960/960/960 959/959/959 958/958/958
f 963/963/963 962/962/962 961/961/961
f 966/966/966 965/965/965 964/964/964
f 969/969/969 968/968/968 967/967/967
f 972/972/972 971/971/971 970/970/970
f 975/975/975 974/974/974 973/973/973
f 978/978/978 977/977/977 976/976/976
f 981/981/981 980/980/980 979/979/979
f 984/984/984 983/983/983 982/982/982
f 987/987/987 986/986/986 985/985/985
f 990/990/990 989/989/989 988/988/988
f 993/993/993 992/992/992 991/991/991
f 996/996/996 995/995/995 994/994/994
f 999/999/999 998/998/998 997/997/997
f 1002/1002/1002 1001/1001/1001 1000/1000/1000
f 1005/1005/1005 1004/1004/1004 1003/1003/1003
f 1008/1008/1008 1007/1007/1007 1006/1006/1006
f 1011/1011/1011 1010/1010/1010 1009/1009/1009
f 1014/1014/1014 1013/1013/1013 1012/1012/1012
f 1017/1017/1017 1016/1016/1016 1015/1015/1015
f 1020/1020/1020 1019/1019/1019 1018/1018/1018
f 1023/1023/1023 1022/1022/1022 1021/1021/1021
f 1026/1026/1026 1025/1025/1025 1024/1024/1024
f 1029/1029/1029 1028/1028/1028 1027/1027/1027
f 1032/1032/1032 1031/1031/1031 1030/1030/1030
f 1035/1035/1035 1034/1034/1034 1033/1033/1033
f 1038/1038/1038 1037/1037/1037 1036/1036/1036
f 1041/1041/1041 1040/1040/1040 1039/1039/1039
f 1044/1044/1044 1043/1043/1043 1042/1042/1042
f 1047/1047/1047 1046/1046/1046 1045/1045/1045
f 1050/1050/1050 1049/1049/1049 1048/1048/1048
f 1053/1053/1053 1052/1052/1052 1051/1051/1051
f 1056/1056/1056 1055/1055/1055 1054/1054/1054
f 1059/1059/1059 1058/1058/1058 1057/1057/1057
f 1062/1062/1062 1061/1061/1061 1060/1060/1060
f 1065/1065/1065 1064/1064/1064 1063/1063/1063
f 1068/1068/1068 1067/1067/1067 1066/1066/1066
f 1071/1071/1071 1070/1070/1070 1069/1069/1069
f 1074/1074/1074 1073/1073/1073 1072/1072/1072
f 1077/1077/1077 1076/1076/1076 1075/1075/1075
f 1080/1080/1080 1079/1079/1079 1078/1078/1078
f 1083/1083/1083 1082/1082/1082 1081/1081/1081
f 1086/1086/1086 1085/1085/1085 1084/1084/1084
f 1089/1089/1089 1088/1088/1088 1087/1087/1087
f 1092/1092/1092 1091/1091/1091 1090/1090/1090
f 1095/1095/1095 1094/1094/1094 1093/1093/1093
f 1098/1098/1098 1097/1097/1097 1096/1096/1096
f 1101/1101/1101 1100/1100/1100 1099/1099/1099
f 1104/1104/1104 1103/1103/1103 1102/1102/1102
f 1107/1107/1107 1106/1106/1106 1105/1105/1105
f 1110/1110/1110 1109/1109/1109 1108/1108/1108
f 1113/1113/1113 1112/1112/1112 1111/1111/1111
f 1116/1116/1116 1115/1115/1115 1114/1114/1114
f 1119/1119/1119 1118/1118/1118 1117/1117/1117
f 1122/1122/1122 1121/1121/1121 1120/1120/1120
f 1125/1125/1125 1124/1124/1124 1123/1123/1123
f 1128/1128/1128 1127/1127/1127 1126/1126/1126
f 1131/1131/1131 1130/1130/1130 1129/1129/1129
f 1134/1134/1134 1133/1133/1133 1132/1132/1132
f 1137/1137/1137 1136/1136/1136 1135/1135/1135
f 1140/1140/1140 1139/1139/1139 1138/1138/1138
f 1143/1143/1143 1142/1142/1142 1141/1141/1141
f 1146/1146/1146 1145/1145/1145 1144/1144/1144
f 1149/1149/1149 1148/1148/1148 1147/1147/1147
f 1152/1152/1152 1151/1151/1151 1150/1150/1150
f 1155/1155/1155 1154/1154/1154 1153/1153/1153
f 1158/1158/1158 1157/1157/1157 1156/1156/1156
f 1161/1161/1161 1160/1160/1160 1159/1159/1159
f 1164/1164/1164 1163/1163/1163 1162/1162/1162
f 1167/1167/1167 1166/1166/1166 1165/1165/1165
f 1170/1170/1170 1169/1169/1169 1168/1168/1168
f 1173/1173/1173 1172/1172/1172 1171/1171/1171
f 1176/1176/1176 1175/1175/1175 1174/1174/1174
f 1179/1179/1179 1178/1178/1178 1177/1177/1177
f 1182/1182/1182 1181/1181/1181 1180/1180/1180
f 1185/1185/1185 1184/1184/1184 1183/1183/1183
f 1188/1188/1188 1187/1187/1187 1186/1186/1186
f 1191/1191/1191 1190/1190/1190 1189/1189/1189
f 1194/1194/1194 1193/1193/1193 1192/1192/1192
f 1197/1197/1197 1196/1196/1196 1195/1195/1195
f 1200/1200/1200 1199/1199/1199 1198/1198/1198
f 1203/1203/1203 1202/1202/1202 1201/1201/1201
f 1206/1206/1206 1205/1205/1205 1204/1204/1204
f 1209/1209/1209 1208/1208/1208 1207/1207/1207
f 1212/1212/1212 1211/1211/1211 1210/1210/1210
f 1215/1215/1215 1214/1214/1214 1213/1213/1213
f 1218/1218/1218 1217/1217/1217 1216/1216/1216
f 1221/1221/1221 1220/1220/1220 1219/1219/1219
f 1224/1224/1224 1223/1223/1223 1222/1222/1222
f 1227/1227/1227 1226/1226/1226 1225/1225/1225
f 1230/1230/1230 1229/1229/1229 1228/1228/1228
f 1233/1233/1233 1232/1232/1232 1231/1231/1231
f 1236/1236/1236 1235/1235/1235 1234/1234/1234
f 1239/1239/1239 1238/1238/1238 1237/1237/1237
f 1242/1242/1242 1241/1241/1241 1240/1240/1240
f 1245/1245/1245 1244/1244/1244 1243/1243/1243
f 1248/1248/1248 1247/1247/1247 1246/1246/1246
f 1251/1251/1251 1250/1250/1250 1249/1249/1249
f 1254/1254/1254 1253/1253/1253 1252/1252/1252
f 1257/1257/1257 1256/1256/1256 1255/1255/1255
f 1260/1260/1260 1259/1259/1259 1258/1258/1258
f 1263/1263/1263 1262/1262/1262 1261/1261/1261
f 1266/1266/1266 1265/1265/1265 1264/1264/1264
f 1269/1269/1269 1268/1268/1268 1267/1267/1267
f 1272/1272/1272 1271/1271/1271 1270/1270/1270
f 1275/1275/1275 1274/1274/1274 1273/1273/1273
f 1278/1278/1278 1277/1277/1277 1276/1276/1276
f 1281/1281/1281 1280/1280/1280 1279/1279/1279
f 1284/1284/1284 1283/1283/1283 1282/1282/1282
f 1287/1287/1287 1286/1286/1286 1285/1285/1285
f 1290/1290/1290 1289/1289/1289 1288/1288/1288
f 1293/1293/1293 1292/1292/1292 1291/1291/1291
f 1296/1296/1296 1295/1295/1295 1294/1294/1294
o Object_8
v 0.03078723 0.3066528 -0.04298773
v 0.03108889 0.3049979 -0.04544294
v 0.03367981 0.3001364 -0.03995925
v 0.03108889 0.3049979 -0.04544294
v 0.03156033 0.3025549 -0.04706129
v 0.03367981 0.3001364 -0.03995925
v 0.03069959 0.3072679 -0.04006872
v 0.03078723 0.3066528 -0.04298773
v 0.03367981 0.3001364 -0.03995925
v 0.03156033 0.3025549 -0.04706129
v 0.03213098 0.2996948 -0.04759523
v 0.03367981 0.3001364 -0.03995925
v 0.03083831 0.3067515 -0.03713116
v 0.03069959 0.3072679 -0.04006872
v 0.03367981 0.3001364 -0.03995925
v 0.03213098 0.2996948 -0.04759523
v 0.03271385 0.2968521 -0.04696476
v 0.03367981 0.3001364 -0.03995925
v 0.03118301 0.3051802 -0.0346213
v 0.03083831 0.3067515 -0.03713116
v 0.03367981 0.3001364 -0.03995925
v 0.03271385 0.2968521 -0.04696476
v 0.03321913 0.2944612 -0.04526457
v 0.03367981 0.3001364 -0.03995925
v 0.03168224 0.3027937 -0.03292114
v 0.03118301 0.3051802 -0.0346213
v 0.03367981 0.3001364 -0.03995925
v 0.03321913 0.2944612 -0.04526457
v 0.0335689 0.292886 -0.04275468
v 0.03367981 0.3001364 -0.03995925
v 0.03226162 0.299954 -0.03229073
v 0.03168224 0.3027937 -0.03292114
v 0.03367981 0.3001364 -0.03995925
v 0.0335689 0.292886 -0.04275468
v 0.03370892 0.2923682 -0.03981647
v 0.03367981 0.3001364 -0.03995925
v 0.03283357 0.297092 -0.03282461
v 0.03226162 0.299954 -0.03229073
v 0.03367981 0.3001364 -0.03995925
v 0.03370892 0.2923682 -0.03981647
v 0.03361798 0.2929856 -0.03689811
v 0.03367981 0.3001364 -0.03995925
v 0.03331016 0.294645 -0.03444296
v 0.03283357 0.297092 -0.03282461
v 0.03367981 0.3001364 -0.03995925
v 0.03361798 0.2929856 -0.03689811
v 0.03331016 0.294645 -0.03444296
v 0.03367981 0.3001364 -0.03995925
vn 0.9228582 0.3712847 -0.08823505
vn 0.9308281 0.3288844 -0.1508126
vn 0.9782455 0.200586 -0.01082645
vn 0.9308281 0.3288844 -0.1508126
vn 0.9431771 0.2663422 -0.1920307
vn 0.9782455 0.200586 -0.01082645
vn 0.9204507 0.3871222 -0.01383817
vn 0.9228582 0.3712847 -0.08823505
vn 0.9782455 0.200586 -0.01082645
vn 0.9431771 0.2663422 -0.1920307
vn 0.9580241 0.1931822 -0.2056492
vn 0.9782455 0.200586 -0.01082645
vn 0.923974 0.3739577 0.06104696
vn 0.9204507 0.3871222 -0.01383817
vn 0.9782455 0.200586 -0.01082645
vn 0.9580241 0.1931822 -0.2056492
vn 0.9731134 0.1205402 -0.1895624
vn 0.9782455 0.200586 -0.01082645
vn 0.9328834 0.3338235 0.1250213
vn 0.923974 0.3739577 0.06104696
vn 0.9782455 0.200586 -0.01082645
vn 0.9731134 0.1205402 -0.1895624
vn 0.9861312 0.05948057 -0.1462517
vn 0.9782455 0.200586 -0.01082645
vn 0.9458491 0.2727942 0.1683339
vn 0.9328834 0.3338235 0.1250213
vn 0.9782455 0.200586 -0.01082645
vn 0.9861312 0.05948057 -0.1462517
vn 0.9950903 0.0193187 -0.08227989
vn 0.9782455 0.200586 -0.01082645
vn 0.9609013 0.2001646 0.1844196
vn 0.9458491 0.2727942 0.1683339
vn 0.9782455 0.200586 -0.01082645
vn 0.9950903 0.0193187 -0.08227989
vn 0.9986187 0.006141188 -0.007397161
vn 0.9782455 0.200586 -0.01082645
vn 0.9757582 0.1269884 0.1707956
vn 0.9609013 0.2001646 0.1844196
vn 0.9782455 0.200586 -0.01082645
vn 0.9986187 0.006141188 -0.007397161
vn 0.9961783 0.02198899 0.06699281
vn 0.9782455 0.200586 -0.01082645
vn 0.9881474 0.0644138 0.1295696
vn 0.9757582 0.1269884 0.1707956
vn 0.9782455 0.200586 -0.01082645
vn 0.9961783 0.02198899 0.06699281
vn 0.9881474 0.0644138 0.1295696
vn 0.9782455 0.200586 -0.01082645
vt 0.9438451 0.9270435
vt 0.9428731 0.9328753
vt 0.9302375 0.9299594
vt 0.9428731 0.9328753
vt 0.9409292 0.9377352
vt 0.9302375 0.9299594
vt 0.9419011 0.9221836
vt 0.9438451 0.9270435
vt 0.9302375 0.9299594
vt 0.9409292 0.9377352
vt 0.9370413 0.9416231
vt 0.9302375 0.9299594
vt 0.9380133 0.9182957
vt 0.9419011 0.9221836
vt 0.9302375 0.9299594
vt 0.9370413 0.9416231
vt 0.9321814 0.9425951
vt 0.9302375 0.9299594
vt 0.9331534 0.9163518
vt 0.9380133 0.9182957
vt 0.9302375 0.9299594
vt 0.9321814 0.9425951
vt 0.9263496 0.9425951
vt 0.9302375 0.9299594
vt 0.9273216 0.9163518
vt 0.9331534 0.9163518
vt 0.9302375 0.9299594
vt 0.9263496 0.9425951
vt 0.9214897 0.9406511
vt 0.9302375 0.9299594
vt 0.9224617 0.9173238
vt 0.9273216 0.9163518
vt 0.9302375 0.9299594
vt 0.9214897 0.9406511
vt 0.9176018 0.9367632
vt 0.9302375 0.9299594
vt 0.9185738 0.9212117
vt 0.9224617 0.9173238
vt 0.9302375 0.9299594
vt 0.9176018 0.9367632
vt 0.9166299 0.9319034
vt 0.9302375 0.9299594
vt 0.9166299 0.9260715
vt 0.9185738 0.9212117
vt 0.9302375 0.9299594
vt 0.9166299 0.9319034
vt 0.9166299 0.9260715
vt 0.9302375 0.9299594
usemtl Material 1
f 1299/1299/1299 1298/1298/1298 1297/1297/1297
f 1302/1302/1302 1301/1301/1301 1300/1300/1300
f 1305/1305/1305 1304/1304/1304 1303/1303/1303
f 1308/1308/1308 1307/1307/1307 1306/1306/1306
f 1311/1311/1311 1310/1310/1310 1309/1309/1309
f 1314/1314/1314 1313/1313/1313 1312/1312/1312
f 1317/1317/1317 1316/1316/1316 1315/1315/1315
f 1320/1320/1320 1319/1319/1319 1318/1318/1318
f 1323/1323/1323 1322/1322/1322 1321/1321/1321
f 1326/1326/1326 1325/1325/1325 1324/1324/1324
f 1329/1329/1329 1328/1328/1328 1327/1327/1327
f 1332/1332/1332 1331/1331/1331 1330/1330/1330
f 1335/1335/1335 1334/1334/1334 1333/1333/1333
f 1338/1338/1338 1337/1337/1337 1336/1336/1336
f 1341/1341/1341 1340/1340/1340 1339/1339/1339
f 1344/1344/1344 1343/1343/1343 1342/1342/1342
o Object_88
v -0.05966148 0.1509128 0.003789827
v -0.05714717 0.1546996 0.03170109
v -0.04294083 0.1845472 0.03106509
v -0.03919904 0.1848616 0.003015772
v -0.05966148 0.1509128 0.003789827
v -0.04294083 0.1845472 0.03106509
v -0.05714717 0.1546996 0.03170109
v -0.04757028 0.1593851 0.04899161
v -0.03996513 0.1790979 0.04848868
v -0.04294083 0.1845472 0.03106509
v -0.05714717 0.1546996 0.03170109
v -0.03996513 0.1790979 0.04848868
v -0.04757028 0.1593851 0.04899161
v -0.05714717 0.1546996 0.03170109
v -0.03507306 0.1366456 0.03161816
v -0.03376791 0.1459173 0.04864752
v -0.04757028 0.1593851 0.04899161
v -0.03507306 0.1366456 0.03161816
v -0.05714717 0.1546996 0.03170109
v -0.05966148 0.1509128 0.003789827
v -0.03059766 0.1306398 0.003950804
v -0.03507306 0.1366456 0.03161816
v -0.05714717 0.1546996 0.03170109
v -0.03059766 0.1306398 0.003950804
v -0.03507306 0.1366456 0.03161816
v -0.03059766 0.1306398 0.003950804
v 0.0009534836 0.121696 0.003885143
v -0.009424829 0.1337335 0.02811383
v -0.03507306 0.1366456 0.03161816
v 0.0009534836 0.121696 0.003885143
v -0.03996513 0.1790979 0.04848868
v -0.03767383 0.1622215 0.05633707
v -0.02456913 0.1643433 0.05820113
v -0.02604955 0.182374 0.04913986
v -0.03996513 0.1790979 0.04848868
v -0.02456913 0.1643433 0.05820113
v -0.04294083 0.1845472 0.03106509
v -0.03996513 0.1790979 0.04848868
v -0.02604955 0.182374 0.04913986
v -0.02398005 0.187697 0.03056386
v -0.04294083 0.1845472 0.03106509
v -0.02604955 0.182374 0.04913986
v -0.03376791 0.1459173 0.04864752
v -0.03507306 0.1366456 0.03161816
v -0.009424829 0.1337335 0.02811383
v -0.018153 0.1454824 0.04772852
v -0.03376791 0.1459173 0.04864752
v -0.009424829 0.1337335 0.02811383
v -0.03767383 0.1622215 0.05633707
v -0.03376791 0.1459173 0.04864752
v -0.018153 0.1454824 0.04772852
v -0.02456913 0.1643433 0.05820113
v -0.03767383 0.1622215 0.05633707
v -0.018153 0.1454824 0.04772852
v 0.02961291 0.1902447 0.02890629
v 0.01711901 0.1870425 0.04989074
v 0.03702163 0.181709 0.05126646
v 0.05457636 0.1849934 0.02890544
v 0.02961291 0.1902447 0.02890629
v 0.03702163 0.181709 0.05126646
v 0.04291724 0.1927149 0.002271965
v 0.02961291 0.1902447 0.02890629
v 0.05457636 0.1849934 0.02890544
v 0.06767286 0.1907298 0.002127826
v 0.04291724 0.1927149 0.002271965
v 0.05457636 0.1849934 0.02890544
v 0.01711901 0.1870425 0.04989074
v 0.002619185 0.1684943 0.06263521
v 0.009458942 0.1694914 0.06583606
v 0.03702163 0.181709 0.05126646
v 0.01711901 0.1870425 0.04989074
v 0.009458942 0.1694914 0.06583606
v 0.04182488 0.1389119 0.02884714
v 0.05667438 0.1331169 0.003268331
v 0.08213402 0.1490147 0.002789959
v 0.06649498 0.1493432 0.03077878
v 0.04182488 0.1389119 0.02884714
v 0.08213402 0.1490147 0.002789959
v 0.002619185 0.1684943 0.06263521
v 0.02527594 0.1474978 0.05060975
v 0.0451046 0.1548632 0.05246373
v 0.009458942 0.1694914 0.06583606
v 0.002619185 0.1684943 0.06263521
v 0.0451046 0.1548632 0.05246373
v 0.02527594 0.1474978 0.05060975
v 0.04182488 0.1389119 0.02884714
v 0.06649498 0.1493432 0.03077878
v 0.0451046 0.1548632 0.05246373
v 0.02527594 0.1474978 0.05060975
v 0.06649498 0.1493432 0.03077878
v -0.02398005 0.187697 0.03056386
v -0.02604955 0.182374 0.04913986
v -0.00506021 0.1854359 0.04933687
v 0.004577508 0.1924432 0.02862509
v -0.02398005 0.187697 0.03056386
v -0.00506021 0.1854359 0.04933687
v -0.018153 0.1454824 0.04772852
v -0.009424829 0.1337335 0.02811383
v 0.01654521 0.1337454 0.02792408
v 0.003635225 0.1445872 0.0487378
v -0.018153 0.1454824 0.04772852
v 0.01654521 0.1337454 0.02792408
v -0.009424829 0.1337335 0.02811383
v 0.0009534836 0.121696 0.003885143
v 0.02986541 0.1247011 0.003618836
v 0.01654521 0.1337454 0.02792408
v -0.009424829 0.1337335 0.02811383
v 0.02986541 0.1247011 0.003618836
v -0.02604955 0.182374 0.04913986
v -0.02456913 0.1643433 0.05820113
v -0.00884634 0.1663677 0.05942114
v -0.00506021 0.1854359 0.04933687
v -0.02604955 0.182374 0.04913986
v -0.00884634 0.1663677 0.05942114
v -0.03919904 0.1848616 0.003015772
v -0.04294083 0.1845472 0.03106509
v -0.02398005 0.187697 0.03056386
v -0.01021865 0.1897931 0.002713516
v -0.03919904 0.1848616 0.003015772
v -0.02398005 0.187697 0.03056386
v -0.01021865 0.1897931 0.002713516
v -0.02398005 0.187697 0.03056386
v 0.004577508 0.1924432 0.02862509
v 0.01818287 0.1947075 0.002415806
v -0.01021865 0.1897931 0.002713516
v 0.004577508 0.1924432 0.02862509
v 0.003635225 0.1445872 0.0487378
v 0.01654521 0.1337454 0.02792408
v 0.04182488 0.1389119 0.02884714
v 0.02527594 0.1474978 0.05060975
v 0.003635225 0.1445872 0.0487378
v 0.04182488 0.1389119 0.02884714
v -0.02456913 0.1643433 0.05820113
v -0.018153 0.1454824 0.04772852
v 0.003635225 0.1445872 0.0487378
v -0.00884634 0.1663677 0.05942114
v -0.02456913 0.1643433 0.05820113
v 0.003635225 0.1445872 0.0487378
v -0.00884634 0.1663677 0.05942114
v 0.003635225 0.1445872 0.0487378
v 0.02527594 0.1474978 0.05060975
v 0.002619185 0.1684943 0.06263521
v -0.00884634 0.1663677 0.05942114
v 0.02527594 0.1474978 0.05060975
v 0.01654521 0.1337454 0.02792408
v 0.02986541 0.1247011 0.003618836
v 0.05667438 0.1331169 0.003268331
v 0.04182488 0.1389119 0.02884714
v 0.01654521 0.1337454 0.02792408
v 0.05667438 0.1331169 0.003268331
v -0.00506021 0.1854359 0.04933687
v -0.00884634 0.1663677 0.05942114
v 0.002619185 0.1684943 0.06263521
v 0.01711901 0.1870425 0.04989074
v -0.00506021 0.1854359 0.04933687
v 0.002619185 0.1684943 0.06263521
v 0.01818287 0.1947075 0.002415806
v 0.004577508 0.1924432 0.02862509
v 0.02961291 0.1902447 0.02890629
v 0.04291724 0.1927149 0.002271965
v 0.01818287 0.1947075 0.002415806
v 0.02961291 0.1902447 0.02890629
v 0.004577508 0.1924432 0.02862509
v -0.00506021 0.1854359 0.04933687
v 0.01711901 0.1870425 0.04989074
v 0.02961291 0.1902447 0.02890629
v 0.004577508 0.1924432 0.02862509
v 0.01711901 0.1870425 0.04989074
v 0.0451046 0.1548632 0.05246373
v 0.06649498 0.1493432 0.03077878
v 0.08372494 0.1690339 0.03137474
v 0.07135046 0.1668697 0.05808134
v 0.0451046 0.1548632 0.05246373
v 0.08372494 0.1690339 0.03137474
v 0.009458942 0.1694914 0.06583606
v 0.0451046 0.1548632 0.05246373
v 0.07135046 0.1668697 0.05808134
v 0.02095022 0.1693428 0.06661879
v 0.009458942 0.1694914 0.06583606
v 0.07135046 0.1668697 0.05808134
v 0.06649498 0.1493432 0.03077878
v 0.08213402 0.1490147 0.002789959
v 0.09729774 0.1710343 0.002274081
v 0.08372494 0.1690339 0.03137474
v 0.06649498 0.1493432 0.03077878
v 0.09729774 0.1710343 0.002274081
v 0.03702163 0.181709 0.05126646
v 0.009458942 0.1694914 0.06583606
v 0.02095022 0.1693428 0.06661879
v 0.07102191 0.1693221 0.05803861
v 0.03702163 0.181709 0.05126646
v 0.02095022 0.1693428 0.06661879
v 0.06767286 0.1907298 0.002127826
v 0.05457636 0.1849934 0.02890544
v 0.08337569 0.1716651 0.03132886
v 0.09694543 0.1736959 0.002227664
v 0.06767286 0.1907298 0.002127826
v 0.08337569 0.1716651 0.03132886
v 0.05457636 0.1849934 0.02890544
v 0.03702163 0.181709 0.05126646
v 0.07102191 0.1693221 0.05803861
v 0.08337569 0.1716651 0.03132886
v 0.05457636 0.1849934 0.02890544
v 0.07102191 0.1693221 0.05803861
v 0.02095022 0.1693428 0.06661879
v 0.07135046 0.1668697 0.05808134
v 0.0749957 0.1685003 0.05802474
v 0.01162323 0.1707763 0.06918431
v 0.02095022 0.1693428 0.06661879
v 0.0749957 0.1685003 0.05802474
v 0.08372494 0.1690339 0.03137474
v 0.09729774 0.1710343 0.002274081
v 0.1009494 0.1726623 0.002217472
v 0.08737742 0.1706637 0.03131808
v 0.08372494 0.1690339 0.03137474
v 0.1009494 0.1726623 0.002217472
v 0.07135046 0.1668697 0.05808134
v 0.08372494 0.1690339 0.03137474
v 0.08737742 0.1706637 0.03131808
v 0.0749957 0.1685003 0.05802474
v 0.07135046 0.1668697 0.05808134
v 0.08737742 0.1706637 0.03131808
v 0.09694543 0.1736959 0.002227664
v 0.08337569 0.1716651 0.03132886
v 0.08736825 0.1713226 0.03130601
v 0.1009374 0.1733526 0.00220485
v 0.09694543 0.1736959 0.002227664
v 0.08736825 0.1713226 0.03130601
v 0.07102191 0.1693221 0.05803861
v 0.02095022 0.1693428 0.06661879
v 0.01162323 0.1707763 0.06918431
v 0.07501433 0.1689772 0.05801582
v 0.07102191 0.1693221 0.05803861
v 0.01162323 0.1707763 0.06918431
v 0.08337569 0.1716651 0.03132886
v 0.07102191 0.1693221 0.05803861
v 0.07501433 0.1689772 0.05801582
v 0.08736825 0.1713226 0.03130601
v 0.08337569 0.1716651 0.03132886
v 0.07501433 0.1689772 0.05801582
v -0.3694191 -0.1662347 0.09569246
v -0.3795463 -0.1635929 0.04976431
v -0.3840849 -0.1685718 0.07474367
v -0.3840849 -0.1685718 0.07474367
v -0.3795463 -0.1635929 0.04976431
v -0.3913671 -0.1698928 0.06505677
v -0.08001621 0.08150694 0.256749
v -0.1089959 0.06615517 0.2408471
v -0.07022984 0.07576329 0.31049
v -0.1089959 0.06615517 0.2408471
v -0.08987392 0.06570604 0.332935
v -0.07022984 0.07576329 0.31049
v -0.2666739 0.3514661 0.06311339
v -0.2408396 0.3483851 0.09134972
v -0.2840987 0.2972037 0.108364
v -0.3123671 0.3019148 0.07179481
v -0.2666739 0.3514661 0.06311339
v -0.2840987 0.2972037 0.108364
v -0.2064006 0.1784372 0.3145317
v -0.1745868 0.2357602 0.4285108
v -0.2010713 0.2140654 0.4186746
v -0.2010713 0.2140654 0.4186746
v -0.1745868 0.2357602 0.4285108
v -0.211587 0.211912 0.460942
v -0.3418826 -0.1487576 0.1061584
v -0.292957 -0.1386304 0.08548051
v -0.327691 -0.1578688 0.04304104
v -0.2812718 -0.1504342 0.005140126
v -0.327691 -0.1578688 0.04304104
v -0.292957 -0.1386304 0.08548051
v -0.292957 -0.1386304 0.08548051
v -0.2452122 -0.1186919 0.09664185
v -0.2812718 -0.1504342 0.005140126
v -0.183423 0.2301005 0.2474382
v -0.182849 0.236477 0.3207896
v -0.2316997 0.1806391 0.2572038
v -0.2136621 0.1970896 0.2269891
v -0.183423 0.2301005 0.2474382
v -0.2316997 0.1806391 0.2572038
v -0.2157826 -0.1005912 0.1179323
v -0.1965382 -0.09314438 0.1205534
v -0.1949778 -0.128203 -0.008391649
v -0.2452122 -0.1186919 0.09664185
v -0.2157826 -0.1005912 0.1179323
v -0.1949778 -0.128203 -0.008391649
v -0.03471014 0.1633893 0.745793
v -0.02300303 0.1366556 0.6544713
v -0.03312388 0.1260456 0.7177762
v -0.04313048 0.1305301 0.7771661
v -0.03471014 0.1633893 0.745793
v -0.03312388 0.1260456 0.7177762
v -0.1167701 0.2375517 0.8923084
v -0.06735279 0.2057124 0.8870791
v -0.06611577 0.1747943 0.9040205
v -0.06735279 0.2057124 0.8870791
v -0.1167701 0.2375517 0.8923084
v -0.07115308 0.228399 0.8810019
v -0.07115308 0.228399 0.8810019
v -0.1167701 0.2375517 0.8923084
v -0.1138198 0.2540075 0.8869138
v -0.1167701 0.2375517 0.8923084
v -0.1404151 0.245203 0.8973739
v -0.1138198 0.2540075 0.8869138
v -0.1167701 0.2375517 0.8923084
v -0.1761061 0.1884729 0.9236985
v -0.1404151 0.245203 0.8973739
v -0.1613781 0.2284174 0.9083122
v -0.1404151 0.245203 0.8973739
v -0.1761061 0.1884729 0.9236985
v -0.1251875 0.1312784 0.9239287
v -0.1689298 0.1623783 0.9286643
v -0.1761061 0.1884729 0.9236985
v -0.1761061 0.1884729 0.9236985
v -0.1167701 0.2375517 0.8923084
v -0.1251875 0.1312784 0.9239287
v -0.1404151 0.245203 0.8973739
v -0.1642984 0.2284164 0.8917654
v -0.1400244 0.2478244 0.8687367
v -0.1404151 0.245203 0.8973739
v -0.1613781 0.2284174 0.9083122
v -0.1642984 0.2284164 0.8917654
v -0.38461 -0.152602 0.00514017
v -0.3795463 -0.1635929 0.04976431
v -0.327691 -0.1578688 0.04304104
v -0.3590379 -0.147911 0.00514017
v -0.38461 -0.152602 0.00514017
v -0.327691 -0.1578688 0.04304104
v -0.3590379 -0.147911 0.00514017
v -0.327691 -0.1578688 0.04304104
v -0.3279789 -0.1451166 0.005140156
v -0.2950738 -0.1071479 0.1136606
v -0.2668091 -0.1033884 0.1173863
v -0.2576729 -0.1039539 0.1233555
v -0.2271371 -0.07754122 0.1547251
v -0.2576729 -0.1039539 0.1233555
v -0.2668091 -0.1033884 0.1173863
v -0.08896364 0.2391774 0.3481212
v -0.02745786 0.2132624 0.3341957
v -0.04902623 0.2142438 0.435245
v -0.1022022 0.2354512 0.4334982
v -0.08896364 0.2391774 0.3481212
v -0.04902623 0.2142438 0.435245
v -0.182849 0.236477 0.3207896
v -0.183423 0.2301005 0.2474382
v -0.09868842 0.240476 0.2787902
v -0.183423 0.2301005 0.2474382
v -0.09685893 0.2441178 0.2458766
v -0.09868842 0.240476 0.2787902
v -0.1068398 0.2378525 0.5231516
v -0.1905025 0.2346894 0.5209399
v -0.1023245 0.2322556 0.4804347
v -0.1905025 0.2346894 0.5209399
v -0.1745868 0.2357602 0.4285108
v -0.1023245 0.2322556 0.4804347
v -0.3858462 0.104152 0.09108605
v -0.4074725 0.01822291 0.08587004
v -0.417769 0.07752983 0.005140156
v -0.3858462 0.104152 0.09108605
v -0.417769 0.07752983 0.005140156
v -0.3919429 0.1924857 0.005140126
v -0.2452122 -0.1186919 0.09664185
v -0.2576729 -0.1039539 0.1233555
v -0.2271371 -0.07754122 0.1547251
v -0.2157826 -0.1005912 0.1179323
v -0.2452122 -0.1186919 0.09664185
v -0.2271371 -0.07754122 0.1547251
v -0.1251875 0.1312784 0.9239287
v -0.1299412 0.1079123 0.9093181
v -0.142427 0.1188897 0.9014254
v -0.142427 0.1188897 0.9014254
v -0.1299412 0.1079123 0.9093181
v -0.1452652 0.09686804 0.8903291
v -0.1350239 0.3313849 0.10371
v -0.1234979 0.3142071 0.1062456
v -0.1341236 0.2982087 0.1097915
v -0.1053863 0.3174755 0.1053049
v -0.1234979 0.3142071 0.1062456
v -0.1350239 0.3313849 0.10371
v 0.01543663 0.327667 0.06342322
v 0.007505991 0.3354129 0.06267792
v 0.01874668 0.3306302 0.04056227
v 0.007505991 0.3354129 0.06267792
v 0.0104461 0.3380069 0.04162195
v 0.01874668 0.3306302 0.04056227
v 0.06648963 0.24858 0.001071841
v 0.07353996 0.2422359 0.001137137
v 0.06504185 0.2468976 0.01337682
v 0.07353996 0.2422359 0.001137137
v 0.07876398 0.2327295 0.0187206
v 0.06504185 0.2468976 0.01337682
v -0.02258618 0.3273349 0.07251483
v -0.008672243 0.3288617 0.06865871
v -0.01267073 0.3203978 0.07782108
v -0.02576645 0.3442614 0.0571343
v -0.008672243 0.3288617 0.06865871
v -0.02258618 0.3273349 0.07251483
v -0.07006217 0.07953715 0.3647755
v -0.08987392 0.06570604 0.332935
v -0.1069084 0.0782339 0.4426852
v -0.07719208 0.09068942 0.4373196
v -0.07006217 0.07953715 0.3647755
v -0.1069084 0.0782339 0.4426852
v -0.07719208 0.09068942 0.4373196
v -0.02906484 0.1138645 0.4333183
v -0.07006217 0.07953715 0.3647755
v -0.3680136 -0.02491091 0.1387585
v -0.3857954 -0.04331939 0.1476833
v -0.4022903 -0.01913607 0.1272087
v -0.3680136 -0.02491091 0.1387585
v -0.4022903 -0.01913607 0.1272087
v -0.390097 0.009162694 0.1080889
v -0.2294827 0.108224 0.2240732
v -0.1965519 0.04063532 0.228145
v -0.2525837 0.01121172 0.2097503
v -0.2525837 0.01121172 0.2097503
v -0.1965519 0.04063532 0.228145
v -0.2089068 -0.0009853989 0.2123307
v -0.3202903 -0.08975559 0.1288176
v -0.3360061 -0.07077117 0.1373359
v -0.2962932 -0.07725742 0.13339
v -0.3189355 -0.05563121 0.1424164
v -0.2962932 -0.07725742 0.13339
v -0.3360061 -0.07077117 0.1373359
v -0.1926894 -0.05068553 0.1623745
v -0.2089068 -0.0009853989 0.2123307
v -0.1776983 -0.0467665 0.1525427
v -0.2089068 -0.0009853989 0.2123307
v -0.1965519 0.04063532 0.228145
v -0.1776983 -0.0467665 0.1525427
v -0.1660932 0.2394458 0.6442058
v -0.1583955 0.2307717 0.7335357
v -0.2052441 0.1782673 0.739279
v -0.1660932 0.2394458 0.6442058
v -0.2052441 0.1782673 0.739279
v -0.1905025 0.2346894 0.5209399
v -0.1576336 0.2040455 0.8137925
v -0.1918073 0.1777793 0.7732133
v -0.1532403 0.2239032 0.7685931
v -0.1532403 0.2239032 0.7685931
v -0.1918073 0.1777793 0.7732133
v -0.1583955 0.2307717 0.7335357
v -0.05788433 0.2241198 0.5263052
v -0.02216856 0.1496382 0.526308
v -0.0415436 0.1893315 0.6449624
v -0.05788433 0.2241198 0.5263052
v -0.04902623 0.2142438 0.435245
v -0.02216856 0.1496382 0.526308
v -0.3840849 -0.1685718 0.07474367
v -0.3913671 -0.1698928 0.06505677
v -0.3957194 -0.1697403 0.08612409
v -0.3840849 -0.1685718 0.07474367
v -0.3957194 -0.1697403 0.08612409
v -0.3694191 -0.1662347 0.09569246
v -0.3095028 0.1812407 0.153678
v -0.3458796 0.1559904 0.1185206
v -0.3369715 0.2019016 0.1037026
v -0.3369715 0.2019016 0.1037026
v -0.3458796 0.1559904 0.1185206
v -0.3858462 0.104152 0.09108605
v -0.345744 0.06921458 0.1496136
v -0.3675565 0.07913867 0.1260229
v -0.3088085 0.1170733 0.1786912
v -0.3088085 0.1170733 0.1786912
v -0.3675565 0.07913867 0.1260229
v -0.33582 0.1497751 0.1446685
v -0.3680136 -0.02491091 0.1387585
v -0.390097 0.009162694 0.1080889
v -0.3657443 0.01266825 0.1299521
v -0.3657443 0.01266825 0.1299521
v -0.3340755 0.0121263 0.1597749
v -0.3680136 -0.02491091 0.1387585
v -0.3948049 -0.1609849 0.02458175
v -0.4109949 -0.1530254 0.005140185
v -0.4098941 -0.1688428 0.05189815
v -0.433925 -0.158089 0.02810428
v -0.4098941 -0.1688428 0.05189815
v -0.4109949 -0.1530254 0.005140185
v -0.1726486 0.1236793 0.4277633
v -0.1546089 0.09472334 0.4775967
v -0.1069084 0.0782339 0.4426852
v -0.1726486 0.1236793 0.4277633
v -0.1844923 0.1092258 0.5047375
v -0.1546089 0.09472334 0.4775967
v -0.01754198 0.155939 0.6516591
v -0.03471014 0.1633893 0.745793
v -0.0415436 0.1893315 0.6449624
v -0.03471014 0.1633893 0.745793
v -0.06974712 0.2151285 0.7347791
v -0.0415436 0.1893315 0.6449624
v -0.03312388 0.1260456 0.7177762
v -0.02300303 0.1366556 0.6544713
v -0.06193827 0.08746946 0.6643674
v -0.06193827 0.08746946 0.6643674
v -0.02300303 0.1366556 0.6544713
v -0.03810764 0.108114 0.5260933
v -0.1413992 0.2160118 0.8639728
v -0.1097403 0.2201235 0.8435369
v -0.1134286 0.2405697 0.8616086
v -0.1413992 0.2160118 0.8639728
v -0.155127 0.1826802 0.8513356
v -0.1097403 0.2201235 0.8435369
v -0.008413329 0.1193031 0.2699275
v -0.03468665 0.09230915 0.2867065
v -0.03278087 0.09954992 0.3261791
v -0.008413329 0.1193031 0.2699275
v -0.02979464 0.09245333 0.2632663
v -0.03468665 0.09230915 0.2867065
v 0.0002572918 0.1694227 0.3274127
v -0.008125625 0.1276136 0.336881
v -0.0213218 0.1593716 0.4347854
v -0.008125625 0.1276136 0.336881
v -0.02906484 0.1138645 0.4333183
v -0.0213218 0.1593716 0.4347854
v -0.05401006 0.2069908 0.1579081
v -0.002836919 0.1402316 0.157857
v -0.03052033 0.2139393 0.2470537
v -0.002836919 0.1402316 0.157857
v 0.003161759 0.1667009 0.2550523
v -0.03052033 0.2139393 0.2470537
v 0.003161759 0.1667009 0.2550523
v -0.008413329 0.1193031 0.2699275
v 0.0002572918 0.1694227 0.3274127
v -0.002427039 0.1369418 0.2337845
v -0.008413329 0.1193031 0.2699275
v 0.003161759 0.1667009 0.2550523
v -0.4098941 -0.1688428 0.05189815
v -0.4403774 -0.1687581 0.1048544
v -0.3957194 -0.1697403 0.08612409
v -0.3913671 -0.1698928 0.06505677
v -0.4098941 -0.1688428 0.05189815
v -0.3957194 -0.1697403 0.08612409
v -0.09676663 0.2609519 0.1131767
v -0.08032516 0.247973 0.1066986
v -0.1090886 0.2157951 0.119199
v -0.08032516 0.247973 0.1066986
v -0.06961996 0.2119881 0.1020996
v -0.1090886 0.2157951 0.119199
v -0.3189355 -0.05563121 0.1424164
v -0.3544654 -0.04712982 0.140452
v -0.3288764 -0.02819628 0.1509686
v -0.2747178 -0.04291293 0.1549992
v -0.3189355 -0.05563121 0.1424164
v -0.3288764 -0.02819628 0.1509686
v -0.05966148 0.1509128 0.003789827
v -0.03919904 0.1848616 0.003015772
v -0.04334976 0.1835161 -0.02494542
v -0.05755381 0.1536702 -0.02427559
v -0.05966148 0.1509128 0.003789827
v -0.04334976 0.1835161 -0.02494542
v -0.05755381 0.1536702 -0.02427559
v -0.04334976 0.1835161 -0.02494542
v -0.04062701 0.1774288 -0.04219827
v -0.04823262 0.1577136 -0.04186465
v -0.05755381 0.1536702 -0.02427559
v -0.04062701 0.1774288 -0.04219827
v -0.04823262 0.1577136 -0.04186465
v -0.03442323 0.1442637 -0.04122671
v -0.03547706 0.1356253 -0.02385056
v -0.05755381 0.1536702 -0.02427559
v -0.04823262 0.1577136 -0.04186465
v -0.03547706 0.1356253 -0.02385056
v -0.05755381 0.1536702 -0.02427559
v -0.03547706 0.1356253 -0.02385056
v -0.03059766 0.1306398 0.003950804
v -0.05966148 0.1509128 0.003789827
v -0.05755381 0.1536702 -0.02427559
v -0.03059766 0.1306398 0.003950804
v -0.03547706 0.1356253 -0.02385056
v -0.009780121 0.132837 -0.02061602
v 0.0009534836 0.121696 0.003885143
v -0.03059766 0.1306398 0.003950804
v -0.03547706 0.1356253 -0.02385056
v 0.0009534836 0.121696 0.003885143
v -0.04062701 0.1774288 -0.04219827
v -0.0267233 0.180675 -0.04317252
v -0.02537019 0.1623231 -0.05158494
v -0.03844555 0.160275 -0.04945309
v -0.04062701 0.1774288 -0.04219827
v -0.02537019 0.1623231 -0.05158494
v -0.04334976 0.1835161 -0.02494542
v -0.02438442 0.1866772 -0.02483711
v -0.0267233 0.180675 -0.04317252
v -0.04062701 0.1774288 -0.04219827
v -0.04334976 0.1835161 -0.02494542
v -0.0267233 0.180675 -0.04317252
v -0.03442323 0.1442637 -0.04122671
v -0.01879667 0.1438587 -0.04052025
v -0.009780121 0.132837 -0.02061602
v -0.03547706 0.1356253 -0.02385056
v -0.03442323 0.1442637 -0.04122671
v -0.009780121 0.132837 -0.02061602
v -0.03844555 0.160275 -0.04945309
v -0.02537019 0.1623231 -0.05158494
v -0.01879667 0.1438587 -0.04052025
v -0.03442323 0.1442637 -0.04122671
v -0.03844555 0.160275 -0.04945309
v -0.01879667 0.1438587 -0.04052025
v 0.02922639 0.18927 -0.02405651
v 0.05418858 0.1840155 -0.02422668
v 0.03631038 0.1799154 -0.04619321
v 0.01642852 0.1853013 -0.04472439
v 0.02922639 0.18927 -0.02405651
v 0.03631038 0.1799154 -0.04619321
v 0.04291724 0.1927149 0.002271965
v 0.06767286 0.1907298 0.002127826
v 0.05418858 0.1840155 -0.02422668
v 0.02922639 0.18927 -0.02405651
v 0.04291724 0.1927149 0.002271965
v 0.05418858 0.1840155 -0.02422668
v 0.01642852 0.1853013 -0.04472439
v 0.03631038 0.1799154 -0.04619321
v 0.008541352 0.1671775 -0.05989979
v 0.001749306 0.1663007 -0.05656496
v 0.01642852 0.1853013 -0.04472439
v 0.008541352 0.1671775 -0.05989979
v 0.04145176 0.137971 -0.02228701
v 0.06608821 0.1483175 -0.02496085
v 0.08213402 0.1490147 0.002789959
v 0.05667438 0.1331169 0.003268331
v 0.04145176 0.137971 -0.02228701
v 0.08213402 0.1490147 0.002789959
v 0.001749306 0.1663007 -0.05656496
v 0.008541352 0.1671775 -0.05989979
v 0.04438224 0.1530416 -0.0465198
v 0.02458477 0.1457548 -0.04410698
v 0.001749306 0.1663007 -0.05656496
v 0.04438224 0.1530416 -0.0465198
v 0.02458477 0.1457548 -0.04410698
v 0.04438224 0.1530416 -0.0465198
v 0.06608821 0.1483175 -0.02496085
v 0.04145176 0.137971 -0.02228701
v 0.02458477 0.1457548 -0.04410698
v 0.06608821 0.1483175 -0.02496085
v -0.02438442 0.1866772 -0.02483711
v 0.004197176 0.191484 -0.02349111
v -0.005739836 0.183722 -0.04378825
v -0.0267233 0.180675 -0.04317252
v -0.02438442 0.1866772 -0.02483711
v -0.005739836 0.183722 -0.04378825
v -0.01879667 0.1438587 -0.04052025
v 0.002974553 0.1429211 -0.04181369
v 0.01618972 0.1328488 -0.02080576
v -0.009780121 0.132837 -0.02061602
v -0.01879667 0.1438587 -0.04052025
v 0.01618972 0.1328488 -0.02080576
v -0.009780121 0.132837 -0.02061602
v 0.01618972 0.1328488 -0.02080576
v 0.02986541 0.1247011 0.003618836
v 0.0009534836 0.121696 0.003885143
v -0.009780121 0.132837 -0.02061602
v 0.02986541 0.1247011 0.003618836
v -0.0267233 0.180675 -0.04317252
v -0.005739836 0.183722 -0.04378825
v -0.009667487 0.1642969 -0.05310789
v -0.02537019 0.1623231 -0.05158494
v -0.0267233 0.180675 -0.04317252
v -0.009667487 0.1642969 -0.05310789
v -0.03919904 0.1848616 0.003015772
v -0.01021865 0.1897931 0.002713516
v -0.02438442 0.1866772 -0.02483711
v -0.04334976 0.1835161 -0.02494542
v -0.03919904 0.1848616 0.003015772
v -0.02438442 0.1866772 -0.02483711
v -0.02438442 0.1866772 -0.02483711
v -0.01021865 0.1897931 0.002713516
v 0.004197176 0.191484 -0.02349111
v -0.01021865 0.1897931 0.002713516
v 0.01818287 0.1947075 0.002415806
v 0.004197176 0.191484 -0.02349111
v 0.002974553 0.1429211 -0.04181369
v 0.02458477 0.1457548 -0.04410698
v 0.04145176 0.137971 -0.02228701
v 0.01618972 0.1328488 -0.02080576
v 0.002974553 0.1429211 -0.04181369
v 0.04145176 0.137971 -0.02228701
v -0.01879667 0.1438587 -0.04052025
v -0.02537019 0.1623231 -0.05158494
v 0.002974553 0.1429211 -0.04181369
v -0.02537019 0.1623231 -0.05158494
v -0.009667487 0.1642969 -0.05310789
v 0.002974553 0.1429211 -0.04181369
v -0.009667487 0.1642969 -0.05310789
v 0.001749306 0.1663007 -0.05656496
v 0.02458477 0.1457548 -0.04410698
v 0.002974553 0.1429211 -0.04181369
v -0.009667487 0.1642969 -0.05310789
v 0.02458477 0.1457548 -0.04410698
v 0.01618972 0.1328488 -0.02080576
v 0.04145176 0.137971 -0.02228701
v 0.05667438 0.1331169 0.003268331
v 0.02986541 0.1247011 0.003618836
v 0.01618972 0.1328488 -0.02080576
v 0.05667438 0.1331169 0.003268331
v -0.005739836 0.183722 -0.04378825
v 0.01642852 0.1853013 -0.04472439
v 0.001749306 0.1663007 -0.05656496
v -0.009667487 0.1642969 -0.05310789
v -0.005739836 0.183722 -0.04378825
v 0.001749306 0.1663007 -0.05656496
v 0.01818287 0.1947075 0.002415806
v 0.04291724 0.1927149 0.002271965
v 0.02922639 0.18927 -0.02405651
v 0.004197176 0.191484 -0.02349111
v 0.01818287 0.1947075 0.002415806
v 0.02922639 0.18927 -0.02405651
v 0.004197176 0.191484 -0.02349111
v 0.02922639 0.18927 -0.02405651
v 0.01642852 0.1853013 -0.04472439
v -0.005739836 0.183722 -0.04378825
v 0.004197176 0.191484 -0.02349111
v 0.01642852 0.1853013 -0.04472439
v 0.04438224 0.1530416 -0.0465198
v 0.07054012 0.1648261 -0.05295767
v 0.08330233 0.1679682 -0.02653216
v 0.06608821 0.1483175 -0.02496085
v 0.04438224 0.1530416 -0.0465198
v 0.08330233 0.1679682 -0.02653216
v 0.008541352 0.1671775 -0.05989979
v 0.02002001 0.166997 -0.06084409
v 0.07054012 0.1648261 -0.05295767
v 0.04438224 0.1530416 -0.0465198
v 0.008541352 0.1671775 -0.05989979
v 0.07054012 0.1648261 -0.05295767
v 0.06608821 0.1483175 -0.02496085
v 0.08330233 0.1679682 -0.02653216
v 0.09729774 0.1710343 0.002274081
v 0.08213402 0.1490147 0.002789959
v 0.06608821 0.1483175 -0.02496085
v 0.09729774 0.1710343 0.002274081
v 0.03631038 0.1799154 -0.04619321
v 0.07021149 0.1672783 -0.05300041
v 0.02002001 0.166997 -0.06084409
v 0.008541352 0.1671775 -0.05989979
v 0.03631038 0.1799154 -0.04619321
v 0.02002001 0.166997 -0.06084409
v 0.06767286 0.1907298 0.002127826
v 0.09694543 0.1736959 0.002227664
v 0.08295303 0.1705992 -0.02657802
v 0.05418858 0.1840155 -0.02422668
v 0.06767286 0.1907298 0.002127826
v 0.08295303 0.1705992 -0.02657802
v 0.05418858 0.1840155 -0.02422668
v 0.08295303 0.1705992 -0.02657802
v 0.07021149 0.1672783 -0.05300041
v 0.03631038 0.1799154 -0.04619321
v 0.05418858 0.1840155 -0.02422668
v 0.07021149 0.1672783 -0.05300041
v 0.02002001 0.166997 -0.06084409
v 0.01065622 0.1683378 -0.06332427
v 0.07418534 0.1664567 -0.05301428
v 0.07054012 0.1648261 -0.05295767
v 0.02002001 0.166997 -0.06084409
v 0.07418534 0.1664567 -0.05301428
v 0.08330233 0.1679682 -0.02653216
v 0.08695482 0.1695981 -0.0265888
v 0.1009494 0.1726623 0.002217472
v 0.09729774 0.1710343 0.002274081
v 0.08330233 0.1679682 -0.02653216
v 0.1009494 0.1726623 0.002217472
v 0.07054012 0.1648261 -0.05295767
v 0.07418534 0.1664567 -0.05301428
v 0.08695482 0.1695981 -0.0265888
v 0.08330233 0.1679682 -0.02653216
v 0.07054012 0.1648261 -0.05295767
v 0.08695482 0.1695981 -0.0265888
v 0.09694543 0.1736959 0.002227664
v 0.1009374 0.1733526 0.00220485
v 0.08694563 0.1702568 -0.02660087
v 0.08295303 0.1705992 -0.02657802
v 0.09694543 0.1736959 0.002227664
v 0.08694563 0.1702568 -0.02660087
v 0.07021149 0.1672783 -0.05300041
v 0.0742039 0.1669334 -0.05302319
v 0.01065622 0.1683378 -0.06332427
v 0.02002001 0.166997 -0.06084409
v 0.07021149 0.1672783 -0.05300041
v 0.01065622 0.1683378 -0.06332427
v 0.08295303 0.1705992 -0.02657802
v 0.08694563 0.1702568 -0.02660087
v 0.0742039 0.1669334 -0.05302319
v 0.07021149 0.1672783 -0.05300041
v 0.08295303 0.1705992 -0.02657802
v 0.0742039 0.1669334 -0.05302319
v -0.3795464 -0.1635929 -0.03948395
v -0.3694192 -0.1662348 -0.08541211
v -0.3840851 -0.1685718 -0.06446332
v -0.3795464 -0.1635929 -0.03948395
v -0.3840851 -0.1685718 -0.06446332
v -0.3913671 -0.1698928 -0.05477641
v -0.2058067 0.06212367 -0.214812
v -0.1889023 0.07695329 -0.2281169
v -0.1874921 0.07368115 -0.2810353
v -0.209169 0.06469345 -0.3036535
v -0.2058067 0.06212367 -0.214812
v -0.1874921 0.07368115 -0.2810353
v -0.2419778 0.3455605 -0.08711872
v -0.2675699 0.3492049 -0.05984566
v -0.285642 0.2933128 -0.1028099
v -0.2675699 0.3492049 -0.05984566
v -0.3133748 0.2993733 -0.06603026
v -0.285642 0.2933128 -0.1028099
v -0.2940017 0.2428516 -0.3899624
v -0.317201 0.1765317 -0.2790227
v -0.3204726 0.2208252 -0.3809282
v -0.2940017 0.2428516 -0.3899624
v -0.3204726 0.2208252 -0.3809282
v -0.3310527 0.2229756 -0.425891
v -0.292957 -0.1386304 -0.07520027
v -0.3418826 -0.1487576 -0.09587806
v -0.327691 -0.1578688 -0.03276072
v -0.327691 -0.1578688 -0.03276072
v -0.2812718 -0.1504342 0.005140126
v -0.292957 -0.1386304 -0.07520027
v -0.2514133 -0.1183637 -0.08572484
v -0.292957 -0.1386304 -0.07520027
v -0.2812718 -0.1504342 0.005140126
v -0.2990214 0.2343998 -0.2811011
v -0.2890833 0.2237408 -0.2099804
v -0.3266117 0.175749 -0.2241496
v -0.2890833 0.2237408 -0.2099804
v -0.3015039 0.1902878 -0.1947706
v -0.3266117 0.175749 -0.2241496
v -0.2090027 -0.09276175 -0.1086091
v -0.2261737 -0.1002322 -0.1062633
v -0.1949778 -0.128203 -0.008391649
v -0.2261737 -0.1002322 -0.1062633
v -0.2514133 -0.1183637 -0.08572484
v -0.1949778 -0.128203 -0.008391649
v -0.1426439 0.1390828 -0.6183671
v -0.15446 0.1604753 -0.7110718
v -0.1528235 0.1248182 -0.6809403
v -0.15446 0.1604753 -0.7110718
v -0.162834 0.1260098 -0.7404917
v -0.1528235 0.1248182 -0.6809403
v -0.2120055 0.2260046 -0.8656747
v -0.2749028 0.2289511 -0.8649624
v -0.1877375 0.1840113 -0.8758224
v -0.2749028 0.2289511 -0.8649624
v -0.2120055 0.2260046 -0.8656747
v -0.2301432 0.2454785 -0.8609688
v -0.2749028 0.2289511 -0.8649624
v -0.2301432 0.2454785 -0.8609688
v -0.2802543 0.2452149 -0.8610321
v -0.2995095 0.2229756 -0.8664061
v -0.2749028 0.2289511 -0.8649624
v -0.2802543 0.2452149 -0.8610321
v -0.3036248 0.1530974 -0.8832927
v -0.2749028 0.2289511 -0.8649624
v -0.2995095 0.2229756 -0.8664061
v -0.2995095 0.2229756 -0.8664061
v -0.3099247 0.1966705 -0.8727629
v -0.3036248 0.1530974 -0.8832927
v -0.2846574 0.1337224 -0.8879747
v -0.2309388 0.1296726 -0.8889534
v -0.3036248 0.1530974 -0.8832927
v -0.2749028 0.2289511 -0.8649624
v -0.3036248 0.1530974 -0.8832927
v -0.2309388 0.1296726 -0.8889534
v -0.3104833 0.1973898 -0.8559853
v -0.2995095 0.2229756 -0.8664061
v -0.2972061 0.2291929 -0.8384214
v -0.3099247 0.1966705 -0.8727629
v -0.2995095 0.2229756 -0.8664061
v -0.3104833 0.1973898 -0.8559853
v -0.3795464 -0.1635929 -0.03948395
v -0.38461 -0.152602 0.00514017
v -0.327691 -0.1578688 -0.03276072
v -0.38461 -0.152602 0.00514017
v -0.3590379 -0.147911 0.00514017
v -0.327691 -0.1578688 -0.03276072
v -0.327691 -0.1578688 -0.03276072
v -0.3590379 -0.147911 0.00514017
v -0.3279789 -0.1451166 0.005140156
v -0.2668093 -0.1033884 -0.1071061
v -0.2950739 -0.107148 -0.1033804
v -0.265195 -0.1036743 -0.112031
v -0.265195 -0.1036743 -0.112031
v -0.2411402 -0.07717636 -0.1422832
v -0.2668093 -0.1033884 -0.1071061
v -0.1467527 0.212045 -0.2957835
v -0.2082743 0.2387742 -0.3079948
v -0.1684429 0.2206451 -0.397152
v -0.2082743 0.2387742 -0.3079948
v -0.2216202 0.2421902 -0.3946409
v -0.1684429 0.2206451 -0.397152
v -0.2890833 0.2237408 -0.2099804
v -0.2990214 0.2343998 -0.2811011
v -0.2179186 0.2357466 -0.2387065
v -0.2160509 0.2373292 -0.2056319
v -0.2890833 0.2237408 -0.2099804
v -0.2179186 0.2357466 -0.2387065
v -0.3100574 0.2448201 -0.4894464
v -0.2264 0.2478746 -0.4921606
v -0.2218275 0.2438308 -0.4473733
v -0.2940017 0.2428516 -0.3899624
v -0.3100574 0.2448201 -0.4894464
v -0.2218275 0.2438308 -0.4473733
v -0.4074725 0.01822291 -0.07558975
v -0.3858463 0.104152 -0.0808058
v -0.417769 0.07752983 0.005140156
v -0.417769 0.07752983 0.005140156
v -0.3858463 0.104152 -0.0808058
v -0.3919429 0.1924857 0.005140126
v -0.265195 -0.1036743 -0.112031
v -0.2514133 -0.1183637 -0.08572484
v -0.2411402 -0.07717636 -0.1422832
v -0.2514133 -0.1183637 -0.08572484
v -0.2261737 -0.1002322 -0.1062633
v -0.2411402 -0.07717636 -0.1422832
v -0.2212348 0.1092358 -0.8725145
v -0.2309388 0.1296726 -0.8889534
v -0.2365781 0.113408 -0.8632479
v -0.2212348 0.1092358 -0.8725145
v -0.2365781 0.113408 -0.8632479
v -0.2263489 0.09461641 -0.8506623
v -0.1249134 0.3107691 -0.1028388
v -0.1364286 0.3279291 -0.1009013
v -0.1355142 0.2948626 -0.1053582
v -0.1249134 0.3107691 -0.1028388
v -0.106826 0.3139526 -0.1024905
v -0.1364286 0.3279291 -0.1009013
v 0.07353996 0.2422359 0.001137137
v 0.06648963 0.24858 0.001071841
v 0.06486303 0.246446 -0.01114047
v 0.07850946 0.2320874 -0.016159
v 0.07353996 0.2422359 0.001137137
v 0.06486303 0.246446 -0.01114047
v -0.009667983 0.3263382 -0.06831983
v -0.02363597 0.3246746 -0.07191375
v -0.0137973 0.3175439 -0.07710522
v -0.009667983 0.3263382 -0.06831983
v -0.02659635 0.3421569 -0.05712172
v -0.02363597 0.3246746 -0.07191375
v -0.209169 0.06469345 -0.3036535
v -0.1893914 0.08175179 -0.3337498
v -0.2263197 0.08633029 -0.4095786
v -0.1893914 0.08175179 -0.3337498
v -0.1966001 0.09833553 -0.4041263
v -0.2263197 0.08633029 -0.4095786
v -0.1484725 0.1206894 -0.3997921
v -0.1966001 0.09833553 -0.4041263
v -0.1893914 0.08175179 -0.3337498
v -0.3857955 -0.04331946 -0.1374031
v -0.3680137 -0.02491096 -0.1284783
v -0.4022904 -0.01913612 -0.1169285
v -0.4022904 -0.01913612 -0.1169285
v -0.3680137 -0.02491096 -0.1284783
v -0.3900971 0.009162582 -0.09780873
v -0.2486217 0.0396003 -0.2081916
v -0.28711 0.1047481 -0.2015055
v -0.2525841 0.01121175 -0.1994706
v -0.2486217 0.0396003 -0.2081916
v -0.2525841 0.01121175 -0.1994706
v -0.2433531 -0.001115605 -0.195795
v -0.3360062 -0.07077134 -0.1270557
v -0.3202904 -0.08975559 -0.1185373
v -0.2962933 -0.07725745 -0.1231098
v -0.2962933 -0.07725745 -0.1231098
v -0.3189356 -0.05563132 -0.1321363
v -0.3360062 -0.07077134 -0.1270557
v -0.2433531 -0.001115605 -0.195795
v -0.2143748 -0.05040763 -0.1487693
v -0.2011464 -0.04655896 -0.1388588
v -0.2486217 0.0396003 -0.2081916
v -0.2433531 -0.001115605 -0.195795
v -0.2011464 -0.04655896 -0.1388588
v -0.2781714 0.2283907 -0.7026079
v -0.2857827 0.2422213 -0.6139225
v -0.3249957 0.1756178 -0.7052505
v -0.3249957 0.1756178 -0.7052505
v -0.2857827 0.2422213 -0.6139225
v -0.3100574 0.2448201 -0.4894464
v -0.3115933 0.1731716 -0.7391134
v -0.2773636 0.1973524 -0.7811894
v -0.2730336 0.2195374 -0.7372093
v -0.3115933 0.1731716 -0.7391134
v -0.2730336 0.2195374 -0.7372093
v -0.2781714 0.2283907 -0.7026079
v -0.1416851 0.1596363 -0.4910777
v -0.1774404 0.2340253 -0.4946664
v -0.161205 0.1922116 -0.6119063
v -0.1684429 0.2206451 -0.397152
v -0.1774404 0.2340253 -0.4946664
v -0.1416851 0.1596363 -0.4910777
v -0.3913671 -0.1698928 -0.05477641
v -0.3840851 -0.1685718 -0.06446332
v -0.3957195 -0.1697404 -0.07584374
v -0.3957195 -0.1697404 -0.07584374
v -0.3840851 -0.1685718 -0.06446332
v -0.3694192 -0.1662348 -0.08541211
v -0.3458798 0.1559904 -0.108241
v -0.3095032 0.1812407 -0.1433984
v -0.3369717 0.2019017 -0.09342262
v -0.3458798 0.1559904 -0.108241
v -0.3369717 0.2019017 -0.09342262
v -0.3858463 0.104152 -0.0808058
v -0.3675567 0.07913867 -0.1157432
v -0.3457443 0.06921466 -0.1393339
v -0.3088089 0.1170734 -0.1684116
v -0.3675567 0.07913867 -0.1157432
v -0.3088089 0.1170734 -0.1684116
v -0.3358203 0.1497752 -0.1343889
v -0.3900971 0.009162582 -0.09780873
v -0.3680137 -0.02491096 -0.1284783
v -0.3657444 0.01266818 -0.1196721
v -0.3340758 0.0121263 -0.1494949
v -0.3657444 0.01266818 -0.1196721
v -0.3680137 -0.02491096 -0.1284783
v -0.4109949 -0.1530254 0.005140185
v -0.394805 -0.160985 -0.01430137
v -0.4098942 -0.1688428 -0.04161778
v -0.4098942 -0.1688428 -0.04161778
v -0.4339251 -0.158089 -0.01782387
v -0.4109949 -0.1530254 0.005140185
v -0.2740491 0.1062151 -0.440547
v -0.2920498 0.130995 -0.3933055
v -0.2263197 0.08633029 -0.4095786
v -0.3039658 0.1201092 -0.4676234
v -0.2920498 0.130995 -0.3933055
v -0.2740491 0.1062151 -0.440547
v -0.15446 0.1604753 -0.7110718
v -0.1371911 0.1584996 -0.6166826
v -0.161205 0.1922116 -0.6119063
v -0.1895155 0.2127475 -0.7030366
v -0.15446 0.1604753 -0.7110718
v -0.161205 0.1922116 -0.6119063
v -0.1426439 0.1390828 -0.6183671
v -0.1528235 0.1248182 -0.6809403
v -0.1815609 0.08938593 -0.6253562
v -0.1426439 0.1390828 -0.6183671
v -0.1815609 0.08938593 -0.6253562
v -0.1576024 0.1181224 -0.4889128
v -0.2494185 0.2239317 -0.8168848
v -0.2814223 0.2019261 -0.8317869
v -0.270059 0.2372586 -0.8354619
v -0.2744676 0.1749411 -0.8175064
v -0.2814223 0.2019261 -0.8317869
v -0.2494185 0.2239317 -0.8168848
v -0.1524035 0.08883059 -0.2564948
v -0.1276347 0.1142623 -0.2375211
v -0.1520678 0.09805362 -0.2948666
v -0.144434 0.08790538 -0.2336119
v -0.1276347 0.1142623 -0.2375211
v -0.1524035 0.08883059 -0.2564948
v -0.1274246 0.1267315 -0.3038264
v -0.1190302 0.1678693 -0.2917793
v -0.1407348 0.1659211 -0.3993502
v -0.1484725 0.1206894 -0.3997921
v -0.1274246 0.1267315 -0.3038264
v -0.1407348 0.1659211 -0.3993502
v -0.1081475 0.1294481 -0.126606
v -0.1620222 0.1954965 -0.1220656
v -0.149714 0.2072867 -0.2087653
v -0.1160418 0.160641 -0.219733
v -0.1081475 0.1294481 -0.126606
v -0.149714 0.2072867 -0.2087653
v -0.1276347 0.1142623 -0.2375211
v -0.1160418 0.160641 -0.219733
v -0.1190302 0.1678693 -0.2917793
v -0.1276347 0.1142623 -0.2375211
v -0.1172369 0.1306058 -0.2012756
v -0.1160418 0.160641 -0.219733
v -0.4403267 -0.1687582 -0.09454013
v -0.4098942 -0.1688428 -0.04161778
v -0.3957195 -0.1697404 -0.07584374
v -0.4098942 -0.1688428 -0.04161778
v -0.3913671 -0.1698928 -0.05477641
v -0.3957195 -0.1697404 -0.07584374
v -0.08184985 0.2441265 -0.102308
v -0.09817493 0.2576833 -0.1079078
v -0.1099362 0.2140076 -0.1108183
v -0.07107009 0.2083327 -0.09654471
v -0.08184985 0.2441265 -0.102308
v -0.1099362 0.2140076 -0.1108183
v -0.3544655 -0.04712985 -0.1301718
v -0.3189356 -0.05563132 -0.1321363
v -0.3288766 -0.02819629 -0.1406885
v -0.3189356 -0.05563132 -0.1321363
v -0.274718 -0.04291296 -0.1447192
v -0.3288766 -0.02819629 -0.1406885
v -0.04757028 0.1593851 0.04899161
v -0.03767383 0.1622215 0.05633707
v -0.03996513 0.1790979 0.04848868
v -0.03767383 0.1622215 0.05633707
v -0.04757028 0.1593851 0.04899161
v -0.03376791 0.1459173 0.04864752
v -0.3418826 -0.1487576 0.1061584
v -0.327691 -0.1578688 0.04304104
v -0.3694191 -0.1662347 0.09569246
v -0.3362601 -0.1211025 0.1244144
v -0.292957 -0.1386304 0.08548051
v -0.3418826 -0.1487576 0.1061584
v -0.3694191 -0.1662347 0.09569246
v -0.327691 -0.1578688 0.04304104
v -0.3795463 -0.1635929 0.04976431
v -0.3241006 -0.1046924 0.1241773
v -0.292957 -0.1386304 0.08548051
v -0.3362601 -0.1211025 0.1244144
v -0.2950738 -0.1071479 0.1136606
v -0.292957 -0.1386304 0.08548051
v -0.3241006 -0.1046924 0.1241773
v -0.3948049 -0.1609849 0.02458175
v -0.38461 -0.152602 0.00514017
v -0.4109949 -0.1530254 0.005140185
v 0.05980755 0.2325783 0.03176881
v 0.05648322 0.2366463 0.03036314
v 0.05635815 0.2320744 0.01835413
v 0.02691567 0.3143684 0.008618861
v 0.03030766 0.3204508 1.290441E-05
v 0.02885971 0.3132933 0.0001552105
v 0.05134632 0.2521867 0.02271253
v 0.05648322 0.2366463 0.03036314
v 0.06256557 0.2357881 0.03609362
v 0.06908801 0.230651 0.03011048
v 0.05980755 0.2325783 0.03176881
v 0.05635815 0.2320744 0.01835413
v 0.05648322 0.2366463 0.03036314
v 0.05096969 0.2408374 0.01823218
v 0.05635815 0.2320744 0.01835413
v 0.0474952 0.2587835 0.023229
v 0.06637656 0.242058 0.0420991
v 0.03702167 0.2467165 0.04573384
v 0.0763436 0.2182929 0.04795177
v 0.07820802 0.1718252 0.06435978
v 0.04556418 0.1928913 0.06719151
v 0.09359727 0.1674361 0.0344657
v 0.08737742 0.1706637 0.03131808
v 0.1083356 0.1700162 0.002212256
v 0.1083356 0.1700162 0.002212256
v 0.08737742 0.1706637 0.03131808
v 0.1009494 0.1726623 0.002217472
v 0.08736825 0.1713226 0.03130601
v 0.09424417 0.175411 0.03345035
v 0.1009374 0.1733526 0.00220485
v 0.09424417 0.175411 0.03345035
v 0.1071352 0.1779286 0.002075404
v 0.1009374 0.1733526 0.00220485
v 0.07820802 0.1718252 0.06435978
v 0.0763436 0.2182929 0.04795177
v 0.09272832 0.1981963 0.03046747
v 0.08212765 0.2200454 0.02582343
v 0.09272832 0.1981963 0.03046747
v 0.0763436 0.2182929 0.04795177
v 0.06504185 0.2468976 0.01337682
v 0.05635815 0.2320744 0.01835413
v 0.05096969 0.2408374 0.01823218
v 0.06504185 0.2468976 0.01337682
v 0.05044066 0.2538047 0.01018876
v 0.06648963 0.24858 0.001071841
v 0.05096969 0.2408374 0.01823218
v 0.05044066 0.2538047 0.01018876
v 0.06504185 0.2468976 0.01337682
v -0.02979464 0.09245333 0.2632663
v -0.08001621 0.08150694 0.256749
v -0.03468665 0.09230915 0.2867065
v -0.02979464 0.09245333 0.2632663
v -0.0380121 0.08272934 0.1922385
v -0.08001621 0.08150694 0.256749
v -0.03147631 0.1013694 0.3480331
v -0.02906484 0.1138645 0.4333183
v -0.008125625 0.1276136 0.336881
v -0.008125625 0.1276136 0.336881
v -0.008413329 0.1193031 0.2699275
v -0.03278087 0.09954992 0.3261791
v -0.03278087 0.09954992 0.3261791
v -0.03147631 0.1013694 0.3480331
v -0.008125625 0.1276136 0.336881
v -0.08001621 0.08150694 0.256749
v -0.07022984 0.07576329 0.31049
v -0.03468665 0.09230915 0.2867065
v -0.03278087 0.09954992 0.3261791
v -0.03468665 0.09230915 0.2867065
v -0.07022984 0.07576329 0.31049
v -0.07022984 0.07576329 0.31049
v -0.07006217 0.07953715 0.3647755
v -0.03278087 0.09954992 0.3261791
v -0.07006217 0.07953715 0.3647755
v -0.03147631 0.1013694 0.3480331
v -0.03278087 0.09954992 0.3261791
v -0.07800962 0.08516276 0.4799348
v -0.07719208 0.09068942 0.4373196
v -0.1069084 0.0782339 0.4426852
v -0.02906484 0.1138645 0.4333183
v -0.07719208 0.09068942 0.4373196
v -0.07800962 0.08516276 0.4799348
v -0.03810764 0.108114 0.5260933
v -0.02906484 0.1138645 0.4333183
v -0.07800962 0.08516276 0.4799348
v -0.07800962 0.08516276 0.4799348
v -0.1069084 0.0782339 0.4426852
v -0.1182595 0.06788749 0.5338132
v -0.07806666 0.08607572 0.5300665
v -0.07800962 0.08516276 0.4799348
v -0.1182595 0.06788749 0.5338132
v -0.06193827 0.08746946 0.6643674
v -0.07806666 0.08607572 0.5300665
v -0.1182595 0.06788749 0.5338132
v -0.06522802 0.06634417 0.1985327
v -0.09107935 0.05049175 0.1977294
v -0.1089959 0.06615517 0.2408471
v -0.08001621 0.08150694 0.256749
v -0.06522802 0.06634417 0.1985327
v -0.1089959 0.06615517 0.2408471
v -0.008413329 0.1193031 0.2699275
v -0.0380121 0.08272934 0.1922385
v -0.02979464 0.09245333 0.2632663
v -0.07006217 0.07953715 0.3647755
v -0.02906484 0.1138645 0.4333183
v -0.03147631 0.1013694 0.3480331
v -0.0380121 0.08272934 0.1922385
v -0.01100611 0.108038 0.2146524
v -0.01993329 0.09431611 0.1661615
v -0.108895 0.06731814 0.3308488
v -0.1438214 0.08718163 0.2734538
v -0.1565371 0.1135566 0.3740608
v 0.06637656 0.242058 0.0420991
v 0.05809268 0.2368862 0.0496399
v 0.03702167 0.2467165 0.04573384
v -0.05091471 0.3545291 0.06585217
v -0.07838018 0.3262262 0.09221846
v -0.1002727 0.361102 0.07071564
v -0.08735065 0.3179042 0.1029729
v -0.07838018 0.3262262 0.09221846
v -0.05322976 0.2840647 0.1020593
v -0.08735065 0.3179042 0.1029729
v -0.07586114 0.2757379 0.109458
v -0.08824132 0.2730259 0.1109026
v -0.1834874 0.2954082 0.1251807
v -0.1886295 0.3656415 0.0981788
v -0.1350239 0.3313849 0.10371
v -0.1886295 0.3656415 0.0981788
v -0.2408396 0.3483851 0.09134972
v -0.1913092 0.3983465 0.07791576
v -0.1886295 0.3656415 0.0981788
v -0.1621797 0.3731056 0.09240457
v -0.1350239 0.3313849 0.10371
v -0.2666739 0.3514661 0.06311339
v -0.2288201 0.3925794 0.0566431
v -0.2408396 0.3483851 0.09134972
v -0.2288201 0.3925794 0.0566431
v -0.2289628 0.4030407 0.03549871
v -0.1878092 0.4117855 0.04592875
v -0.3200137 0.2871366 0.07514352
v -0.3123671 0.3019148 0.07179481
v -0.2840987 0.2972037 0.108364
v -0.2288201 0.3925794 0.0566431
v -0.1878092 0.4117855 0.04592875
v -0.1913092 0.3983465 0.07791576
v -0.2288201 0.3925794 0.0566431
v -0.1913092 0.3983465 0.07791576
v -0.2408396 0.3483851 0.09134972
v -0.04402735 0.3690876 0.02909929
v -0.06689535 0.3729867 0.0298042
v -0.03656732 0.3775743 -0.0005504489
v -0.1155412 0.3996515 0.03888303
v -0.1517276 0.4042485 0.0405193
v -0.1028734 0.4135182 -0.0007280409
v -0.1878092 0.4117855 0.04592875
v -0.1517276 0.4042485 0.0405193
v -0.1913092 0.3983465 0.07791576
v -0.05091471 0.3545291 0.06585217
v -0.1002727 0.361102 0.07071564
v -0.06689535 0.3729867 0.0298042
v -0.2754219 0.35954 0.04029721
v -0.2289628 0.4030407 0.03549871
v -0.2288201 0.3925794 0.0566431
v -0.01821514 0.3533372 0.02911609
v -0.04402735 0.3690876 0.02909929
v -0.03656732 0.3775743 -0.0005504489
v -0.06689535 0.3729867 0.0298042
v -0.07562702 0.3915904 -0.0005233288
v -0.03656732 0.3775743 -0.0005504489
v -0.06689535 0.3729867 0.0298042
v -0.08840268 0.3850233 0.02982435
v -0.07562702 0.3915904 -0.0005233288
v -0.07562702 0.3915904 -0.0005233288
v -0.08840268 0.3850233 0.02982435
v -0.1028734 0.4135182 -0.0007280409
v -0.08840268 0.3850233 0.02982435
v -0.1155412 0.3996515 0.03888303
v -0.1028734 0.4135182 -0.0007280409
v -0.1517276 0.4042485 0.0405193
v -0.1794481 0.4238033 -0.0003583729
v -0.1028734 0.4135182 -0.0007280409
v -0.1517276 0.4042485 0.0405193
v -0.1256712 0.3813101 0.08123422
v -0.1913092 0.3983465 0.07791576
v -0.1256712 0.3813101 0.08123422
v -0.1155412 0.3996515 0.03888303
v -0.1002727 0.361102 0.07071564
v -0.2258662 0.4174526 9.736419E-05
v -0.2289628 0.4030407 0.03549871
v -0.2754219 0.35954 0.04029721
v -0.1817002 -0.09208869 -0.01849376
v -0.1863563 -0.07558956 0.1090947
v -0.171754 -0.07854221 -0.02131619
v -0.1926894 -0.05068553 0.1623745
v -0.2095773 -0.05761733 0.1753306
v -0.2089068 -0.0009853989 0.2123307
v -0.1926894 -0.05068553 0.1623745
v -0.1776983 -0.0467665 0.1525427
v -0.1863563 -0.07558956 0.1090947
v -0.1817002 -0.09208869 -0.01849376
v -0.180645 -0.1149959 -0.01447212
v -0.1863563 -0.07558956 0.1090947
v -0.1926894 -0.05068553 0.1623745
v -0.1863563 -0.07558956 0.1090947
v -0.1965382 -0.09314438 0.1205534
v -0.4499119 -0.1615607 0.06769869
v -0.4615971 -0.1318565 0.005140215
v -0.4912844 -0.1117037 0.07142442
v -0.5009375 -0.06587707 0.06361732
v -0.4860345 -0.0778841 0.1276491
v -0.4912844 -0.1117037 0.07142442
v -0.4462708 -0.1471319 0.1338474
v -0.4723679 -0.1302645 0.1209259
v -0.4425281 -0.1231348 0.1499358
v -0.4462708 -0.1471319 0.1338474
v -0.4403774 -0.1687581 0.1048544
v -0.4723679 -0.1302645 0.1209259
v -0.4615971 -0.1318565 0.005140215
v -0.4809878 -0.1034393 0.005140215
v -0.4912844 -0.1117037 0.07142442
v -0.4860345 -0.0778841 0.1276491
v -0.4723679 -0.1302645 0.1209259
v -0.4912844 -0.1117037 0.07142442
v -0.3873195 -0.1574455 0.1194525
v -0.4462708 -0.1471319 0.1338474
v -0.4425281 -0.1231348 0.1499358
v -0.211587 0.211912 0.460942
v -0.1905025 0.2346894 0.5209399
v -0.2220434 0.1687967 0.5066565
v -0.1745868 0.2357602 0.4285108
v -0.1905025 0.2346894 0.5209399
v -0.211587 0.211912 0.460942
v -0.2812718 -0.1504342 0.005140126
v -0.3279789 -0.1451166 0.005140156
v -0.327691 -0.1578688 0.04304104
v 0.04546957 0.2608803 0.0009988546
v 0.05866246 0.2538141 0.00103265
v 0.05044066 0.2538047 0.01018876
v -0.2039263 0.2054949 0.216443
v -0.2089223 0.1906976 0.2063199
v -0.2370783 0.1506016 0.223568
v -0.2089223 0.1906976 0.2063199
v -0.1752889 0.2200537 0.1870853
v -0.2136621 0.1970896 0.2269891
v -0.1752889 0.2200537 0.1870853
v -0.183423 0.2301005 0.2474382
v -0.2136621 0.1970896 0.2269891
v -0.1581852 -0.05890761 0.1037353
v -0.171754 -0.07854221 -0.02131619
v -0.1776983 -0.0467665 0.1525427
v -0.1926894 -0.05068553 0.1623745
v -0.1965382 -0.09314438 0.1205534
v -0.2095773 -0.05761733 0.1753306
v -0.1863563 -0.07558956 0.1090947
v -0.1776983 -0.0467665 0.1525427
v -0.171754 -0.07854221 -0.02131619
v -0.1756446 0.103365 0.2454811
v -0.2215006 0.123591 0.2551466
v -0.1438214 0.08718163 0.2734538
v -0.1565371 0.1135566 0.3740608
v -0.1787021 0.1327508 0.3986392
v -0.1726486 0.1236793 0.4277633
v -0.2215006 0.123591 0.2551466
v -0.1565371 0.1135566 0.3740608
v -0.1438214 0.08718163 0.2734538
v -0.1546089 0.09472334 0.4775967
v -0.1853314 0.09006572 0.6007069
v -0.1182595 0.06788749 0.5338132
v -0.108895 0.06731814 0.3308488
v -0.1565371 0.1135566 0.3740608
v -0.1069084 0.0782339 0.4426852
v -0.1089959 0.06615517 0.2408471
v -0.1438214 0.08718163 0.2734538
v -0.108895 0.06731814 0.3308488
v -0.1721014 0.05842938 0.2347902
v -0.1756446 0.103365 0.2454811
v -0.1089959 0.06615517 0.2408471
v -0.1853314 0.09006572 0.6007069
v -0.1892289 0.09425581 0.6746079
v -0.1480861 0.07517952 0.6749262
v -0.1853314 0.09006572 0.6007069
v -0.1480861 0.07517952 0.6749262
v -0.1182595 0.06788749 0.5338132
v -0.1546089 0.09472334 0.4775967
v -0.1182595 0.06788749 0.5338132
v -0.1069084 0.0782339 0.4426852
v -0.1565371 0.1135566 0.3740608
v -0.1726486 0.1236793 0.4277633
v -0.1069084 0.0782339 0.4426852
v -0.2294827 0.108224 0.2240732
v -0.2215006 0.123591 0.2551466
v -0.1756446 0.103365 0.2454811
v -0.04313048 0.1305301 0.7771661
v -0.03312388 0.1260456 0.7177762
v -0.1122969 0.08873492 0.7783103
v -0.03312388 0.1260456 0.7177762
v -0.06193827 0.08746946 0.6643674
v -0.1122969 0.08873492 0.7783103
v 0.07833929 0.1668562 0.06494147
v 0.09324024 0.1605788 0.02993643
v 0.08752891 0.1450087 0.02338761
v 0.08838636 0.1423731 0.002866551
v 0.08752891 0.1450087 0.02338761
v 0.09324024 0.1605788 0.02993643
v 0.1083356 0.1700162 0.002212256
v 0.08838636 0.1423731 0.002866551
v 0.09324024 0.1605788 0.02993643
v -0.008413329 0.1193031 0.2699275
v -0.01100611 0.108038 0.2146524
v -0.0380121 0.08272934 0.1922385
v -0.01100611 0.108038 0.2146524
v -0.002427039 0.1369418 0.2337845
v -0.002135587 0.1156461 0.1804205
v 0.007126639 0.31131 0.05014947
v 0.01302369 0.2938043 0.03752154
v 0.005238856 0.2971544 0.06578699
v 0.04381124 0.1180725 0.02501541
v 0.07390197 0.1194629 0.003393859
v 0.05038228 0.1149203 0.003649101
v -0.07129128 0.1012659 0.004788235
v -0.07279333 0.1057397 0.04872615
v -0.07693711 0.1427772 0.004065588
v -0.07693711 0.1427772 0.004065588
v -0.07476939 0.1608206 0.03813675
v -0.0634839 0.1471758 0.03732306
v -0.07693711 0.1427772 0.004065588
v -0.0634839 0.1471758 0.03732306
v -0.04585133 0.1365994 0.0292924
v -0.04585133 0.1365994 0.0292924
v -0.02977457 0.1280085 0.03385575
v -0.004435062 0.1144281 0.004058212
v 0.08752891 0.1450087 0.02338761
v 0.07390197 0.1194629 0.003393859
v 0.06281795 0.1258726 0.0336936
v 0.04381124 0.1180725 0.02501541
v 0.05038228 0.1149203 0.003649101
v -0.004435062 0.1144281 0.004058212
v -0.02977457 0.1280085 0.03385575
v -0.008274551 0.1215168 0.035004
v -0.004435062 0.1144281 0.004058212
v 0.08838636 0.1423731 0.002866551
v 0.07390197 0.1194629 0.003393859
v 0.08752891 0.1450087 0.02338761
v 0.09359727 0.1674361 0.0344657
v 0.09324024 0.1605788 0.02993643
v 0.07833929 0.1668562 0.06494147
v 0.06710565 0.1499045 0.05976266
v 0.08752891 0.1450087 0.02338761
v 0.06281795 0.1258726 0.0336936
v 0.06710565 0.1499045 0.05976266
v 0.07833929 0.1668562 0.06494147
v 0.08752891 0.1450087 0.02338761
v 0.06710565 0.1499045 0.05976266
v 0.05235913 0.134801 0.05620155
v 0.01162323 0.1707763 0.06918431
v -0.0634839 0.1471758 0.03732306
v -0.07476939 0.1608206 0.03813675
v -0.04097995 0.1639922 0.08839313
v -0.008274551 0.1215168 0.035004
v -0.009198241 0.1336751 0.06995127
v 0.04381124 0.1180725 0.02501541
v 0.06710565 0.1499045 0.05976266
v 0.06281795 0.1258726 0.0336936
v 0.05235913 0.134801 0.05620155
v -0.07177841 0.1926643 0.07686003
v -0.07476939 0.1608206 0.03813675
v -0.07242698 0.1352714 0.07254875
v -0.02977457 0.1280085 0.03385575
v -0.04585133 0.1365994 0.0292924
v -0.009198241 0.1336751 0.06995127
v -0.02977457 0.1280085 0.03385575
v -0.009198241 0.1336751 0.06995127
v -0.008274551 0.1215168 0.035004
v 0.04381124 0.1180725 0.02501541
v 0.05235913 0.134801 0.05620155
v 0.06281795 0.1258726 0.0336936
v 0.04381124 0.1180725 0.02501541
v -0.004435062 0.1144281 0.004058212
v -0.008274551 0.1215168 0.035004
v -0.06961996 0.2119881 0.1020996
v -0.07177841 0.1926643 0.07686003
v -0.08145378 0.1570347 0.09357288
v -0.08145378 0.1570347 0.09357288
v -0.07242698 0.1352714 0.07254875
v -0.07340904 0.0894025 0.1230635
v -0.09107935 0.05049175 0.1977294
v -0.08492374 0.04893896 0.1559543
v -0.09337408 0.01549645 0.127243
v -0.07545592 0.08330289 0.1158228
v -0.08492374 0.04893896 0.1559543
v -0.07340904 0.0894025 0.1230635
v -0.07177841 0.1926643 0.07686003
v -0.07242698 0.1352714 0.07254875
v -0.08145378 0.1570347 0.09357288
v -0.07545592 0.08330289 0.1158228
v -0.07242698 0.1352714 0.07254875
v -0.07279333 0.1057397 0.04872615
v -0.07545592 0.08330289 0.1158228
v -0.07279333 0.1057397 0.04872615
v -0.08492374 0.04893896 0.1559543
v -0.07476939 0.1608206 0.03813675
v -0.07177841 0.1926643 0.07686003
v -0.04097995 0.1639922 0.08839313
v -0.09107935 0.05049175 0.1977294
v -0.09337408 0.01549645 0.127243
v -0.1383166 -0.0003621876 0.1858852
v -0.07242698 0.1352714 0.07254875
v -0.07693711 0.1427772 0.004065588
v -0.07279333 0.1057397 0.04872615
v -0.07242698 0.1352714 0.07254875
v -0.07545592 0.08330289 0.1158228
v -0.07340904 0.0894025 0.1230635
v -0.08492374 0.04893896 0.1559543
v -0.07279333 0.1057397 0.04872615
v -0.09337408 0.01549645 0.127243
v -0.0380121 0.08272934 0.1922385
v -0.01993329 0.09431611 0.1661615
v -0.06157389 0.09305248 0.1292552
v -0.06157389 0.09305248 0.1292552
v -0.08145378 0.1570347 0.09357288
v -0.07340904 0.0894025 0.1230635
v -0.06522802 0.06634417 0.1985327
v -0.06157389 0.09305248 0.1292552
v -0.09107935 0.05049175 0.1977294
v -0.0380121 0.08272934 0.1922385
v -0.06157389 0.09305248 0.1292552
v -0.06522802 0.06634417 0.1985327
v -0.1965382 -0.09314438 0.1205534
v -0.180645 -0.1149959 -0.01447212
v -0.1949778 -0.128203 -0.008391649
v -0.127342 -0.0223294 0.1341246
v -0.1399656 -0.04643256 -0.03215549
v -0.1581852 -0.05890761 0.1037353
v -0.1578988 -0.02733819 0.1681939
v -0.1581852 -0.05890761 0.1037353
v -0.1776983 -0.0467665 0.1525427
v -0.1863563 -0.07558956 0.1090947
v -0.180645 -0.1149959 -0.01447212
v -0.1965382 -0.09314438 0.1205534
v -0.1383166 -0.0003621876 0.1858852
v -0.127342 -0.0223294 0.1341246
v -0.1578988 -0.02733819 0.1681939
v -0.1399656 -0.04643256 -0.03215549
v -0.171754 -0.07854221 -0.02131619
v -0.1581852 -0.05890761 0.1037353
v -0.002135587 0.1156461 0.1804205
v -0.002427039 0.1369418 0.2337845
v -0.002836919 0.1402316 0.157857
v -0.0297565 0.111471 0.133665
v -0.08145378 0.1570347 0.09357288
v -0.01993329 0.09431611 0.1661615
v -0.002427039 0.1369418 0.2337845
v -0.01100611 0.108038 0.2146524
v -0.008413329 0.1193031 0.2699275
v -0.01100611 0.108038 0.2146524
v -0.002135587 0.1156461 0.1804205
v -0.01993329 0.09431611 0.1661615
v -0.01993329 0.09431611 0.1661615
v -0.002135587 0.1156461 0.1804205
v -0.0297565 0.111471 0.133665
v -0.09400403 0.06489927 0.6701057
v -0.1480861 0.07517952 0.6749262
v -0.1122969 0.08873492 0.7783103
v -0.05731348 0.225239 0.6382463
v -0.05788433 0.2241198 0.5263052
v -0.0415436 0.1893315 0.6449624
v -0.01754198 0.155939 0.6516591
v -0.02216856 0.1496382 0.526308
v -0.02300303 0.1366556 0.6544713
v -0.09400403 0.06489927 0.6701057
v -0.06193827 0.08746946 0.6643674
v -0.1182595 0.06788749 0.5338132
v -0.1697314 0.09503955 0.7515934
v -0.1892289 0.09425581 0.6746079
v -0.2052441 0.1782673 0.739279
v -0.1546089 0.09472334 0.4775967
v -0.1844923 0.1092258 0.5047375
v -0.1853314 0.09006572 0.6007069
v -0.1480861 0.07517952 0.6749262
v -0.1697314 0.09503955 0.7515934
v -0.1122969 0.08873492 0.7783103
v -0.2052441 0.1782673 0.739279
v -0.1892289 0.09425581 0.6746079
v -0.2220434 0.1687967 0.5066565
v -0.1844923 0.1092258 0.5047375
v -0.2220434 0.1687967 0.5066565
v -0.1892289 0.09425581 0.6746079
v -0.1096214 0.2342254 0.6384518
v -0.1583955 0.2307717 0.7335357
v -0.1660932 0.2394458 0.6442058
v -0.09400403 0.06489927 0.6701057
v -0.1122969 0.08873492 0.7783103
v -0.06193827 0.08746946 0.6643674
v -0.1096214 0.2342254 0.6384518
v -0.05788433 0.2241198 0.5263052
v -0.05731348 0.225239 0.6382463
v -0.02216856 0.1496382 0.526308
v -0.03810764 0.108114 0.5260933
v -0.02300303 0.1366556 0.6544713
v -0.0415436 0.1893315 0.6449624
v -0.02216856 0.1496382 0.526308
v -0.01754198 0.155939 0.6516591
v -0.1480861 0.07517952 0.6749262
v -0.1892289 0.09425581 0.6746079
v -0.1697314 0.09503955 0.7515934
v -0.1642984 0.2284164 0.8917654
v -0.1861977 0.1854143 0.9056234
v -0.1681102 0.2131112 0.877133
v -0.1690033 0.1630912 0.8881788
v -0.1859886 0.1760285 0.8942631
v -0.1716769 0.1497798 0.9154936
v -0.1613781 0.2284174 0.9083122
v -0.1761061 0.1884729 0.9236985
v -0.1642984 0.2284164 0.8917654
v -0.1861977 0.1854143 0.9056234
v -0.1859886 0.1760285 0.8942631
v -0.1681102 0.2131112 0.877133
v -0.1716769 0.1497798 0.9154936
v -0.1861977 0.1854143 0.9056234
v -0.1761061 0.1884729 0.9236985
v -0.1716769 0.1497798 0.9154936
v -0.1761061 0.1884729 0.9236985
v -0.1689298 0.1623783 0.9286643
v -0.1642984 0.2284164 0.8917654
v -0.1761061 0.1884729 0.9236985
v -0.1861977 0.1854143 0.9056234
v -0.1650453 0.1842005 0.8782429
v -0.1681102 0.2131112 0.877133
v -0.1859886 0.1760285 0.8942631
v -0.07788213 0.1395457 0.9169031
v -0.06611577 0.1747943 0.9040205
v -0.05530013 0.1629965 0.8903728
v -0.05530013 0.1629965 0.8903728
v -0.06710407 0.2043014 0.8674695
v -0.05498696 0.1532894 0.8766137
v -0.05530013 0.1629965 0.8903728
v -0.07423123 0.1232376 0.907029
v -0.07788213 0.1395457 0.9169031
v -0.1716769 0.1497798 0.9154936
v -0.1251875 0.1312784 0.9239287
v -0.1509687 0.1326786 0.9123845
v -0.06940851 0.2088131 0.8754707
v -0.06735279 0.2057124 0.8870791
v -0.07115308 0.228399 0.8810019
v -0.06941788 0.2100071 0.8529221
v -0.06940851 0.2088131 0.8754707
v -0.07115308 0.228399 0.8810019
v -0.06611577 0.1747943 0.9040205
v -0.06735279 0.2057124 0.8870791
v -0.06940851 0.2088131 0.8754707
v -0.1413992 0.2160118 0.8639728
v -0.1681102 0.2131112 0.877133
v -0.1650453 0.1842005 0.8782429
v -0.1204458 0.1250135 0.8376862
v -0.1281059 0.1124073 0.8456231
v -0.1122969 0.08873492 0.7783103
v -0.1281059 0.1124073 0.8456231
v -0.1176971 0.09096497 0.846903
v -0.1122969 0.08873492 0.7783103
v -0.1138198 0.2540075 0.8869138
v -0.1404151 0.245203 0.8973739
v -0.1400244 0.2478244 0.8687367
v -0.155127 0.1826802 0.8513356
v -0.1650453 0.1842005 0.8782429
v -0.1690033 0.1630912 0.8881788
v -0.1642984 0.2284164 0.8917654
v -0.1681102 0.2131112 0.877133
v -0.1400244 0.2478244 0.8687367
v -0.1251875 0.1312784 0.9239287
v -0.07423123 0.1232376 0.907029
v -0.1299412 0.1079123 0.9093181
v 0.0131796 0.2863869 0.0383006
v 0.01302369 0.2938043 0.03752154
v 0.01353879 0.2915842 0.000666678
v 0.06256557 0.2357881 0.03609362
v 0.05980755 0.2325783 0.03176881
v 0.06908801 0.230651 0.03011048
v 0.02182024 0.3202639 0.02709517
v 0.01854136 0.3019905 0.0004386008
v 0.01605543 0.3058911 0.02838424
v 0.01353879 0.2915842 0.000666678
v 0.01605543 0.3058911 0.02838424
v 0.01854136 0.3019905 0.0004386008
v -0.1400244 0.2478244 0.8687367
v -0.1413992 0.2160118 0.8639728
v -0.1134286 0.2405697 0.8616086
v -0.1138198 0.2540075 0.8869138
v -0.1134286 0.2405697 0.8616086
v -0.07115308 0.228399 0.8810019
v -0.1859886 0.1760285 0.8942631
v -0.1861977 0.1854143 0.9056234
v -0.1716769 0.1497798 0.9154936
v -0.05498696 0.1532894 0.8766137
v -0.0889675 0.1040806 0.8842145
v -0.07423123 0.1232376 0.907029
v -0.1556647 0.1540579 0.8735341
v -0.1690033 0.1630912 0.8881788
v -0.1716769 0.1497798 0.9154936
v -0.1134286 0.2405697 0.8616086
v -0.1138198 0.2540075 0.8869138
v -0.1400244 0.2478244 0.8687367
v 0.02691567 0.3143684 0.008618861
v 0.01854136 0.3019905 0.0004386008
v 0.02182024 0.3202639 0.02709517
v 0.01353879 0.2915842 0.000666678
v 0.01302369 0.2938043 0.03752154
v 0.01605543 0.3058911 0.02838424
v 0.05096969 0.2408374 0.01823218
v 0.05648322 0.2366463 0.03036314
v 0.05134632 0.2521867 0.02271253
v 0.05635815 0.2320744 0.01835413
v 0.07876398 0.2327295 0.0187206
v 0.06908801 0.230651 0.03011048
v -0.1965382 -0.09314438 0.1205534
v -0.2271371 -0.07754122 0.1547251
v -0.2095773 -0.05761733 0.1753306
v -0.2271371 -0.07754122 0.1547251
v -0.1965382 -0.09314438 0.1205534
v -0.2157826 -0.1005912 0.1179323
v -0.3007473 0.04823194 0.1924765
v -0.3088085 0.1170733 0.1786912
v -0.2596038 0.128832 0.2095935
v -0.3007473 0.04823194 0.1924765
v -0.2596038 0.128832 0.2095935
v -0.2729896 0.08467041 0.2195828
v -0.345744 0.06921458 0.1496136
v -0.3088085 0.1170733 0.1786912
v -0.3007473 0.04823194 0.1924765
v -0.2733802 0.1471786 0.1951442
v -0.2596038 0.128832 0.2095935
v -0.3088085 0.1170733 0.1786912
v -0.03810764 0.108114 0.5260933
v -0.07806666 0.08607572 0.5300665
v -0.06193827 0.08746946 0.6643674
v -0.07806666 0.08607572 0.5300665
v -0.03810764 0.108114 0.5260933
v -0.07800962 0.08516276 0.4799348
v -0.4499796 -0.04646936 0.1439576
v -0.4674567 -0.03346315 0.127937
v -0.4022903 -0.01913607 0.1272087
v -0.2406522 0.1446593 0.2173915
v -0.2596038 0.128832 0.2095935
v -0.2325049 0.181715 0.206066
v -0.2325049 0.181715 0.206066
v -0.2596038 0.128832 0.2095935
v -0.2733802 0.1471786 0.1951442
v -0.4022903 -0.01913607 0.1272087
v -0.4215116 -0.0705004 0.160317
v -0.4499796 -0.04646936 0.1439576
v -0.2039263 0.2054949 0.216443
v -0.2406522 0.1446593 0.2173915
v -0.2325049 0.181715 0.206066
v -0.33582 0.1497751 0.1446685
v -0.3095028 0.1812407 0.153678
v -0.3088085 0.1170733 0.1786912
v -0.3675565 0.07913867 0.1260229
v -0.345744 0.06921458 0.1496136
v -0.3657443 0.01266825 0.1299521
v -0.3088085 0.1170733 0.1786912
v -0.3095028 0.1812407 0.153678
v -0.2733802 0.1471786 0.1951442
v -0.2733802 0.1471786 0.1951442
v -0.3095028 0.1812407 0.153678
v -0.2325049 0.181715 0.206066
v -0.4615971 -0.1318565 0.005140215
v -0.4499119 -0.1615607 0.06769869
v -0.433925 -0.158089 0.02810428
v -0.4380404 -0.1465223 0.0051402
v -0.433925 -0.158089 0.02810428
v -0.4109949 -0.1530254 0.005140185
v -0.4499119 -0.1615607 0.06769869
v -0.4098941 -0.1688428 0.05189815
v -0.433925 -0.158089 0.02810428
v -0.4499119 -0.1615607 0.06769869
v -0.4403774 -0.1687581 0.1048544
v -0.4098941 -0.1688428 0.05189815
v -0.4380404 -0.1465223 0.0051402
v -0.4615971 -0.1318565 0.005140215
v -0.433925 -0.158089 0.02810428
v -0.1151529 0.2839445 0.1207893
v -0.1278984 0.2893016 0.1259978
v -0.1161655 0.2947981 0.1209028
v -0.07423123 0.1232376 0.907029
v -0.1251875 0.1312784 0.9239287
v -0.07788213 0.1395457 0.9169031
v -0.1278984 0.2893016 0.1259978
v -0.1278783 0.3082708 0.117827
v -0.1161655 0.2947981 0.1209028
v -0.06611577 0.1747943 0.9040205
v -0.1251875 0.1312784 0.9239287
v -0.1167701 0.2375517 0.8923084
v -0.1176971 0.09096497 0.846903
v -0.128152 0.08707613 0.9025874
v -0.0889675 0.1040806 0.8842145
v -0.128152 0.08707613 0.9025874
v -0.1299412 0.1079123 0.9093181
v -0.0889675 0.1040806 0.8842145
v -0.07423123 0.1232376 0.907029
v -0.0889675 0.1040806 0.8842145
v -0.1299412 0.1079123 0.9093181
v -0.1299412 0.1079123 0.9093181
v -0.128152 0.08707613 0.9025874
v -0.1452652 0.09686804 0.8903291
v -0.06133504 0.1938528 0.8173824
v -0.06710407 0.2043014 0.8674695
v -0.09074226 0.2148654 0.8359011
v -0.0502078 0.1685545 0.8255605
v -0.06710407 0.2043014 0.8674695
v -0.06133504 0.1938528 0.8173824
v -0.05498696 0.1532894 0.8766137
v -0.06710407 0.2043014 0.8674695
v -0.0502078 0.1685545 0.8255605
v -0.06611577 0.1747943 0.9040205
v -0.06710407 0.2043014 0.8674695
v -0.05530013 0.1629965 0.8903728
v -0.06710407 0.2043014 0.8674695
v -0.06611577 0.1747943 0.9040205
v -0.06940851 0.2088131 0.8754707
v -0.1458119 0.1296981 0.8733012
v -0.1509687 0.1326786 0.9123845
v -0.142427 0.1188897 0.9014254
v -0.1452652 0.09686804 0.8903291
v -0.128152 0.08707613 0.9025874
v -0.1176971 0.09096497 0.846903
v -0.04248895 0.1777527 0.7709766
v -0.06133504 0.1938528 0.8173824
v -0.08848885 0.2140021 0.7734902
v -0.1452652 0.09686804 0.8903291
v -0.1176971 0.09096497 0.846903
v -0.1281059 0.1124073 0.8456231
v -0.04248895 0.1777527 0.7709766
v -0.04313048 0.1305301 0.7771661
v -0.0502078 0.1685545 0.8255605
v -0.1222483 0.2221887 0.8055549
v -0.08848885 0.2140021 0.7734902
v -0.09074226 0.2148654 0.8359011
v -0.0889675 0.1040806 0.8842145
v -0.04313048 0.1305301 0.7771661
v -0.1176971 0.09096497 0.846903
v -0.08848885 0.2140021 0.7734902
v -0.06133504 0.1938528 0.8173824
v -0.09074226 0.2148654 0.8359011
v -0.292957 -0.1386304 0.08548051
v -0.2950738 -0.1071479 0.1136606
v -0.2576729 -0.1039539 0.1233555
v -0.3202903 -0.08975559 0.1288176
v -0.3241006 -0.1046924 0.1241773
v -0.351197 -0.07663085 0.1395544
v -0.2962932 -0.07725742 0.13339
v -0.2950738 -0.1071479 0.1136606
v -0.3202903 -0.08975559 0.1288176
v -0.3288764 -0.02819628 0.1509686
v -0.3544654 -0.04712982 0.140452
v -0.3680136 -0.02491091 0.1387585
v -0.3360061 -0.07077117 0.1373359
v -0.3544654 -0.04712982 0.140452
v -0.3189355 -0.05563121 0.1424164
v -0.38461 -0.152602 0.00514017
v -0.3948049 -0.1609849 0.02458175
v -0.3795463 -0.1635929 0.04976431
v -0.127342 -0.0223294 0.1341246
v -0.1581852 -0.05890761 0.1037353
v -0.1578988 -0.02733819 0.1681939
v -0.07279333 0.1057397 0.04872615
v -0.07129128 0.1012659 0.004788235
v -0.09337408 0.01549645 0.127243
v -0.07129128 0.1012659 0.004788235
v -0.09236875 0.01448227 0.005352414
v -0.09337408 0.01549645 0.127243
v -0.2055746 0.229275 0.1560912
v -0.132734 0.2176789 0.1372391
v -0.1834813 0.2157258 0.1876223
v -0.1090886 0.2157951 0.119199
v -0.132734 0.2176789 0.1372391
v -0.1211882 0.2730235 0.1091145
v -0.1503663 0.2528972 0.1340884
v -0.1834874 0.2954082 0.1251807
v -0.1211882 0.2730235 0.1091145
v -0.132734 0.2176789 0.1372391
v -0.1048182 0.2048091 0.1476743
v -0.1834813 0.2157258 0.1876223
v -0.132734 0.2176789 0.1372391
v -0.1503663 0.2528972 0.1340884
v -0.1211882 0.2730235 0.1091145
v -0.08492374 0.04893896 0.1559543
v -0.09107935 0.05049175 0.1977294
v -0.07340904 0.0894025 0.1230635
v -0.09236875 0.01448227 0.005352414
v -0.1399656 -0.04643256 -0.03215549
v -0.127342 -0.0223294 0.1341246
v -0.009198241 0.1336751 0.06995127
v 0.05235913 0.134801 0.05620155
v 0.04381124 0.1180725 0.02501541
v -0.07693711 0.1427772 0.004065588
v -0.04585133 0.1365994 0.0292924
v -0.004435062 0.1144281 0.004058212
v -0.04097995 0.1639922 0.08839313
v -0.07177841 0.1926643 0.07686003
v -0.06961996 0.2119881 0.1020996
v -0.09337408 0.01549645 0.127243
v -0.09236875 0.01448227 0.005352414
v -0.127342 -0.0223294 0.1341246
v -0.07476939 0.1608206 0.03813675
v -0.07693711 0.1427772 0.004065588
v -0.07242698 0.1352714 0.07254875
v 0.06281795 0.1258726 0.0336936
v 0.07390197 0.1194629 0.003393859
v 0.04381124 0.1180725 0.02501541
v -0.05731348 0.225239 0.6382463
v -0.06974712 0.2151285 0.7347791
v -0.1096214 0.2342254 0.6384518
v -0.05401006 0.2069908 0.1579081
v -0.03052033 0.2139393 0.2470537
v -0.09728347 0.233903 0.1947979
v -0.1069666 0.2012736 0.1682107
v -0.1053328 0.2041429 0.1779094
v -0.06216456 0.1877927 0.1630861
v -0.1068398 0.2378525 0.5231516
v -0.1096214 0.2342254 0.6384518
v -0.1905025 0.2346894 0.5209399
v -0.09868842 0.240476 0.2787902
v -0.08896364 0.2391774 0.3481212
v -0.182849 0.236477 0.3207896
v -0.1039566 0.2275067 0.1627845
v -0.09728347 0.233903 0.1947979
v -0.1752889 0.2200537 0.1870853
v -0.1569996 0.2191352 0.1926259
v -0.1069666 0.2012736 0.1682107
v -0.1769915 0.2041778 0.2170552
v -0.1022022 0.2354512 0.4334982
v -0.04902623 0.2142438 0.435245
v -0.1023245 0.2322556 0.4804347
v -0.06216456 0.1877927 0.1630861
v -0.05401006 0.2069908 0.1579081
v -0.1103494 0.2050318 0.1752057
v -0.1048182 0.2048091 0.1476743
v -0.1053328 0.2041429 0.1779094
v -0.1569996 0.2191352 0.1926259
v -0.1103494 0.2050318 0.1752057
v -0.1039566 0.2275067 0.1627845
v -0.1752889 0.2200537 0.1870853
v -0.1103494 0.2050318 0.1752057
v -0.1752889 0.2200537 0.1870853
v -0.1769915 0.2041778 0.2170552
v -0.1103494 0.2050318 0.1752057
v -0.1069666 0.2012736 0.1682107
v -0.06216456 0.1877927 0.1630861
v -0.06974712 0.2151285 0.7347791
v -0.1178932 0.2287281 0.7493402
v -0.1096214 0.2342254 0.6384518
v -0.09868842 0.240476 0.2787902
v -0.03052033 0.2139393 0.2470537
v -0.08896364 0.2391774 0.3481212
v -0.1023245 0.2322556 0.4804347
v -0.1745868 0.2357602 0.4285108
v -0.1022022 0.2354512 0.4334982
v -0.1532403 0.2239032 0.7685931
v -0.1583955 0.2307717 0.7335357
v -0.1178932 0.2287281 0.7493402
v -0.1222483 0.2221887 0.8055549
v -0.1532403 0.2239032 0.7685931
v -0.1178932 0.2287281 0.7493402
v -0.1022022 0.2354512 0.4334982
v -0.1745868 0.2357602 0.4285108
v -0.08896364 0.2391774 0.3481212
v -0.1039566 0.2275067 0.1627845
v -0.05401006 0.2069908 0.1579081
v -0.09728347 0.233903 0.1947979
v -0.03052033 0.2139393 0.2470537
v -0.09685893 0.2441178 0.2458766
v -0.09728347 0.233903 0.1947979
v -0.1068398 0.2378525 0.5231516
v -0.05788433 0.2241198 0.5263052
v -0.1096214 0.2342254 0.6384518
v -0.1053328 0.2041429 0.1779094
v -0.07329492 0.1931972 0.1583477
v -0.06216456 0.1877927 0.1630861
v 0.03702167 0.2467165 0.04573384
v 0.01173697 0.2336044 0.06653661
v 0.003909502 0.2879849 0.07458714
v -0.02756892 0.2841341 0.0896242
v -0.002527858 0.2546217 0.08283663
v -0.01661968 0.2165724 0.08892459
v -0.002527858 0.2546217 0.08283663
v 0.01173697 0.2336044 0.06653661
v -0.01661968 0.2165724 0.08892459
v -0.4739936 -0.02091421 0.05780852
v -0.4609028 -0.03707042 0.005140189
v -0.4229512 0.01444636 0.00514017
v -0.3369715 0.2019016 0.1037026
v -0.3858462 0.104152 0.09108605
v -0.3919429 0.1924857 0.005140126
v -0.421156 -0.003352448 0.1055487
v -0.4074725 0.01822291 0.08587004
v -0.390097 0.009162694 0.1080889
v -0.3189638 0.3206416 0.003858358
v -0.3200137 0.2871366 0.07514352
v -0.3919429 0.1924857 0.005140126
v -0.2993967 0.2341153 0.1237139
v -0.3095028 0.1812407 0.153678
v -0.3369715 0.2019016 0.1037026
v -0.3675565 0.07913867 0.1260229
v -0.390097 0.009162694 0.1080889
v -0.4074725 0.01822291 0.08587004
v -0.4739936 -0.02091421 0.05780852
v -0.4074725 0.01822291 0.08587004
v -0.421156 -0.003352448 0.1055487
v -0.2754219 0.35954 0.04029721
v -0.2666739 0.3514661 0.06311339
v -0.3123671 0.3019148 0.07179481
v -0.2840987 0.2972037 0.108364
v -0.2993967 0.2341153 0.1237139
v -0.3200137 0.2871366 0.07514352
v -0.3369715 0.2019016 0.1037026
v -0.3200137 0.2871366 0.07514352
v -0.2993967 0.2341153 0.1237139
v -0.3858462 0.104152 0.09108605
v -0.3458796 0.1559904 0.1185206
v -0.3675565 0.07913867 0.1260229
v -0.4074725 0.01822291 0.08587004
v -0.4229512 0.01444636 0.00514017
v -0.417769 0.07752983 0.005140156
v -0.2260293 -0.144727 0.005140096
v -0.2812718 -0.1504342 0.005140126
v -0.2452122 -0.1186919 0.09664185
v -0.1578988 -0.02733819 0.1681939
v -0.1721014 0.05842938 0.2347902
v -0.1383166 -0.0003621876 0.1858852
v -0.127342 -0.0223294 0.1341246
v -0.1383166 -0.0003621876 0.1858852
v -0.09337408 0.01549645 0.127243
v -0.1578988 -0.02733819 0.1681939
v -0.1776983 -0.0467665 0.1525427
v -0.1721014 0.05842938 0.2347902
v -0.1721014 0.05842938 0.2347902
v -0.1089959 0.06615517 0.2408471
v -0.1383166 -0.0003621876 0.1858852
v -0.05322976 0.2840647 0.1020593
v -0.07586114 0.2757379 0.109458
v -0.08735065 0.3179042 0.1029729
v -0.08032516 0.247973 0.1066986
v -0.08824132 0.2730259 0.1109026
v -0.07586114 0.2757379 0.109458
v -0.1003324 0.3044601 0.1106452
v -0.1053863 0.3174755 0.1053049
v -0.08735065 0.3179042 0.1029729
v -0.09265205 0.2679031 0.1206805
v -0.08824132 0.2730259 0.1109026
v -0.09676663 0.2609519 0.1131767
v -0.1211882 0.2730235 0.1091145
v -0.1159763 0.2757362 0.111843
v -0.09676663 0.2609519 0.1131767
v -0.1243417 0.2784658 0.1189422
v -0.09676663 0.2609519 0.1131767
v -0.1159763 0.2757362 0.111843
v -0.1053863 0.3174755 0.1053049
v -0.1350239 0.3313849 0.10371
v -0.08735065 0.3179042 0.1029729
v -0.09676663 0.2609519 0.1131767
v -0.08824132 0.2730259 0.1109026
v -0.08032516 0.247973 0.1066986
v -0.1256712 0.3813101 0.08123422
v -0.1621797 0.3731056 0.09240457
v -0.1913092 0.3983465 0.07791576
v -0.1886295 0.3656415 0.0981788
v -0.1913092 0.3983465 0.07791576
v -0.1621797 0.3731056 0.09240457
v -0.132734 0.2176789 0.1372391
v -0.2055746 0.229275 0.1560912
v -0.1503663 0.2528972 0.1340884
v -0.1256712 0.3813101 0.08123422
v -0.1002727 0.361102 0.07071564
v -0.08735065 0.3179042 0.1029729
v -0.1341236 0.2982087 0.1097915
v -0.1834874 0.2954082 0.1251807
v -0.1350239 0.3313849 0.10371
v -0.1036864 0.279613 0.1076311
v -0.1044704 0.2893021 0.1086078
v -0.09678787 0.2866736 0.1115976
v -0.130725 0.3186764 0.1204846
v -0.1278984 0.2893016 0.1259978
v -0.1329405 0.3148444 0.1141543
v -0.09676663 0.2609519 0.1131767
v -0.1243417 0.2784658 0.1189422
v -0.1087505 0.2690057 0.1235346
v -0.1159763 0.2757362 0.111843
v -0.1227023 0.2875122 0.1154556
v -0.1243417 0.2784658 0.1189422
v -0.09742254 0.2800524 0.1173673
v -0.1036864 0.279613 0.1076311
v -0.09678787 0.2866736 0.1115976
v -0.1177375 0.3235258 0.1093382
v -0.130725 0.3186764 0.1204846
v -0.1329405 0.3148444 0.1141543
v -0.130725 0.3186764 0.1204846
v -0.1177375 0.3235258 0.1093382
v -0.1081992 0.316448 0.1127578
v -0.1278783 0.3082708 0.117827
v -0.130725 0.3186764 0.1204846
v -0.1106621 0.3097911 0.1078106
v -0.1341236 0.2982087 0.1097915
v -0.1227023 0.2875122 0.1154556
v -0.1211882 0.2730235 0.1091145
v -0.1159763 0.2757362 0.111843
v -0.1211882 0.2730235 0.1091145
v -0.1227023 0.2875122 0.1154556
v -0.1227023 0.2875122 0.1154556
v -0.1329405 0.3148444 0.1141543
v -0.1243417 0.2784658 0.1189422
v -0.1227023 0.2875122 0.1154556
v -0.1234979 0.3142071 0.1062456
v -0.1329405 0.3148444 0.1141543
v -0.1150746 0.2861501 0.1131363
v -0.1161655 0.2947981 0.1209028
v -0.1180892 0.2957956 0.1121147
v -0.08824132 0.2730259 0.1109026
v -0.09265205 0.2679031 0.1206805
v -0.1151529 0.2839445 0.1207893
v -0.1106621 0.3097911 0.1078106
v -0.1122532 0.3065014 0.115926
v -0.1278783 0.3082708 0.117827
v -0.130725 0.3186764 0.1204846
v -0.1081992 0.316448 0.1127578
v -0.1106621 0.3097911 0.1078106
v -0.1177375 0.3235258 0.1093382
v -0.1053863 0.3174755 0.1053049
v -0.1081992 0.316448 0.1127578
v -0.1180892 0.2957956 0.1121147
v -0.1161655 0.2947981 0.1209028
v -0.1122532 0.3065014 0.115926
v -0.1087505 0.2690057 0.1235346
v -0.1278984 0.2893016 0.1259978
v -0.1151529 0.2839445 0.1207893
v -0.2055746 0.229275 0.1560912
v -0.1834874 0.2954082 0.1251807
v -0.1503663 0.2528972 0.1340884
v -0.1211882 0.2730235 0.1091145
v -0.1834874 0.2954082 0.1251807
v -0.1341236 0.2982087 0.1097915
v -0.1151529 0.2839445 0.1207893
v -0.1161655 0.2947981 0.1209028
v -0.1150746 0.2861501 0.1131363
v -0.1251875 0.1312784 0.9239287
v -0.142427 0.1188897 0.9014254
v -0.1509687 0.1326786 0.9123845
v -0.1122532 0.3065014 0.115926
v -0.1044704 0.2893021 0.1086078
v -0.1180892 0.2957956 0.1121147
v -0.1150746 0.2861501 0.1131363
v -0.1044704 0.2893021 0.1086078
v -0.1036864 0.279613 0.1076311
v -0.1051274 0.293596 0.112965
v -0.1122532 0.3065014 0.115926
v -0.1106621 0.3097911 0.1078106
v -0.1151529 0.2839445 0.1207893
v -0.1150746 0.2861501 0.1131363
v -0.09742254 0.2800524 0.1173673
v -0.1003324 0.3044601 0.1106452
v -0.1051274 0.293596 0.112965
v -0.1106621 0.3097911 0.1078106
v -0.1044704 0.2893021 0.1086078
v -0.1150746 0.2861501 0.1131363
v -0.1180892 0.2957956 0.1121147
v -0.1278984 0.2893016 0.1259978
v -0.1243417 0.2784658 0.1189422
v -0.1329405 0.3148444 0.1141543
v -0.1243417 0.2784658 0.1189422
v -0.1278984 0.2893016 0.1259978
v -0.1087505 0.2690057 0.1235346
v -0.09742254 0.2800524 0.1173673
v -0.09678787 0.2866736 0.1115976
v -0.08824132 0.2730259 0.1109026
v -0.1329405 0.3148444 0.1141543
v -0.1234979 0.3142071 0.1062456
v -0.1177375 0.3235258 0.1093382
v -0.1161655 0.2947981 0.1209028
v -0.1278783 0.3082708 0.117827
v -0.1122532 0.3065014 0.115926
v -0.1234979 0.3142071 0.1062456
v -0.1053863 0.3174755 0.1053049
v -0.1177375 0.3235258 0.1093382
v -0.08032516 0.247973 0.1066986
v -0.07586114 0.2757379 0.109458
v -0.05322976 0.2840647 0.1020593
v -0.1234979 0.3142071 0.1062456
v -0.1227023 0.2875122 0.1154556
v -0.1341236 0.2982087 0.1097915
v -0.08735065 0.3179042 0.1029729
v -0.08824132 0.2730259 0.1109026
v -0.09678787 0.2866736 0.1115976
v -0.08735065 0.3179042 0.1029729
v -0.09678787 0.2866736 0.1115976
v -0.1003324 0.3044601 0.1106452
v 0.06637656 0.242058 0.0420991
v 0.07264459 0.2323956 0.05149654
v 0.05809268 0.2368862 0.0496399
v -0.1122532 0.3065014 0.115926
v -0.1051274 0.293596 0.112965
v -0.1044704 0.2893021 0.1086078
v -0.09265205 0.2679031 0.1206805
v -0.1087505 0.2690057 0.1235346
v -0.1151529 0.2839445 0.1207893
v -0.08735065 0.3179042 0.1029729
v -0.1350239 0.3313849 0.10371
v -0.1256712 0.3813101 0.08123422
v -0.1081992 0.316448 0.1127578
v -0.1003324 0.3044601 0.1106452
v -0.1106621 0.3097911 0.1078106
v -0.09676663 0.2609519 0.1131767
v -0.1087505 0.2690057 0.1235346
v -0.09265205 0.2679031 0.1206805
v -0.1053863 0.3174755 0.1053049
v -0.1003324 0.3044601 0.1106452
v -0.1081992 0.316448 0.1127578
v -0.1278984 0.2893016 0.1259978
v -0.130725 0.3186764 0.1204846
v -0.1278783 0.3082708 0.117827
v -0.1051274 0.293596 0.112965
v -0.1003324 0.3044601 0.1106452
v -0.1044704 0.2893021 0.1086078
v -0.1036864 0.279613 0.1076311
v -0.09742254 0.2800524 0.1173673
v -0.1150746 0.2861501 0.1131363
v -0.09678787 0.2866736 0.1115976
v -0.1044704 0.2893021 0.1086078
v -0.1003324 0.3044601 0.1106452
v -0.09742254 0.2800524 0.1173673
v -0.08824132 0.2730259 0.1109026
v -0.1151529 0.2839445 0.1207893
v 0.03153104 0.2282688 0.05212657
v 0.01173697 0.2336044 0.06653661
v 0.03702167 0.2467165 0.04573384
v 0.0525289 0.2151172 0.05702589
v 0.02614073 0.210105 0.0578866
v 0.05809268 0.2368862 0.0496399
v 0.05809268 0.2368862 0.0496399
v 0.03153104 0.2282688 0.05212657
v 0.03702167 0.2467165 0.04573384
v 0.07562537 0.2315158 0.03301109
v 0.07264459 0.2323956 0.05149654
v 0.06637656 0.242058 0.0420991
v 0.0525289 0.2151172 0.05702589
v 0.05809268 0.2368862 0.0496399
v 0.07264459 0.2323956 0.05149654
v -0.1155412 0.3996515 0.03888303
v -0.08840268 0.3850233 0.02982435
v -0.1002727 0.361102 0.07071564
v -0.1002727 0.361102 0.07071564
v -0.08840268 0.3850233 0.02982435
v -0.06689535 0.3729867 0.0298042
v 0.01302369 0.2938043 0.03752154
v 0.007126639 0.31131 0.05014947
v 0.01295673 0.3135431 0.03244981
v 0.01604727 0.3238741 0.04607582
v 0.01543663 0.327667 0.06342322
v 0.01874668 0.3306302 0.04056227
v -0.002665267 0.3379442 0.05933478
v -0.02576645 0.3442614 0.0571343
v -0.01821514 0.3533372 0.02911609
v 0.007505991 0.3354129 0.06267792
v -0.002665267 0.3379442 0.05933478
v 0.0104461 0.3380069 0.04162195
v 0.007126639 0.31131 0.05014947
v 0.01604727 0.3238741 0.04607582
v 0.01295673 0.3135431 0.03244981
v 0.01605543 0.3058911 0.02838424
v 0.01302369 0.2938043 0.03752154
v 0.01295673 0.3135431 0.03244981
v 0.02182024 0.3202639 0.02709517
v 0.01605543 0.3058911 0.02838424
v 0.01295673 0.3135431 0.03244981
v 0.005238856 0.2971544 0.06578699
v 0.0106233 0.3062261 0.07714966
v 0.01543663 0.327667 0.06342322
v 0.02182024 0.3202639 0.02709517
v 0.01874668 0.3306302 0.04056227
v 0.02691567 0.3143684 0.008618861
v 0.02885971 0.3132933 0.0001552105
v 0.01854136 0.3019905 0.0004386008
v 0.02691567 0.3143684 0.008618861
v 0.003909502 0.2879849 0.07458714
v 0.0106233 0.3062261 0.07714966
v 0.006472718 0.2938556 0.06839639
v 0.01302369 0.2938043 0.03752154
v 0.0131796 0.2863869 0.0383006
v 0.006472718 0.2938556 0.06839639
v 0.008064065 0.3152828 0.07634106
v -0.008672243 0.3288617 0.06865871
v 0.007505991 0.3354129 0.06267792
v 0.04556418 0.1928913 0.06719151
v 0.0525289 0.2151172 0.05702589
v 0.0763436 0.2182929 0.04795177
v 0.01543663 0.327667 0.06342322
v 0.01604727 0.3238741 0.04607582
v 0.007126639 0.31131 0.05014947
v -0.000383861 0.3395667 0.03957191
v -0.002665267 0.3379442 0.05933478
v -0.01821514 0.3533372 0.02911609
v 0.03702167 0.2467165 0.04573384
v 0.003909502 0.2879849 0.07458714
v 0.0131796 0.2863869 0.0383006
v -0.002665267 0.3379442 0.05933478
v -0.000383861 0.3395667 0.03957191
v 0.0104461 0.3380069 0.04162195
v -0.02756892 0.2841341 0.0896242
v -0.01267073 0.3203978 0.07782108
v 0.002352601 0.3090027 0.07815832
v -0.01267073 0.3203978 0.07782108
v -0.008672243 0.3288617 0.06865871
v 0.002352601 0.3090027 0.07815832
v 0.02986667 0.269099 0.02830011
v 0.0131796 0.2863869 0.0383006
v 0.02960457 0.2678244 0.0009868145
v 0.005238856 0.2971544 0.06578699
v 0.01543663 0.327667 0.06342322
v 0.007126639 0.31131 0.05014947
v 0.01302369 0.2938043 0.03752154
v 0.006472718 0.2938556 0.06839639
v 0.005238856 0.2971544 0.06578699
v 0.01604727 0.3238741 0.04607582
v 0.02182024 0.3202639 0.02709517
v 0.01295673 0.3135431 0.03244981
v 0.01604727 0.3238741 0.04607582
v 0.01874668 0.3306302 0.04056227
v 0.02182024 0.3202639 0.02709517
v 0.01874668 0.3306302 0.04056227
v 0.03030766 0.3204508 1.290441E-05
v 0.02691567 0.3143684 0.008618861
v 0.0106233 0.3062261 0.07714966
v 0.005238856 0.2971544 0.06578699
v 0.006472718 0.2938556 0.06839639
v 0.0131796 0.2863869 0.0383006
v 0.003909502 0.2879849 0.07458714
v 0.006472718 0.2938556 0.06839639
v -0.02756892 0.2841341 0.0896242
v 0.002352601 0.3090027 0.07815832
v 0.003909502 0.2879849 0.07458714
v 0.01543663 0.327667 0.06342322
v 0.008064065 0.3152828 0.07634106
v 0.007505991 0.3354129 0.06267792
v -0.008672243 0.3288617 0.06865871
v -0.02576645 0.3442614 0.0571343
v -0.002665267 0.3379442 0.05933478
v -0.008672243 0.3288617 0.06865871
v -0.002665267 0.3379442 0.05933478
v 0.007505991 0.3354129 0.06267792
v 0.008064065 0.3152828 0.07634106
v 0.0106233 0.3062261 0.07714966
v 0.002352601 0.3090027 0.07815832
v 0.02614073 0.210105 0.0578866
v 0.0525289 0.2151172 0.05702589
v 0.04556418 0.1928913 0.06719151
v 0.0763436 0.2182929 0.04795177
v 0.0525289 0.2151172 0.05702589
v 0.07264459 0.2323956 0.05149654
v 0.0131796 0.2863869 0.0383006
v 0.01353879 0.2915842 0.000666678
v 0.02960457 0.2678244 0.0009868145
v 0.05044066 0.2538047 0.01018876
v 0.0474952 0.2587835 0.023229
v 0.04546957 0.2608803 0.0009988546
v 0.0474952 0.2587835 0.023229
v 0.02960457 0.2678244 0.0009868145
v 0.04546957 0.2608803 0.0009988546
v 0.06648963 0.24858 0.001071841
v 0.05044066 0.2538047 0.01018876
v 0.05866246 0.2538141 0.00103265
v 0.06256557 0.2357881 0.03609362
v 0.06637656 0.242058 0.0420991
v 0.05134632 0.2521867 0.02271253
v 0.09348544 0.2168504 0.001458749
v 0.08212765 0.2200454 0.02582343
v 0.07876398 0.2327295 0.0187206
v 0.0763436 0.2182929 0.04795177
v 0.07264459 0.2323956 0.05149654
v 0.07562537 0.2315158 0.03301109
v 0.07876398 0.2327295 0.0187206
v 0.08212765 0.2200454 0.02582343
v 0.07562537 0.2315158 0.03301109
v 0.05134632 0.2521867 0.02271253
v 0.0474952 0.2587835 0.023229
v 0.05044066 0.2538047 0.01018876
v 0.06908801 0.230651 0.03011048
v 0.07876398 0.2327295 0.0187206
v 0.07562537 0.2315158 0.03301109
v 0.09424417 0.175411 0.03345035
v 0.08736825 0.1713226 0.03130601
v 0.07501433 0.1689772 0.05801582
v -0.04402735 0.3690876 0.02909929
v -0.05091471 0.3545291 0.06585217
v -0.06689535 0.3729867 0.0298042
v 0.07833929 0.1668562 0.06494147
v 0.0749957 0.1685003 0.05802474
v 0.09359727 0.1674361 0.0344657
v 0.06256557 0.2357881 0.03609362
v 0.05648322 0.2366463 0.03036314
v 0.05980755 0.2325783 0.03176881
v 0.05134632 0.2521867 0.02271253
v 0.05044066 0.2538047 0.01018876
v 0.05096969 0.2408374 0.01823218
v 0.07876398 0.2327295 0.0187206
v 0.05635815 0.2320744 0.01835413
v 0.06504185 0.2468976 0.01337682
v 0.06637656 0.242058 0.0420991
v 0.0474952 0.2587835 0.023229
v 0.05134632 0.2521867 0.02271253
v 0.06637656 0.242058 0.0420991
v 0.06256557 0.2357881 0.03609362
v 0.07562537 0.2315158 0.03301109
v 0.08212765 0.2200454 0.02582343
v 0.0763436 0.2182929 0.04795177
v 0.07562537 0.2315158 0.03301109
v 0.07353996 0.2422359 0.001137137
v 0.09348544 0.2168504 0.001458749
v 0.07876398 0.2327295 0.0187206
v 0.06908801 0.230651 0.03011048
v 0.07562537 0.2315158 0.03301109
v 0.06256557 0.2357881 0.03609362
v -0.05091471 0.3545291 0.06585217
v -0.02258618 0.3273349 0.07251483
v -0.02756892 0.2841341 0.0896242
v -0.02258618 0.3273349 0.07251483
v -0.01267073 0.3203978 0.07782108
v -0.02756892 0.2841341 0.0896242
v 0.02986667 0.269099 0.02830011
v 0.03702167 0.2467165 0.04573384
v 0.0131796 0.2863869 0.0383006
v 0.1071352 0.1779286 0.002075404
v 0.09424417 0.175411 0.03345035
v 0.09272832 0.1981963 0.03046747
v 0.09424417 0.175411 0.03345035
v 0.07820802 0.1718252 0.06435978
v 0.09272832 0.1981963 0.03046747
v -0.04585133 0.1365994 0.0292924
v -0.0634839 0.1471758 0.03732306
v -0.04097995 0.1639922 0.08839313
v 0.06710565 0.1499045 0.05976266
v 0.01162323 0.1707763 0.06918431
v 0.07833929 0.1668562 0.06494147
v 0.1071352 0.1779286 0.002075404
v 0.09272832 0.1981963 0.03046747
v 0.09348544 0.2168504 0.001458749
v 0.07820802 0.1718252 0.06435978
v 0.09424417 0.175411 0.03345035
v 0.07501433 0.1689772 0.05801582
v 0.04497094 0.1716472 0.0686878
v 0.01162323 0.1707763 0.06918431
v 0.04556418 0.1928913 0.06719151
v 0.04556418 0.1928913 0.06719151
v 0.01162323 0.1707763 0.06918431
v 0.02614073 0.210105 0.0578866
v -0.009198241 0.1336751 0.06995127
v 0.01162323 0.1707763 0.06918431
v 0.05235913 0.134801 0.05620155
v 0.01173697 0.2336044 0.06653661
v -0.002527858 0.2546217 0.08283663
v 0.003909502 0.2879849 0.07458714
v -0.01661968 0.2165724 0.08892459
v -0.06961996 0.2119881 0.1020996
v -0.08032516 0.247973 0.1066986
v 0.02614073 0.210105 0.0578866
v 0.01162323 0.1707763 0.06918431
v 0.01173697 0.2336044 0.06653661
v 0.01162323 0.1707763 0.06918431
v -0.01661968 0.2165724 0.08892459
v 0.01173697 0.2336044 0.06653661
v -0.05322976 0.2840647 0.1020593
v -0.02756892 0.2841341 0.0896242
v -0.01661968 0.2165724 0.08892459
v 0.003909502 0.2879849 0.07458714
v -0.002527858 0.2546217 0.08283663
v -0.02756892 0.2841341 0.0896242
v -0.01661968 0.2165724 0.08892459
v 0.01162323 0.1707763 0.06918431
v -0.04097995 0.1639922 0.08839313
v -0.04585133 0.1365994 0.0292924
v -0.04097995 0.1639922 0.08839313
v -0.009198241 0.1336751 0.06995127
v 0.0106233 0.3062261 0.07714966
v 0.008064065 0.3152828 0.07634106
v 0.01543663 0.327667 0.06342322
v 0.0106233 0.3062261 0.07714966
v 0.003909502 0.2879849 0.07458714
v 0.002352601 0.3090027 0.07815832
v 0.01162323 0.1707763 0.06918431
v 0.0749957 0.1685003 0.05802474
v 0.07833929 0.1668562 0.06494147
v 0.0749957 0.1685003 0.05802474
v 0.08737742 0.1706637 0.03131808
v 0.09359727 0.1674361 0.0344657
v -0.02576645 0.3442614 0.0571343
v -0.05091471 0.3545291 0.06585217
v -0.01821514 0.3533372 0.02911609
v 0.03030766 0.3204508 1.290441E-05
v 0.01874668 0.3306302 0.04056227
v 0.02219814 0.3250146 -1.192093E-05
v 0.02219814 0.3250146 -1.192093E-05
v 0.01874668 0.3306302 0.04056227
v 0.0104461 0.3380069 0.04162195
v 0.0474952 0.2587835 0.023229
v 0.02986667 0.269099 0.02830011
v 0.02960457 0.2678244 0.0009868145
v 0.0474952 0.2587835 0.023229
v 0.03702167 0.2467165 0.04573384
v 0.02986667 0.269099 0.02830011
v 0.09272832 0.1981963 0.03046747
v 0.08212765 0.2200454 0.02582343
v 0.09348544 0.2168504 0.001458749
v -0.06961996 0.2119881 0.1020996
v -0.01661968 0.2165724 0.08892459
v -0.04097995 0.1639922 0.08839313
v 0.04497094 0.1716472 0.0686878
v 0.07820802 0.1718252 0.06435978
v 0.07501433 0.1689772 0.05801582
v 0.01339956 0.3278717 -2.980232E-07
v -0.000383861 0.3395667 0.03957191
v -0.01188034 0.3552862 -0.000320375
v -0.01188034 0.3552862 -0.000320375
v -0.000383861 0.3395667 0.03957191
v -0.01821514 0.3533372 0.02911609
v -0.3340755 0.0121263 0.1597749
v -0.3288764 -0.02819628 0.1509686
v -0.3680136 -0.02491091 0.1387585
v -0.2962932 -0.07725742 0.13339
v -0.3189355 -0.05563121 0.1424164
v -0.2747178 -0.04291293 0.1549992
v -0.3241006 -0.1046924 0.1241773
v -0.3646773 -0.0909579 0.1445673
v -0.351197 -0.07663085 0.1395544
v -0.3360061 -0.07077117 0.1373359
v -0.351197 -0.07663085 0.1395544
v -0.3544654 -0.04712982 0.140452
v -0.3646773 -0.0909579 0.1445673
v -0.3241006 -0.1046924 0.1241773
v -0.3362601 -0.1211025 0.1244144
v -0.3857954 -0.04331939 0.1476833
v -0.351197 -0.07663085 0.1395544
v -0.3646773 -0.0909579 0.1445673
v -0.3857954 -0.04331939 0.1476833
v -0.3646773 -0.0909579 0.1445673
v -0.4215116 -0.0705004 0.160317
v -0.3857954 -0.04331939 0.1476833
v -0.4215116 -0.0705004 0.160317
v -0.4022903 -0.01913607 0.1272087
v -0.3544654 -0.04712982 0.140452
v -0.351197 -0.07663085 0.1395544
v -0.3857954 -0.04331939 0.1476833
v -0.351197 -0.07663085 0.1395544
v -0.3360061 -0.07077117 0.1373359
v -0.3202903 -0.08975559 0.1288176
v -0.2064006 0.1784372 0.3145317
v -0.2066167 0.1321504 0.2939921
v -0.2316997 0.1806391 0.2572038
v -0.108895 0.06731814 0.3308488
v -0.1069084 0.0782339 0.4426852
v -0.08987392 0.06570604 0.332935
v -0.02745786 0.2132624 0.3341957
v -0.03052033 0.2139393 0.2470537
v 0.0002572918 0.1694227 0.3274127
v -0.2010713 0.2140654 0.4186746
v -0.2044884 0.1933189 0.4114734
v -0.2064006 0.1784372 0.3145317
v -0.09868842 0.240476 0.2787902
v -0.09685893 0.2441178 0.2458766
v -0.03052033 0.2139393 0.2470537
v -0.2890869 0.3591912 0.0016312
v -0.2258662 0.4174526 9.736419E-05
v -0.2754219 0.35954 0.04029721
v -0.2044884 0.1933189 0.4114734
v -0.1787021 0.1327508 0.3986392
v -0.2066167 0.1321504 0.2939921
v -0.3189638 0.3206416 0.003858358
v -0.2754219 0.35954 0.04029721
v -0.3123671 0.3019148 0.07179481
v -0.2066167 0.1321504 0.2939921
v -0.2215006 0.123591 0.2551466
v -0.2316997 0.1806391 0.2572038
v -0.08987392 0.06570604 0.332935
v -0.07006217 0.07953715 0.3647755
v -0.07022984 0.07576329 0.31049
v -0.008413329 0.1193031 0.2699275
v -0.008125625 0.1276136 0.336881
v 0.0002572918 0.1694227 0.3274127
v -0.03052033 0.2139393 0.2470537
v 0.003161759 0.1667009 0.2550523
v 0.0002572918 0.1694227 0.3274127
v -0.182849 0.236477 0.3207896
v -0.1745868 0.2357602 0.4285108
v -0.2064006 0.1784372 0.3145317
v -0.1878092 0.4117855 0.04592875
v -0.2289628 0.4030407 0.03549871
v -0.2258662 0.4174526 9.736419E-05
v -0.2754219 0.35954 0.04029721
v -0.2288201 0.3925794 0.0566431
v -0.2666739 0.3514661 0.06311339
v -0.1834874 0.2954082 0.1251807
v -0.2408396 0.3483851 0.09134972
v -0.1886295 0.3656415 0.0981788
v -0.2668091 -0.1033884 0.1173863
v -0.2962932 -0.07725742 0.13339
v -0.2271371 -0.07754122 0.1547251
v -0.2452122 -0.1186919 0.09664185
v -0.1949778 -0.128203 -0.008391649
v -0.2260293 -0.144727 0.005140096
v -0.33582 0.1497751 0.1446685
v -0.3675565 0.07913867 0.1260229
v -0.3458796 0.1559904 0.1185206
v -0.2729896 0.08467041 0.2195828
v -0.2525837 0.01121172 0.2097503
v -0.3007473 0.04823194 0.1924765
v -0.2525837 0.01121172 0.2097503
v -0.2089068 -0.0009853989 0.2123307
v -0.2576303 -0.01331034 0.1875146
v -0.2729896 0.08467041 0.2195828
v -0.2294827 0.108224 0.2240732
v -0.2525837 0.01121172 0.2097503
v -0.3458796 0.1559904 0.1185206
v -0.3095028 0.1812407 0.153678
v -0.33582 0.1497751 0.1446685
v -0.2596038 0.128832 0.2095935
v -0.2294827 0.108224 0.2240732
v -0.2729896 0.08467041 0.2195828
v -0.3202903 -0.08975559 0.1288176
v -0.2950738 -0.1071479 0.1136606
v -0.3241006 -0.1046924 0.1241773
v -0.2668091 -0.1033884 0.1173863
v -0.2950738 -0.1071479 0.1136606
v -0.2962932 -0.07725742 0.13339
v -0.292957 -0.1386304 0.08548051
v -0.2576729 -0.1039539 0.1233555
v -0.2452122 -0.1186919 0.09664185
v -0.1655813 0.1522021 0.8273989
v -0.1413915 0.1325365 0.8293171
v -0.1722268 0.1227357 0.7770625
v -0.1097403 0.2201235 0.8435369
v -0.155127 0.1826802 0.8513356
v -0.1576336 0.2040455 0.8137925
v -0.1204458 0.1250135 0.8376862
v -0.1413915 0.1325365 0.8293171
v -0.1458119 0.1296981 0.8733012
v -0.1689298 0.1623783 0.9286643
v -0.1251875 0.1312784 0.9239287
v -0.1716769 0.1497798 0.9154936
v -0.06710407 0.2043014 0.8674695
v -0.06940851 0.2088131 0.8754707
v -0.06941788 0.2100071 0.8529221
v -0.1222483 0.2221887 0.8055549
v -0.1576336 0.2040455 0.8137925
v -0.1532403 0.2239032 0.7685931
v -0.1556647 0.1540579 0.8735341
v -0.1655813 0.1522021 0.8273989
v -0.155127 0.1826802 0.8513356
v -0.1178932 0.2287281 0.7493402
v -0.08848885 0.2140021 0.7734902
v -0.1222483 0.2221887 0.8055549
v -0.1452652 0.09686804 0.8903291
v -0.1281059 0.1124073 0.8456231
v -0.1204458 0.1250135 0.8376862
v -0.155127 0.1826802 0.8513356
v -0.1655813 0.1522021 0.8273989
v -0.1918073 0.1777793 0.7732133
v -0.1722268 0.1227357 0.7770625
v -0.1918073 0.1777793 0.7732133
v -0.1655813 0.1522021 0.8273989
v -0.1413915 0.1325365 0.8293171
v -0.1122969 0.08873492 0.7783103
v -0.1722268 0.1227357 0.7770625
v -0.1222483 0.2221887 0.8055549
v -0.1097403 0.2201235 0.8435369
v -0.1576336 0.2040455 0.8137925
v -0.1413915 0.1325365 0.8293171
v -0.1556647 0.1540579 0.8735341
v -0.1458119 0.1296981 0.8733012
v -0.1556647 0.1540579 0.8735341
v -0.1716769 0.1497798 0.9154936
v -0.1509687 0.1326786 0.9123845
v -0.0889675 0.1040806 0.8842145
v -0.05498696 0.1532894 0.8766137
v -0.04313048 0.1305301 0.7771661
v -0.06941788 0.2100071 0.8529221
v -0.09074226 0.2148654 0.8359011
v -0.06710407 0.2043014 0.8674695
v -0.1097403 0.2201235 0.8435369
v -0.09074226 0.2148654 0.8359011
v -0.06941788 0.2100071 0.8529221
v -0.3795463 -0.1635929 0.04976431
v -0.4098941 -0.1688428 0.05189815
v -0.3913671 -0.1698928 0.06505677
v -0.05731348 0.225239 0.6382463
v -0.0415436 0.1893315 0.6449624
v -0.06974712 0.2151285 0.7347791
v -0.09400403 0.06489927 0.6701057
v -0.1182595 0.06788749 0.5338132
v -0.1480861 0.07517952 0.6749262
v -0.1096214 0.2342254 0.6384518
v -0.1660932 0.2394458 0.6442058
v -0.1905025 0.2346894 0.5209399
v -0.1681102 0.2131112 0.877133
v -0.1413992 0.2160118 0.8639728
v -0.1400244 0.2478244 0.8687367
v -0.1458119 0.1296981 0.8733012
v -0.142427 0.1188897 0.9014254
v -0.1452652 0.09686804 0.8903291
v -0.1134286 0.2405697 0.8616086
v -0.1097403 0.2201235 0.8435369
v -0.07115308 0.228399 0.8810019
v -0.1413992 0.2160118 0.8639728
v -0.1650453 0.1842005 0.8782429
v -0.155127 0.1826802 0.8513356
v -0.1458119 0.1296981 0.8733012
v -0.1556647 0.1540579 0.8735341
v -0.1509687 0.1326786 0.9123845
v -0.1222483 0.2221887 0.8055549
v -0.09074226 0.2148654 0.8359011
v -0.1097403 0.2201235 0.8435369
v -0.1176971 0.09096497 0.846903
v -0.04313048 0.1305301 0.7771661
v -0.1122969 0.08873492 0.7783103
v -0.01188034 0.3552862 -0.000320375
v -0.01821514 0.3533372 0.02911609
v -0.03656732 0.3775743 -0.0005504489
v -0.4912844 -0.1117037 0.07142442
v -0.4809878 -0.1034393 0.005140215
v -0.5009375 -0.06587707 0.06361732
v 0.04497094 0.1716472 0.0686878
v 0.07501433 0.1689772 0.05801582
v 0.01162323 0.1707763 0.06918431
v -0.1918073 0.1777793 0.7732133
v -0.1722268 0.1227357 0.7770625
v -0.2052441 0.1782673 0.739279
v -0.1068398 0.2378525 0.5231516
v -0.1023245 0.2322556 0.4804347
v -0.05788433 0.2241198 0.5263052
v -0.02216856 0.1496382 0.526308
v -0.0213218 0.1593716 0.4347854
v -0.03810764 0.108114 0.5260933
v -0.2010713 0.2140654 0.4186746
v -0.211587 0.211912 0.460942
v -0.2044884 0.1933189 0.4114734
v -0.2220434 0.1687967 0.5066565
v -0.1844923 0.1092258 0.5047375
v -0.2044884 0.1933189 0.4114734
v -0.182849 0.236477 0.3207896
v -0.2064006 0.1784372 0.3145317
v -0.2316997 0.1806391 0.2572038
v -0.2064006 0.1784372 0.3145317
v -0.2044884 0.1933189 0.4114734
v -0.2066167 0.1321504 0.2939921
v -0.02745786 0.2132624 0.3341957
v 0.0002572918 0.1694227 0.3274127
v -0.04902623 0.2142438 0.435245
v -0.108895 0.06731814 0.3308488
v -0.08987392 0.06570604 0.332935
v -0.1089959 0.06615517 0.2408471
v -0.08896364 0.2391774 0.3481212
v -0.1745868 0.2357602 0.4285108
v -0.182849 0.236477 0.3207896
v -0.002427039 0.1369418 0.2337845
v 0.003161759 0.1667009 0.2550523
v -0.002836919 0.1402316 0.157857
v -0.2089223 0.1906976 0.2063199
v -0.2136621 0.1970896 0.2269891
v -0.2370783 0.1506016 0.223568
v -0.09728347 0.233903 0.1947979
v -0.183423 0.2301005 0.2474382
v -0.1752889 0.2200537 0.1870853
v -0.2370783 0.1506016 0.223568
v -0.2316997 0.1806391 0.2572038
v -0.2294827 0.108224 0.2240732
v -0.2235977 0.2103764 0.1914192
v -0.1834813 0.2157258 0.1876223
v -0.2039263 0.2054949 0.216443
v -0.1769915 0.2041778 0.2170552
v -0.2089223 0.1906976 0.2063199
v -0.2039263 0.2054949 0.216443
v -0.07329492 0.1931972 0.1583477
v -0.1048182 0.2048091 0.1476743
v -0.0297565 0.111471 0.133665
v -0.1069666 0.2012736 0.1682107
v -0.1103494 0.2050318 0.1752057
v -0.1769915 0.2041778 0.2170552
v -0.06216456 0.1877927 0.1630861
v -0.07329492 0.1931972 0.1583477
v -0.002836919 0.1402316 0.157857
v -0.1834813 0.2157258 0.1876223
v -0.1048182 0.2048091 0.1476743
v -0.1569996 0.2191352 0.1926259
v -0.2039263 0.2054949 0.216443
v -0.2325049 0.181715 0.206066
v -0.2235977 0.2103764 0.1914192
v -0.3957194 -0.1697403 0.08612409
v -0.4403774 -0.1687581 0.1048544
v -0.3873195 -0.1574455 0.1194525
v -0.3646773 -0.0909579 0.1445673
v -0.3362601 -0.1211025 0.1244144
v -0.3738731 -0.1216614 0.1459052
v -0.4833588 -0.07878173 0.005140215
v -0.4609028 -0.03707042 0.005140189
v -0.5009375 -0.06587707 0.06361732
v 0.02219814 0.3250146 -1.192093E-05
v 0.0104461 0.3380069 0.04162195
v 0.01339956 0.3278717 -2.980232E-07
v -0.05322976 0.2840647 0.1020593
v -0.07838018 0.3262262 0.09221846
v -0.05091471 0.3545291 0.06585217
v -0.3694191 -0.1662347 0.09569246
v -0.3873195 -0.1574455 0.1194525
v -0.3418826 -0.1487576 0.1061584
v -0.3873195 -0.1574455 0.1194525
v -0.4425281 -0.1231348 0.1499358
v -0.3738731 -0.1216614 0.1459052
v -0.4674567 -0.03346315 0.127937
v -0.4739936 -0.02091421 0.05780852
v -0.421156 -0.003352448 0.1055487
v -0.4425281 -0.1231348 0.1499358
v -0.4860345 -0.0778841 0.1276491
v -0.4215116 -0.0705004 0.160317
v -0.3200137 0.2871366 0.07514352
v -0.3369715 0.2019016 0.1037026
v -0.3919429 0.1924857 0.005140126
v -0.3007473 0.04823194 0.1924765
v -0.2576303 -0.01331034 0.1875146
v -0.3340755 0.0121263 0.1597749
v -0.3858462 0.104152 0.09108605
v -0.3675565 0.07913867 0.1260229
v -0.4074725 0.01822291 0.08587004
v -0.2747178 -0.04291293 0.1549992
v -0.3288764 -0.02819628 0.1509686
v -0.3340755 0.0121263 0.1597749
v -0.4912844 -0.1117037 0.07142442
v -0.4723679 -0.1302645 0.1209259
v -0.4499119 -0.1615607 0.06769869
v -0.4860345 -0.0778841 0.1276491
v -0.5009375 -0.06587707 0.06361732
v -0.4674567 -0.03346315 0.127937
v -0.2962932 -0.07725742 0.13339
v -0.2747178 -0.04291293 0.1549992
v -0.2271371 -0.07754122 0.1547251
v -0.2576303 -0.01331034 0.1875146
v -0.2095773 -0.05761733 0.1753306
v -0.2747178 -0.04291293 0.1549992
v -0.3795463 -0.1635929 0.04976431
v -0.3948049 -0.1609849 0.02458175
v -0.4098941 -0.1688428 0.05189815
v -0.1726486 0.1236793 0.4277633
v -0.1787021 0.1327508 0.3986392
v -0.2044884 0.1933189 0.4114734
v -0.2294827 0.108224 0.2240732
v -0.1756446 0.103365 0.2454811
v -0.1721014 0.05842938 0.2347902
v -0.1089959 0.06615517 0.2408471
v -0.09107935 0.05049175 0.1977294
v -0.1383166 -0.0003621876 0.1858852
v -0.2890869 0.3591912 0.0016312
v -0.2754219 0.35954 0.04029721
v -0.3189638 0.3206416 0.003858358
v -0.01754198 0.155939 0.6516591
v -0.02300303 0.1366556 0.6544713
v -0.03471014 0.1633893 0.745793
v -0.04248895 0.1777527 0.7709766
v -0.03471014 0.1633893 0.745793
v -0.04313048 0.1305301 0.7771661
v -0.04248895 0.1777527 0.7709766
v -0.06974712 0.2151285 0.7347791
v -0.03471014 0.1633893 0.745793
v -0.1844923 0.1092258 0.5047375
v -0.1892289 0.09425581 0.6746079
v -0.1853314 0.09006572 0.6007069
v -0.08848885 0.2140021 0.7734902
v -0.06974712 0.2151285 0.7347791
v -0.04248895 0.1777527 0.7709766
v -0.1096214 0.2342254 0.6384518
v -0.1178932 0.2287281 0.7493402
v -0.1583955 0.2307717 0.7335357
v -0.2220434 0.1687967 0.5066565
v -0.1905025 0.2346894 0.5209399
v -0.2052441 0.1782673 0.739279
v -0.2840987 0.2972037 0.108364
v -0.2055746 0.229275 0.1560912
v -0.2993967 0.2341153 0.1237139
v -0.1204458 0.1250135 0.8376862
v -0.1122969 0.08873492 0.7783103
v -0.1413915 0.1325365 0.8293171
v -0.1690033 0.1630912 0.8881788
v -0.1650453 0.1842005 0.8782429
v -0.1859886 0.1760285 0.8942631
v -0.07788213 0.1395457 0.9169031
v -0.1251875 0.1312784 0.9239287
v -0.06611577 0.1747943 0.9040205
v -0.05498696 0.1532894 0.8766137
v -0.0502078 0.1685545 0.8255605
v -0.04313048 0.1305301 0.7771661
v -0.05498696 0.1532894 0.8766137
v -0.07423123 0.1232376 0.907029
v -0.05530013 0.1629965 0.8903728
v -0.1556647 0.1540579 0.8735341
v -0.1413915 0.1325365 0.8293171
v -0.1655813 0.1522021 0.8273989
v -0.1458119 0.1296981 0.8733012
v -0.1452652 0.09686804 0.8903291
v -0.1204458 0.1250135 0.8376862
v -0.1097403 0.2201235 0.8435369
v -0.06941788 0.2100071 0.8529221
v -0.07115308 0.228399 0.8810019
v -0.1690033 0.1630912 0.8881788
v -0.1556647 0.1540579 0.8735341
v -0.155127 0.1826802 0.8513356
v -0.1576336 0.2040455 0.8137925
v -0.155127 0.1826802 0.8513356
v -0.1918073 0.1777793 0.7732133
v -0.04248895 0.1777527 0.7709766
v -0.0502078 0.1685545 0.8255605
v -0.06133504 0.1938528 0.8173824
v -0.02576645 0.3442614 0.0571343
v -0.02258618 0.3273349 0.07251483
v -0.05091471 0.3545291 0.06585217
v -0.05091471 0.3545291 0.06585217
v -0.04402735 0.3690876 0.02909929
v -0.01821514 0.3533372 0.02911609
v -0.4833588 -0.07878173 0.005140215
v -0.5009375 -0.06587707 0.06361732
v -0.4809878 -0.1034393 0.005140215
v 0.008064065 0.3152828 0.07634106
v 0.002352601 0.3090027 0.07815832
v -0.008672243 0.3288617 0.06865871
v -0.1122969 0.08873492 0.7783103
v -0.1697314 0.09503955 0.7515934
v -0.1722268 0.1227357 0.7770625
v -0.1178932 0.2287281 0.7493402
v -0.06974712 0.2151285 0.7347791
v -0.08848885 0.2140021 0.7734902
v -0.1918073 0.1777793 0.7732133
v -0.2052441 0.1782673 0.739279
v -0.1583955 0.2307717 0.7335357
v -0.1722268 0.1227357 0.7770625
v -0.1697314 0.09503955 0.7515934
v -0.2052441 0.1782673 0.739279
v -0.1794481 0.4238033 -0.0003583729
v -0.1517276 0.4042485 0.0405193
v -0.1878092 0.4117855 0.04592875
v -0.04902623 0.2142438 0.435245
v -0.05788433 0.2241198 0.5263052
v -0.1023245 0.2322556 0.4804347
v -0.0213218 0.1593716 0.4347854
v -0.02906484 0.1138645 0.4333183
v -0.03810764 0.108114 0.5260933
v -0.211587 0.211912 0.460942
v -0.2220434 0.1687967 0.5066565
v -0.2044884 0.1933189 0.4114734
v -0.1844923 0.1092258 0.5047375
v -0.1726486 0.1236793 0.4277633
v -0.2044884 0.1933189 0.4114734
v -0.04902623 0.2142438 0.435245
v -0.0213218 0.1593716 0.4347854
v -0.02216856 0.1496382 0.526308
v -0.1787021 0.1327508 0.3986392
v -0.1565371 0.1135566 0.3740608
v -0.2215006 0.123591 0.2551466
v -0.1787021 0.1327508 0.3986392
v -0.2215006 0.123591 0.2551466
v -0.2066167 0.1321504 0.2939921
v -0.0213218 0.1593716 0.4347854
v -0.04902623 0.2142438 0.435245
v 0.0002572918 0.1694227 0.3274127
v -0.03052033 0.2139393 0.2470537
v -0.02745786 0.2132624 0.3341957
v -0.08896364 0.2391774 0.3481212
v -0.1089959 0.06615517 0.2408471
v -0.1756446 0.103365 0.2454811
v -0.1438214 0.08718163 0.2734538
v -0.0380121 0.08272934 0.1922385
v -0.06522802 0.06634417 0.1985327
v -0.08001621 0.08150694 0.256749
v -0.2316997 0.1806391 0.2572038
v -0.2370783 0.1506016 0.223568
v -0.2136621 0.1970896 0.2269891
v -0.09728347 0.233903 0.1947979
v -0.09685893 0.2441178 0.2458766
v -0.183423 0.2301005 0.2474382
v -0.2316997 0.1806391 0.2572038
v -0.2215006 0.123591 0.2551466
v -0.2294827 0.108224 0.2240732
v -0.05401006 0.2069908 0.1579081
v -0.06216456 0.1877927 0.1630861
v -0.002836919 0.1402316 0.157857
v -0.05401006 0.2069908 0.1579081
v -0.1039566 0.2275067 0.1627845
v -0.1103494 0.2050318 0.1752057
v -0.1769915 0.2041778 0.2170552
v -0.1752889 0.2200537 0.1870853
v -0.2089223 0.1906976 0.2063199
v -0.08145378 0.1570347 0.09357288
v -0.06157389 0.09305248 0.1292552
v -0.01993329 0.09431611 0.1661615
v -0.002135587 0.1156461 0.1804205
v -0.002836919 0.1402316 0.157857
v -0.0297565 0.111471 0.133665
v -0.2294827 0.108224 0.2240732
v -0.2406522 0.1446593 0.2173915
v -0.2370783 0.1506016 0.223568
v -0.1834813 0.2157258 0.1876223
v -0.1569996 0.2191352 0.1926259
v -0.2039263 0.2054949 0.216443
v -0.2039263 0.2054949 0.216443
v -0.1569996 0.2191352 0.1926259
v -0.1769915 0.2041778 0.2170552
v -0.2370783 0.1506016 0.223568
v -0.2406522 0.1446593 0.2173915
v -0.2039263 0.2054949 0.216443
v -0.1048182 0.2048091 0.1476743
v -0.08145378 0.1570347 0.09357288
v -0.0297565 0.111471 0.133665
v -0.1569996 0.2191352 0.1926259
v -0.1053328 0.2041429 0.1779094
v -0.1069666 0.2012736 0.1682107
v -0.07329492 0.1931972 0.1583477
v -0.0297565 0.111471 0.133665
v -0.002836919 0.1402316 0.157857
v -0.07329492 0.1931972 0.1583477
v -0.1053328 0.2041429 0.1779094
v -0.1048182 0.2048091 0.1476743
v -0.06157389 0.09305248 0.1292552
v -0.07340904 0.0894025 0.1230635
v -0.09107935 0.05049175 0.1977294
v -0.2294827 0.108224 0.2240732
v -0.2596038 0.128832 0.2095935
v -0.2406522 0.1446593 0.2173915
v -0.2235977 0.2103764 0.1914192
v -0.2055746 0.229275 0.1560912
v -0.1834813 0.2157258 0.1876223
v -0.1090886 0.2157951 0.119199
v -0.1048182 0.2048091 0.1476743
v -0.132734 0.2176789 0.1372391
v -0.1048182 0.2048091 0.1476743
v -0.1090886 0.2157951 0.119199
v -0.08145378 0.1570347 0.09357288
v -0.2294827 0.108224 0.2240732
v -0.1721014 0.05842938 0.2347902
v -0.1965519 0.04063532 0.228145
v -0.2235977 0.2103764 0.1914192
v -0.3095028 0.1812407 0.153678
v -0.2993967 0.2341153 0.1237139
v -0.1776983 -0.0467665 0.1525427
v -0.1965519 0.04063532 0.228145
v -0.1721014 0.05842938 0.2347902
v -0.4723679 -0.1302645 0.1209259
v -0.4860345 -0.0778841 0.1276491
v -0.4425281 -0.1231348 0.1499358
v -0.3957194 -0.1697403 0.08612409
v -0.3873195 -0.1574455 0.1194525
v -0.3694191 -0.1662347 0.09569246
v -0.4403774 -0.1687581 0.1048544
v -0.4462708 -0.1471319 0.1338474
v -0.3873195 -0.1574455 0.1194525
v -0.3362601 -0.1211025 0.1244144
v -0.3418826 -0.1487576 0.1061584
v -0.3738731 -0.1216614 0.1459052
v -0.06961996 0.2119881 0.1020996
v -0.08145378 0.1570347 0.09357288
v -0.1090886 0.2157951 0.119199
v 0.01162323 0.1707763 0.06918431
v -0.009198241 0.1336751 0.06995127
v -0.04097995 0.1639922 0.08839313
v 0.02614073 0.210105 0.0578866
v 0.01173697 0.2336044 0.06653661
v 0.03153104 0.2282688 0.05212657
v -0.01661968 0.2165724 0.08892459
v -0.08032516 0.247973 0.1066986
v -0.05322976 0.2840647 0.1020593
v 0.05809268 0.2368862 0.0496399
v 0.02614073 0.210105 0.0578866
v 0.03153104 0.2282688 0.05212657
v 0.07820802 0.1718252 0.06435978
v 0.04497094 0.1716472 0.0686878
v 0.04556418 0.1928913 0.06719151
v 0.09324024 0.1605788 0.02993643
v 0.09359727 0.1674361 0.0344657
v 0.1083356 0.1700162 0.002212256
v -0.4674567 -0.03346315 0.127937
v -0.421156 -0.003352448 0.1055487
v -0.4022903 -0.01913607 0.1272087
v -0.4609028 -0.03707042 0.005140189
v -0.4739936 -0.02091421 0.05780852
v -0.5009375 -0.06587707 0.06361732
v 0.0104461 0.3380069 0.04162195
v -0.000383861 0.3395667 0.03957191
v 0.01339956 0.3278717 -2.980232E-07
v -0.05091471 0.3545291 0.06585217
v -0.02756892 0.2841341 0.0896242
v -0.05322976 0.2840647 0.1020593
v -0.1002727 0.361102 0.07071564
v -0.07838018 0.3262262 0.09221846
v -0.08735065 0.3179042 0.1029729
v -0.3544654 -0.04712982 0.140452
v -0.3857954 -0.04331939 0.1476833
v -0.3680136 -0.02491091 0.1387585
v -0.4215116 -0.0705004 0.160317
v -0.3646773 -0.0909579 0.1445673
v -0.3738731 -0.1216614 0.1459052
v -0.3873195 -0.1574455 0.1194525
v -0.3738731 -0.1216614 0.1459052
v -0.3418826 -0.1487576 0.1061584
v -0.4425281 -0.1231348 0.1499358
v -0.4215116 -0.0705004 0.160317
v -0.3738731 -0.1216614 0.1459052
v -0.4229512 0.01444636 0.00514017
v -0.4074725 0.01822291 0.08587004
v -0.4739936 -0.02091421 0.05780852
v -0.4499796 -0.04646936 0.1439576
v -0.4215116 -0.0705004 0.160317
v -0.4860345 -0.0778841 0.1276491
v -0.1211882 0.2730235 0.1091145
v -0.09676663 0.2609519 0.1131767
v -0.1090886 0.2157951 0.119199
v -0.1350239 0.3313849 0.10371
v -0.1621797 0.3731056 0.09240457
v -0.1256712 0.3813101 0.08123422
v -0.2840987 0.2972037 0.108364
v -0.2408396 0.3483851 0.09134972
v -0.1834874 0.2954082 0.1251807
v -0.1834874 0.2954082 0.1251807
v -0.2055746 0.229275 0.1560912
v -0.2840987 0.2972037 0.108364
v -0.3095028 0.1812407 0.153678
v -0.2235977 0.2103764 0.1914192
v -0.2325049 0.181715 0.206066
v -0.2993967 0.2341153 0.1237139
v -0.2055746 0.229275 0.1560912
v -0.2235977 0.2103764 0.1914192
v -0.3189638 0.3206416 0.003858358
v -0.3123671 0.3019148 0.07179481
v -0.3200137 0.2871366 0.07514352
v -0.2258662 0.4174526 9.736419E-05
v -0.1794481 0.4238033 -0.0003583729
v -0.1878092 0.4117855 0.04592875
v -0.1155412 0.3996515 0.03888303
v -0.1256712 0.3813101 0.08123422
v -0.1517276 0.4042485 0.0405193
v -0.4674567 -0.03346315 0.127937
v -0.4499796 -0.04646936 0.1439576
v -0.4860345 -0.0778841 0.1276491
v -0.2525837 0.01121172 0.2097503
v -0.2576303 -0.01331034 0.1875146
v -0.3007473 0.04823194 0.1924765
v -0.2089068 -0.0009853989 0.2123307
v -0.2095773 -0.05761733 0.1753306
v -0.2576303 -0.01331034 0.1875146
v -0.345744 0.06921458 0.1496136
v -0.3007473 0.04823194 0.1924765
v -0.3340755 0.0121263 0.1597749
v -0.2576303 -0.01331034 0.1875146
v -0.2747178 -0.04291293 0.1549992
v -0.3340755 0.0121263 0.1597749
v -0.390097 0.009162694 0.1080889
v -0.3675565 0.07913867 0.1260229
v -0.3657443 0.01266825 0.1299521
v -0.3657443 0.01266825 0.1299521
v -0.345744 0.06921458 0.1496136
v -0.3340755 0.0121263 0.1597749
v -0.4022903 -0.01913607 0.1272087
v -0.421156 -0.003352448 0.1055487
v -0.390097 0.009162694 0.1080889
v -0.4723679 -0.1302645 0.1209259
v -0.4403774 -0.1687581 0.1048544
v -0.4499119 -0.1615607 0.06769869
v -0.5009375 -0.06587707 0.06361732
v -0.4739936 -0.02091421 0.05780852
v -0.4674567 -0.03346315 0.127937
v -0.2095773 -0.05761733 0.1753306
v -0.2271371 -0.07754122 0.1547251
v -0.2747178 -0.04291293 0.1549992
v -0.03844555 0.160275 -0.04945309
v -0.04823262 0.1577136 -0.04186465
v -0.04062701 0.1774288 -0.04219827
v -0.04823262 0.1577136 -0.04186465
v -0.03844555 0.160275 -0.04945309
v -0.03442323 0.1442637 -0.04122671
v -0.327691 -0.1578688 -0.03276072
v -0.3418826 -0.1487576 -0.09587806
v -0.3694192 -0.1662348 -0.08541211
v -0.292957 -0.1386304 -0.07520027
v -0.3362602 -0.1211026 -0.1141342
v -0.3418826 -0.1487576 -0.09587806
v -0.327691 -0.1578688 -0.03276072
v -0.3694192 -0.1662348 -0.08541211
v -0.3795464 -0.1635929 -0.03948395
v -0.292957 -0.1386304 -0.07520027
v -0.3241008 -0.1046924 -0.1138971
v -0.3362602 -0.1211026 -0.1141342
v -0.292957 -0.1386304 -0.07520027
v -0.2950739 -0.107148 -0.1033804
v -0.3241008 -0.1046924 -0.1138971
v -0.38461 -0.152602 0.00514017
v -0.394805 -0.160985 -0.01430137
v -0.4109949 -0.1530254 0.005140185
v 0.05606023 0.235579 -0.02761146
v 0.05936476 0.2314611 -0.02891487
v 0.0561116 0.2314521 -0.01544182
v 0.03030766 0.3204508 1.290441E-05
v 0.02679257 0.3140563 -0.00831297
v 0.02885971 0.3132933 0.0001552105
v 0.05606023 0.235579 -0.02761146
v 0.05103144 0.2513916 -0.02046368
v 0.06205856 0.2345089 -0.03339463
v 0.05936476 0.2314611 -0.02891487
v 0.06866894 0.2295937 -0.02732234
v 0.0561116 0.2314521 -0.01544182
v 0.05072317 0.2402151 -0.01556376
v 0.05606023 0.235579 -0.02761146
v 0.0561116 0.2314521 -0.01544182
v 0.06577989 0.2405524 -0.03968167
v 0.04717142 0.257966 -0.02116629
v 0.03637407 0.2450815 -0.04305671
v 0.07730394 0.1695452 -0.05951358
v 0.07566675 0.2165855 -0.04480082
v 0.04461663 0.1905013 -0.06264186
v 0.08695482 0.1695981 -0.0265888
v 0.09312893 0.1662551 -0.02970596
v 0.1083356 0.1700162 0.002212256
v 0.08695482 0.1695981 -0.0265888
v 0.1083356 0.1700162 0.002212256
v 0.1009494 0.1726623 0.002217472
v 0.09378845 0.1742616 -0.02899426
v 0.08694563 0.1702568 -0.02660087
v 0.1009374 0.1733526 0.00220485
v 0.1071352 0.1779286 0.002075404
v 0.09378845 0.1742616 -0.02899426
v 0.1009374 0.1733526 0.00220485
v 0.07566675 0.2165855 -0.04480082
v 0.07730394 0.1695452 -0.05951358
v 0.09231015 0.1971416 -0.02682988
v 0.09231015 0.1971416 -0.02682988
v 0.08177254 0.2191496 -0.02283867
v 0.07566675 0.2165855 -0.04480082
v 0.0561116 0.2314521 -0.01544182
v 0.06486303 0.246446 -0.01114047
v 0.05072317 0.2402151 -0.01556376
v 0.05030806 0.2534697 -0.007996023
v 0.06486303 0.246446 -0.01114047
v 0.06648963 0.24858 0.001071841
v 0.05030806 0.2534697 -0.007996023
v 0.05072317 0.2402151 -0.01556376
v 0.06486303 0.246446 -0.01114047
v -0.1889023 0.07695329 -0.2281169
v -0.144434 0.08790538 -0.2336119
v -0.1524035 0.08883059 -0.2564948
v -0.1399615 0.07495635 -0.165585
v -0.144434 0.08790538 -0.2336119
v -0.1889023 0.07695329 -0.2281169
v -0.1484725 0.1206894 -0.3997921
v -0.1507878 0.1019474 -0.3162283
v -0.1274246 0.1267315 -0.3038264
v -0.1276347 0.1142623 -0.2375211
v -0.1274246 0.1267315 -0.3038264
v -0.1520678 0.09805362 -0.2948666
v -0.1507878 0.1019474 -0.3162283
v -0.1520678 0.09805362 -0.2948666
v -0.1274246 0.1267315 -0.3038264
v -0.1874921 0.07368115 -0.2810353
v -0.1889023 0.07695329 -0.2281169
v -0.1524035 0.08883059 -0.2564948
v -0.1524035 0.08883059 -0.2564948
v -0.1520678 0.09805362 -0.2948666
v -0.1874921 0.07368115 -0.2810353
v -0.1893914 0.08175179 -0.3337498
v -0.1874921 0.07368115 -0.2810353
v -0.1520678 0.09805362 -0.2948666
v -0.1507878 0.1019474 -0.3162283
v -0.1893914 0.08175179 -0.3337498
v -0.1520678 0.09805362 -0.2948666
v -0.1966001 0.09833553 -0.4041263
v -0.1974499 0.09633344 -0.4431184
v -0.2263197 0.08633029 -0.4095786
v -0.1966001 0.09833553 -0.4041263
v -0.1484725 0.1206894 -0.3997921
v -0.1974499 0.09633344 -0.4431184
v -0.1484725 0.1206894 -0.3997921
v -0.1576024 0.1181224 -0.4889128
v -0.1974499 0.09633344 -0.4431184
v -0.2263197 0.08633029 -0.4095786
v -0.1974499 0.09633344 -0.4431184
v -0.2377403 0.0774844 -0.4944881
v -0.1974499 0.09633344 -0.4431184
v -0.1975534 0.09585974 -0.4916764
v -0.2377403 0.0774844 -0.4944881
v -0.1975534 0.09585974 -0.4916764
v -0.1815609 0.08938593 -0.6253562
v -0.2377403 0.0774844 -0.4944881
v -0.1756208 0.04564501 -0.1750237
v -0.160486 0.05995791 -0.1737294
v -0.2058067 0.06212367 -0.214812
v -0.160486 0.05995791 -0.1737294
v -0.1889023 0.07695329 -0.2281169
v -0.2058067 0.06212367 -0.214812
v -0.1399615 0.07495635 -0.165585
v -0.1276347 0.1142623 -0.2375211
v -0.144434 0.08790538 -0.2336119
v -0.1484725 0.1206894 -0.3997921
v -0.1893914 0.08175179 -0.3337498
v -0.1507878 0.1019474 -0.3162283
v -0.1210871 0.1007496 -0.1847633
v -0.1399615 0.07495635 -0.165585
v -0.1190564 0.0848022 -0.1397005
v -0.2510985 0.08381024 -0.2444765
v -0.22651 0.06650272 -0.3018135
v -0.2758783 0.1160508 -0.3411683
v 0.05738829 0.2351086 -0.04690543
v 0.06577989 0.2405524 -0.03968167
v 0.03637407 0.2450815 -0.04305671
v -0.07970963 0.3228586 -0.09074703
v -0.05186614 0.3521031 -0.0658437
v -0.1013015 0.3585081 -0.07022497
v -0.07970963 0.3228586 -0.09074703
v -0.08883409 0.3141494 -0.1010559
v -0.05469585 0.2803556 -0.09939575
v -0.07743171 0.2717696 -0.106152
v -0.08883409 0.3141494 -0.1010559
v -0.08983152 0.2690101 -0.107315
v -0.1899521 0.3623496 -0.09579715
v -0.1848197 0.2921721 -0.1191313
v -0.1364286 0.3279291 -0.1009013
v -0.2419778 0.3455605 -0.08711872
v -0.1899521 0.3623496 -0.09579715
v -0.1924257 0.3955638 -0.07718194
v -0.1634818 0.3698867 -0.09097147
v -0.1899521 0.3623496 -0.09579715
v -0.1364286 0.3279291 -0.1009013
v -0.2296348 0.3905189 -0.05544573
v -0.2675699 0.3492049 -0.05984566
v -0.2419778 0.3455605 -0.08711872
v -0.2294709 0.4017517 -0.03470078
v -0.2296348 0.3905189 -0.05544573
v -0.1884806 0.4100927 -0.04604501
v -0.3133748 0.2993733 -0.06603026
v -0.3205542 0.2857761 -0.06672493
v -0.285642 0.2933128 -0.1028099
v -0.1884806 0.4100927 -0.04604501
v -0.2296348 0.3905189 -0.05544573
v -0.1924257 0.3955638 -0.07718194
v -0.1924257 0.3955638 -0.07718194
v -0.2296348 0.3905189 -0.05544573
v -0.2419778 0.3455605 -0.08711872
v -0.06733386 0.371881 -0.03026995
v -0.04445198 0.3680031 -0.0297558
v -0.03656732 0.3775743 -0.0005504489
v -0.1523219 0.4027501 -0.04088899
v -0.1161142 0.3982068 -0.03961295
v -0.1028734 0.4135182 -0.0007280409
v -0.1523219 0.4027501 -0.04088899
v -0.1884806 0.4100927 -0.04604501
v -0.1924257 0.3955638 -0.07718194
v -0.1013015 0.3585081 -0.07022497
v -0.05186614 0.3521031 -0.0658437
v -0.06733386 0.371881 -0.03026995
v -0.2294709 0.4017517 -0.03470078
v -0.2759865 0.3581148 -0.03721678
v -0.2296348 0.3905189 -0.05544573
v -0.04445198 0.3680031 -0.0297558
v -0.01864124 0.3522561 -0.02956966
v -0.03656732 0.3775743 -0.0005504489
v -0.07562702 0.3915904 -0.0005233288
v -0.06733386 0.371881 -0.03026995
v -0.03656732 0.3775743 -0.0005504489
v -0.08884244 0.3839145 -0.03041914
v -0.06733386 0.371881 -0.03026995
v -0.07562702 0.3915904 -0.0005233288
v -0.08884244 0.3839145 -0.03041914
v -0.07562702 0.3915904 -0.0005233288
v -0.1028734 0.4135182 -0.0007280409
v -0.1161142 0.3982068 -0.03961295
v -0.08884244 0.3839145 -0.03041914
v -0.1028734 0.4135182 -0.0007280409
v -0.1794481 0.4238033 -0.0003583729
v -0.1523219 0.4027501 -0.04088899
v -0.1028734 0.4135182 -0.0007280409
v -0.1268562 0.3783222 -0.08110821
v -0.1523219 0.4027501 -0.04088899
v -0.1924257 0.3955638 -0.07718194
v -0.1161142 0.3982068 -0.03961295
v -0.1268562 0.3783222 -0.08110821
v -0.1013015 0.3585081 -0.07022497
v -0.2294709 0.4017517 -0.03470078
v -0.2258662 0.4174526 9.736419E-05
v -0.2759865 0.3581148 -0.03721678
v -0.2010586 -0.07531593 -0.0969657
v -0.1817002 -0.09208869 -0.01849376
v -0.171754 -0.07854221 -0.02131619
v -0.2293201 -0.05724539 -0.1618291
v -0.2143748 -0.05040763 -0.1487693
v -0.2433531 -0.001115605 -0.195795
v -0.2011464 -0.04655896 -0.1388588
v -0.2143748 -0.05040763 -0.1487693
v -0.2010586 -0.07531593 -0.0969657
v -0.180645 -0.1149959 -0.01447212
v -0.1817002 -0.09208869 -0.01849376
v -0.2010586 -0.07531593 -0.0969657
v -0.2010586 -0.07531593 -0.0969657
v -0.2143748 -0.05040763 -0.1487693
v -0.2090027 -0.09276175 -0.1086091
v -0.4615971 -0.1318565 0.005140215
v -0.449912 -0.1615608 -0.05741826
v -0.4912845 -0.1117037 -0.06114399
v -0.4860347 -0.07788421 -0.1173687
v -0.5009883 -0.06589408 -0.05333689
v -0.4912845 -0.1117037 -0.06114399
v -0.4724187 -0.1302985 -0.1106793
v -0.4462709 -0.147132 -0.123567
v -0.4425282 -0.1231349 -0.1396554
v -0.4403267 -0.1687582 -0.09454013
v -0.4462709 -0.147132 -0.123567
v -0.4724187 -0.1302985 -0.1106793
v -0.4809878 -0.1034393 0.005140215
v -0.4615971 -0.1318565 0.005140215
v -0.4912845 -0.1117037 -0.06114399
v -0.4724187 -0.1302985 -0.1106793
v -0.4860347 -0.07788421 -0.1173687
v -0.4912845 -0.1117037 -0.06114399
v -0.4462709 -0.147132 -0.123567
v -0.3873196 -0.1574455 -0.1091722
v -0.4425282 -0.1231349 -0.1396554
v -0.3100574 0.2448201 -0.4894464
v -0.3310527 0.2229756 -0.425891
v -0.3415487 0.1795859 -0.4720222
v -0.3100574 0.2448201 -0.4894464
v -0.2940017 0.2428516 -0.3899624
v -0.3310527 0.2229756 -0.425891
v -0.3279789 -0.1451166 0.005140156
v -0.2812718 -0.1504342 0.005140126
v -0.327691 -0.1578688 -0.03276072
v 0.05866246 0.2538141 0.00103265
v 0.04546957 0.2608803 0.0009988546
v 0.05030806 0.2534697 -0.007996023
v -0.2828204 0.1833115 -0.1778448
v -0.2219523 0.2028416 -0.2015619
v -0.2892822 0.1459724 -0.200967
v -0.2611359 0.2106094 -0.1549341
v -0.2828204 0.1833115 -0.1778448
v -0.3015039 0.1902878 -0.1947706
v -0.2890833 0.2237408 -0.2099804
v -0.2611359 0.2106094 -0.1549341
v -0.3015039 0.1902878 -0.1947706
v -0.171754 -0.07854221 -0.02131619
v -0.1768398 -0.05876705 -0.09123562
v -0.2011464 -0.04655896 -0.1388588
v -0.2090027 -0.09276175 -0.1086091
v -0.2143748 -0.05040763 -0.1487693
v -0.2293201 -0.05724539 -0.1618291
v -0.2011464 -0.04655896 -0.1388588
v -0.2010586 -0.07531593 -0.0969657
v -0.171754 -0.07854221 -0.02131619
v -0.3164234 0.1195916 -0.2254846
v -0.2713181 0.09911539 -0.21715
v -0.2510985 0.08381024 -0.2444765
v -0.2980719 0.1372422 -0.3644035
v -0.2758783 0.1160508 -0.3411683
v -0.2920498 0.130995 -0.3933055
v -0.2758783 0.1160508 -0.3411683
v -0.3164234 0.1195916 -0.2254846
v -0.2510985 0.08381024 -0.2444765
v -0.3048923 0.0960654 -0.562151
v -0.2740491 0.1062151 -0.440547
v -0.2377403 0.0774844 -0.4944881
v -0.2758783 0.1160508 -0.3411683
v -0.22651 0.06650272 -0.3018135
v -0.2263197 0.08633029 -0.4095786
v -0.2510985 0.08381024 -0.2444765
v -0.2058067 0.06212367 -0.214812
v -0.22651 0.06650272 -0.3018135
v -0.2713181 0.09911539 -0.21715
v -0.2435916 0.05639192 -0.2118879
v -0.2058067 0.06212367 -0.214812
v -0.3088658 0.09550208 -0.6358382
v -0.3048923 0.0960654 -0.562151
v -0.2677124 0.07646066 -0.6350943
v -0.2677124 0.07646066 -0.6350943
v -0.3048923 0.0960654 -0.562151
v -0.2377403 0.0774844 -0.4944881
v -0.2377403 0.0774844 -0.4944881
v -0.2740491 0.1062151 -0.440547
v -0.2263197 0.08633029 -0.4095786
v -0.2920498 0.130995 -0.3933055
v -0.2758783 0.1160508 -0.3411683
v -0.2263197 0.08633029 -0.4095786
v -0.3164234 0.1195916 -0.2254846
v -0.28711 0.1047481 -0.2015055
v -0.2713181 0.09911539 -0.21715
v -0.1528235 0.1248182 -0.6809403
v -0.162834 0.1260098 -0.7404917
v -0.2277779 0.0843907 -0.7388601
v -0.1815609 0.08938593 -0.6253562
v -0.1528235 0.1248182 -0.6809403
v -0.2277779 0.0843907 -0.7388601
v 0.09283986 0.1595692 -0.02492273
v 0.07742809 0.1645584 -0.0599139
v 0.08722874 0.1442518 -0.01773982
v 0.08722874 0.1442518 -0.01773982
v 0.08838636 0.1423731 0.002866551
v 0.09283986 0.1595692 -0.02492273
v 0.08838636 0.1423731 0.002866551
v 0.1083356 0.1700162 0.002212256
v 0.09283986 0.1595692 -0.02492273
v -0.1210871 0.1007496 -0.1847633
v -0.1276347 0.1142623 -0.2375211
v -0.1399615 0.07495635 -0.165585
v -0.1172369 0.1306058 -0.2012756
v -0.1210871 0.1007496 -0.1847633
v -0.1089856 0.106396 -0.1507305
v 0.01248748 0.2924447 -0.03623351
v 0.006403048 0.3094751 -0.04940972
v 0.004291284 0.2947538 -0.06448653
v 0.07390197 0.1194629 0.003393859
v 0.04349913 0.1172858 -0.01772055
v 0.05038228 0.1149203 0.003649101
v -0.07321557 0.1046836 -0.03912277
v -0.07129128 0.1012659 0.004788235
v -0.07693711 0.1427772 0.004065588
v -0.07527889 0.1595544 -0.03067419
v -0.07693711 0.1427772 0.004065588
v -0.06397871 0.1459443 -0.02952377
v -0.06397871 0.1459443 -0.02952377
v -0.07693711 0.1427772 0.004065588
v -0.04622503 0.1356654 -0.02136759
v -0.03021303 0.1269082 -0.02584586
v -0.04622503 0.1356654 -0.02136759
v -0.004435062 0.1144281 0.004058212
v 0.07390197 0.1194629 0.003393859
v 0.08722874 0.1442518 -0.01773982
v 0.06237523 0.1247562 -0.02695625
v 0.05038228 0.1149203 0.003649101
v 0.04349913 0.1172858 -0.01772055
v -0.004435062 0.1144281 0.004058212
v -0.008728785 0.1203736 -0.0270681
v -0.03021303 0.1269082 -0.02584586
v -0.004435062 0.1144281 0.004058212
v 0.07390197 0.1194629 0.003393859
v 0.08838636 0.1423731 0.002866551
v 0.08722874 0.1442518 -0.01773982
v 0.09283986 0.1595692 -0.02492273
v 0.09312893 0.1662551 -0.02970596
v 0.07742809 0.1645584 -0.0599139
v 0.08722874 0.1442518 -0.01773982
v 0.06627572 0.1478116 -0.05395158
v 0.06237523 0.1247562 -0.02695625
v 0.07742809 0.1645584 -0.0599139
v 0.06627572 0.1478116 -0.05395158
v 0.08722874 0.1442518 -0.01773982
v 0.05158674 0.1328533 -0.04962245
v 0.06627572 0.1478116 -0.05395158
v 0.01065622 0.1683378 -0.06332427
v -0.07527889 0.1595544 -0.03067419
v -0.06397871 0.1459443 -0.02952377
v -0.04221939 0.160866 -0.08150095
v -0.01016485 0.1312385 -0.06242183
v -0.008728785 0.1203736 -0.0270681
v 0.04349913 0.1172858 -0.01772055
v 0.06237523 0.1247562 -0.02695625
v 0.06627572 0.1478116 -0.05395158
v 0.05158674 0.1328533 -0.04962245
v -0.07527889 0.1595544 -0.03067419
v -0.07285397 0.189951 -0.07058245
v -0.07288146 0.1341168 -0.06332815
v -0.04622503 0.1356654 -0.02136759
v -0.03021303 0.1269082 -0.02584586
v -0.01016485 0.1312385 -0.06242183
v -0.01016485 0.1312385 -0.06242183
v -0.03021303 0.1269082 -0.02584586
v -0.008728785 0.1203736 -0.0270681
v 0.05158674 0.1328533 -0.04962245
v 0.04349913 0.1172858 -0.01772055
v 0.06237523 0.1247562 -0.02695625
v -0.004435062 0.1144281 0.004058212
v 0.04349913 0.1172858 -0.01772055
v -0.008728785 0.1203736 -0.0270681
v -0.07285397 0.189951 -0.07058245
v -0.07107009 0.2083327 -0.09654471
v -0.08191528 0.1558908 -0.08434018
v -0.07288146 0.1341168 -0.06332815
v -0.08191528 0.1558908 -0.08434018
v -0.1276988 0.08319328 -0.105568
v -0.1528002 0.04404257 -0.1367103
v -0.1756208 0.04564501 -0.1750237
v -0.1354418 0.01362649 -0.1119914
v -0.1528002 0.04404257 -0.1367103
v -0.1263679 0.07759833 -0.09923277
v -0.1276988 0.08319328 -0.105568
v -0.07288146 0.1341168 -0.06332815
v -0.07285397 0.189951 -0.07058245
v -0.08191528 0.1558908 -0.08434018
v -0.07288146 0.1341168 -0.06332815
v -0.1263679 0.07759833 -0.09923277
v -0.07321557 0.1046836 -0.03912277
v -0.07321557 0.1046836 -0.03912277
v -0.1263679 0.07759833 -0.09923277
v -0.1528002 0.04404257 -0.1367103
v -0.07285397 0.189951 -0.07058245
v -0.07527889 0.1595544 -0.03067419
v -0.04221939 0.160866 -0.08150095
v -0.1354418 0.01362649 -0.1119914
v -0.1756208 0.04564501 -0.1750237
v -0.1838685 -0.0009372532 -0.1688262
v -0.07693711 0.1427772 0.004065588
v -0.07288146 0.1341168 -0.06332815
v -0.07321557 0.1046836 -0.03912277
v -0.1263679 0.07759833 -0.09923277
v -0.07288146 0.1341168 -0.06332815
v -0.1276988 0.08319328 -0.105568
v -0.07321557 0.1046836 -0.03912277
v -0.1528002 0.04404257 -0.1367103
v -0.1354418 0.01362649 -0.1119914
v -0.1190564 0.0848022 -0.1397005
v -0.1399615 0.07495635 -0.165585
v -0.1234399 0.08578599 -0.1102408
v -0.08191528 0.1558908 -0.08434018
v -0.1234399 0.08578599 -0.1102408
v -0.1276988 0.08319328 -0.105568
v -0.1234399 0.08578599 -0.1102408
v -0.160486 0.05995791 -0.1737294
v -0.1756208 0.04564501 -0.1750237
v -0.1234399 0.08578599 -0.1102408
v -0.1399615 0.07495635 -0.165585
v -0.160486 0.05995791 -0.1737294
v -0.180645 -0.1149959 -0.01447212
v -0.2090027 -0.09276175 -0.1086091
v -0.1949778 -0.128203 -0.008391649
v -0.1399656 -0.04643256 -0.03215549
v -0.1582288 -0.02268284 -0.1199191
v -0.1768398 -0.05876705 -0.09123562
v -0.1768398 -0.05876705 -0.09123562
v -0.1901158 -0.02731861 -0.1531626
v -0.2011464 -0.04655896 -0.1388588
v -0.180645 -0.1149959 -0.01447212
v -0.2010586 -0.07531593 -0.0969657
v -0.2090027 -0.09276175 -0.1086091
v -0.1582288 -0.02268284 -0.1199191
v -0.1838685 -0.0009372532 -0.1688262
v -0.1901158 -0.02731861 -0.1531626
v -0.171754 -0.07854221 -0.02131619
v -0.1399656 -0.04643256 -0.03215549
v -0.1768398 -0.05876705 -0.09123562
v -0.1172369 0.1306058 -0.2012756
v -0.1089856 0.106396 -0.1507305
v -0.1081475 0.1294481 -0.126606
v -0.08191528 0.1558908 -0.08434018
v -0.1196615 0.09874184 -0.1076015
v -0.1190564 0.0848022 -0.1397005
v -0.1210871 0.1007496 -0.1847633
v -0.1172369 0.1306058 -0.2012756
v -0.1276347 0.1142623 -0.2375211
v -0.1089856 0.106396 -0.1507305
v -0.1210871 0.1007496 -0.1847633
v -0.1190564 0.0848022 -0.1397005
v -0.1089856 0.106396 -0.1507305
v -0.1190564 0.0848022 -0.1397005
v -0.1196615 0.09874184 -0.1076015
v -0.2677124 0.07646066 -0.6350943
v -0.2136195 0.06650484 -0.6297435
v -0.2277779 0.0843907 -0.7388601
v -0.1774404 0.2340253 -0.4946664
v -0.1769887 0.2284397 -0.6072649
v -0.161205 0.1922116 -0.6119063
v -0.1416851 0.1596363 -0.4910777
v -0.1371911 0.1584996 -0.6166826
v -0.1426439 0.1390828 -0.6183671
v -0.1815609 0.08938593 -0.6253562
v -0.2136195 0.06650484 -0.6297435
v -0.2377403 0.0774844 -0.4944881
v -0.3088658 0.09550208 -0.6358382
v -0.2894476 0.09183478 -0.71276
v -0.3249957 0.1756178 -0.7052505
v -0.3039658 0.1201092 -0.4676234
v -0.2740491 0.1062151 -0.440547
v -0.3048923 0.0960654 -0.562151
v -0.2894476 0.09183478 -0.71276
v -0.2677124 0.07646066 -0.6350943
v -0.2277779 0.0843907 -0.7388601
v -0.3088658 0.09550208 -0.6358382
v -0.3249957 0.1756178 -0.7052505
v -0.3415487 0.1795859 -0.4720222
v -0.3415487 0.1795859 -0.4720222
v -0.3039658 0.1201092 -0.4676234
v -0.3088658 0.09550208 -0.6358382
v -0.2781714 0.2283907 -0.7026079
v -0.2293019 0.2373721 -0.6079352
v -0.2857827 0.2422213 -0.6139225
v -0.2277779 0.0843907 -0.7388601
v -0.2136195 0.06650484 -0.6297435
v -0.1815609 0.08938593 -0.6253562
v -0.1774404 0.2340253 -0.4946664
v -0.2293019 0.2373721 -0.6079352
v -0.1769887 0.2284397 -0.6072649
v -0.1576024 0.1181224 -0.4889128
v -0.1416851 0.1596363 -0.4910777
v -0.1426439 0.1390828 -0.6183671
v -0.1416851 0.1596363 -0.4910777
v -0.161205 0.1922116 -0.6119063
v -0.1371911 0.1584996 -0.6166826
v -0.3088658 0.09550208 -0.6358382
v -0.2677124 0.07646066 -0.6350943
v -0.2894476 0.09183478 -0.71276
v -0.3085188 0.1478096 -0.8636459
v -0.3104833 0.1973898 -0.8559853
v -0.3041323 0.1843213 -0.8401179
v -0.302185 0.1413869 -0.8519917
v -0.2803894 0.1396385 -0.8481456
v -0.278967 0.1233099 -0.8738698
v -0.3036248 0.1530974 -0.8832927
v -0.3099247 0.1966705 -0.8727629
v -0.3104833 0.1973898 -0.8559853
v -0.302185 0.1413869 -0.8519917
v -0.3085188 0.1478096 -0.8636459
v -0.3041323 0.1843213 -0.8401179
v -0.3085188 0.1478096 -0.8636459
v -0.278967 0.1233099 -0.8738698
v -0.3036248 0.1530974 -0.8832927
v -0.3036248 0.1530974 -0.8832927
v -0.278967 0.1233099 -0.8738698
v -0.2846574 0.1337224 -0.8879747
v -0.3036248 0.1530974 -0.8832927
v -0.3104833 0.1973898 -0.8559853
v -0.3085188 0.1478096 -0.8636459
v -0.3041323 0.1843213 -0.8401179
v -0.286757 0.1609865 -0.8401645
v -0.302185 0.1413869 -0.8519917
v -0.1877375 0.1840113 -0.8758224
v -0.1907179 0.1453603 -0.8851627
v -0.1724786 0.1607805 -0.8574105
v -0.1861622 0.1963934 -0.8348489
v -0.1724786 0.1607805 -0.8574105
v -0.1712252 0.1512012 -0.8428603
v -0.1822163 0.1294621 -0.8739513
v -0.1724786 0.1607805 -0.8574105
v -0.1907179 0.1453603 -0.8851627
v -0.2309388 0.1296726 -0.8889534
v -0.278967 0.1233099 -0.8738698
v -0.2522095 0.1194736 -0.873351
v -0.2120055 0.2260046 -0.8656747
v -0.199846 0.2207364 -0.8502918
v -0.2301432 0.2454785 -0.8609688
v -0.199846 0.2207364 -0.8502918
v -0.2092788 0.231677 -0.8312534
v -0.2301432 0.2454785 -0.8609688
v -0.2120055 0.2260046 -0.8656747
v -0.1877375 0.1840113 -0.8758224
v -0.199846 0.2207364 -0.8502918
v -0.3041323 0.1843213 -0.8401179
v -0.2814223 0.2019261 -0.8317869
v -0.286757 0.1609865 -0.8401645
v -0.2313273 0.1084243 -0.8074448
v -0.2398323 0.1179836 -0.8006837
v -0.2277779 0.0843907 -0.7388601
v -0.2037595 0.09730107 -0.8093988
v -0.2313273 0.1084243 -0.8074448
v -0.2277779 0.0843907 -0.7388601
v -0.2995095 0.2229756 -0.8664061
v -0.2802543 0.2452149 -0.8610321
v -0.2972061 0.2291929 -0.8384214
v -0.286757 0.1609865 -0.8401645
v -0.2744676 0.1749411 -0.8175064
v -0.2803894 0.1396385 -0.8481456
v -0.3041323 0.1843213 -0.8401179
v -0.3104833 0.1973898 -0.8559853
v -0.2972061 0.2291929 -0.8384214
v -0.1822163 0.1294621 -0.8739513
v -0.2309388 0.1296726 -0.8889534
v -0.2212348 0.1092358 -0.8725145
v 0.01248748 0.2924447 -0.03623351
v 0.01263387 0.2850036 -0.03674129
v 0.01353879 0.2915842 0.000666678
v 0.05936476 0.2314611 -0.02891487
v 0.06205856 0.2345089 -0.03339463
v 0.06866894 0.2295937 -0.02732234
v 0.01854136 0.3019905 0.0004386008
v 0.02142769 0.3192683 -0.02691737
v 0.01564857 0.3048592 -0.02759239
v 0.01564857 0.3048592 -0.02759239
v 0.01353879 0.2915842 0.000666678
v 0.01854136 0.3019905 0.0004386008
v -0.2814223 0.2019261 -0.8317869
v -0.2972061 0.2291929 -0.8384214
v -0.270059 0.2372586 -0.8354619
v -0.270059 0.2372586 -0.8354619
v -0.2802543 0.2452149 -0.8610321
v -0.2301432 0.2454785 -0.8609688
v -0.3085188 0.1478096 -0.8636459
v -0.302185 0.1413869 -0.8519917
v -0.278967 0.1233099 -0.8738698
v -0.184299 0.1185465 -0.8512043
v -0.1712252 0.1512012 -0.8428603
v -0.1822163 0.1294621 -0.8739513
v -0.2803894 0.1396385 -0.8481456
v -0.2627089 0.1405303 -0.8354726
v -0.278967 0.1233099 -0.8738698
v -0.2802543 0.2452149 -0.8610321
v -0.270059 0.2372586 -0.8354619
v -0.2972061 0.2291929 -0.8384214
v 0.01854136 0.3019905 0.0004386008
v 0.02679257 0.3140563 -0.00831297
v 0.02142769 0.3192683 -0.02691737
v 0.01248748 0.2924447 -0.03623351
v 0.01353879 0.2915842 0.000666678
v 0.01564857 0.3048592 -0.02759239
v 0.05606023 0.235579 -0.02761146
v 0.05072317 0.2402151 -0.01556376
v 0.05103144 0.2513916 -0.02046368
v 0.07850946 0.2320874 -0.016159
v 0.0561116 0.2314521 -0.01544182
v 0.06866894 0.2295937 -0.02732234
v -0.2411402 -0.07717636 -0.1422832
v -0.2090027 -0.09276175 -0.1086091
v -0.2293201 -0.05724539 -0.1618291
v -0.2090027 -0.09276175 -0.1086091
v -0.2411402 -0.07717636 -0.1422832
v -0.2261737 -0.1002322 -0.1062633
v -0.3088089 0.1170734 -0.1684116
v -0.3007476 0.04823194 -0.1821967
v -0.2828221 0.126639 -0.1942436
v -0.2828221 0.126639 -0.1942436
v -0.3007476 0.04823194 -0.1821967
v -0.3034913 0.08282589 -0.2027802
v -0.3088089 0.1170734 -0.1684116
v -0.3457443 0.06921466 -0.1393339
v -0.3007476 0.04823194 -0.1821967
v -0.2828221 0.126639 -0.1942436
v -0.2852419 0.145859 -0.182348
v -0.3088089 0.1170734 -0.1684116
v -0.1975534 0.09585974 -0.4916764
v -0.1576024 0.1181224 -0.4889128
v -0.1815609 0.08938593 -0.6253562
v -0.1576024 0.1181224 -0.4889128
v -0.1975534 0.09585974 -0.4916764
v -0.1974499 0.09633344 -0.4431184
v -0.4674568 -0.03346324 -0.1176566
v -0.4499797 -0.04646945 -0.1336773
v -0.4022904 -0.01913612 -0.1169285
v -0.2828221 0.126639 -0.1942436
v -0.2757114 0.1412181 -0.1990747
v -0.2457428 0.1799514 -0.1927066
v -0.2828221 0.126639 -0.1942436
v -0.2457428 0.1799514 -0.1927066
v -0.2852419 0.145859 -0.182348
v -0.4215118 -0.07050028 -0.1500367
v -0.4022904 -0.01913612 -0.1169285
v -0.4499797 -0.04646945 -0.1336773
v -0.2757114 0.1412181 -0.1990747
v -0.2219523 0.2028416 -0.2015619
v -0.2457428 0.1799514 -0.1927066
v -0.3095032 0.1812407 -0.1433984
v -0.3358203 0.1497752 -0.1343889
v -0.3088089 0.1170734 -0.1684116
v -0.3457443 0.06921466 -0.1393339
v -0.3675567 0.07913867 -0.1157432
v -0.3657444 0.01266818 -0.1196721
v -0.3095032 0.1812407 -0.1433984
v -0.3088089 0.1170734 -0.1684116
v -0.2852419 0.145859 -0.182348
v -0.3095032 0.1812407 -0.1433984
v -0.2852419 0.145859 -0.182348
v -0.2457428 0.1799514 -0.1927066
v -0.449912 -0.1615608 -0.05741826
v -0.4615971 -0.1318565 0.005140215
v -0.4339251 -0.158089 -0.01782387
v -0.4339251 -0.158089 -0.01782387
v -0.4380404 -0.1465223 0.0051402
v -0.4109949 -0.1530254 0.005140185
v -0.4098942 -0.1688428 -0.04161778
v -0.449912 -0.1615608 -0.05741826
v -0.4339251 -0.158089 -0.01782387
v -0.4403267 -0.1687582 -0.09454013
v -0.449912 -0.1615608 -0.05741826
v -0.4098942 -0.1688428 -0.04161778
v -0.4615971 -0.1318565 0.005140215
v -0.4380404 -0.1465223 0.0051402
v -0.4339251 -0.158089 -0.01782387
v -0.1295193 0.285394 -0.1214592
v -0.116721 0.2801793 -0.1163055
v -0.117754 0.2909677 -0.1168339
v -0.2309388 0.1296726 -0.8889534
v -0.1822163 0.1294621 -0.8739513
v -0.1907179 0.1453603 -0.8851627
v -0.1294385 0.3044981 -0.1140839
v -0.1295193 0.285394 -0.1214592
v -0.117754 0.2909677 -0.1168339
v -0.2309388 0.1296726 -0.8889534
v -0.1877375 0.1840113 -0.8758224
v -0.2749028 0.2289511 -0.8649624
v -0.2081946 0.0932011 -0.8650647
v -0.2037595 0.09730107 -0.8093988
v -0.184299 0.1185465 -0.8512043
v -0.2212348 0.1092358 -0.8725145
v -0.2081946 0.0932011 -0.8650647
v -0.184299 0.1185465 -0.8512043
v -0.184299 0.1185465 -0.8512043
v -0.1822163 0.1294621 -0.8739513
v -0.2212348 0.1092358 -0.8725145
v -0.2081946 0.0932011 -0.8650647
v -0.2212348 0.1092358 -0.8725145
v -0.2263489 0.09461641 -0.8506623
v -0.1861622 0.1963934 -0.8348489
v -0.1810024 0.1871669 -0.7842727
v -0.2100279 0.2080877 -0.8039644
v -0.1861622 0.1963934 -0.8348489
v -0.1696025 0.1621383 -0.791016
v -0.1810024 0.1871669 -0.7842727
v -0.1861622 0.1963934 -0.8348489
v -0.1712252 0.1512012 -0.8428603
v -0.1696025 0.1621383 -0.791016
v -0.1861622 0.1963934 -0.8348489
v -0.1877375 0.1840113 -0.8758224
v -0.1724786 0.1607805 -0.8574105
v -0.1877375 0.1840113 -0.8758224
v -0.1861622 0.1963934 -0.8348489
v -0.199846 0.2207364 -0.8502918
v -0.2522095 0.1194736 -0.873351
v -0.2417599 0.1246662 -0.8355776
v -0.2365781 0.113408 -0.8632479
v -0.2081946 0.0932011 -0.8650647
v -0.2263489 0.09461641 -0.8506623
v -0.2037595 0.09730107 -0.8093988
v -0.1810024 0.1871669 -0.7842727
v -0.1622253 0.1734719 -0.737039
v -0.2082745 0.2094132 -0.7415869
v -0.2037595 0.09730107 -0.8093988
v -0.2263489 0.09461641 -0.8506623
v -0.2313273 0.1084243 -0.8074448
v -0.162834 0.1260098 -0.7404917
v -0.1622253 0.1734719 -0.737039
v -0.1696025 0.1621383 -0.791016
v -0.2082745 0.2094132 -0.7415869
v -0.242002 0.2158986 -0.7740412
v -0.2100279 0.2080877 -0.8039644
v -0.162834 0.1260098 -0.7404917
v -0.184299 0.1185465 -0.8512043
v -0.2037595 0.09730107 -0.8093988
v -0.1810024 0.1871669 -0.7842727
v -0.2082745 0.2094132 -0.7415869
v -0.2100279 0.2080877 -0.8039644
v -0.2950739 -0.107148 -0.1033804
v -0.292957 -0.1386304 -0.07520027
v -0.265195 -0.1036743 -0.112031
v -0.3241008 -0.1046924 -0.1138971
v -0.3202904 -0.08975559 -0.1185373
v -0.351197 -0.07663092 -0.1292742
v -0.2950739 -0.107148 -0.1033804
v -0.2962933 -0.07725745 -0.1231098
v -0.3202904 -0.08975559 -0.1185373
v -0.3544655 -0.04712985 -0.1301718
v -0.3288766 -0.02819629 -0.1406885
v -0.3680137 -0.02491096 -0.1284783
v -0.3544655 -0.04712985 -0.1301718
v -0.3360062 -0.07077134 -0.1270557
v -0.3189356 -0.05563132 -0.1321363
v -0.394805 -0.160985 -0.01430137
v -0.38461 -0.152602 0.00514017
v -0.3795464 -0.1635929 -0.03948395
v -0.1768398 -0.05876705 -0.09123562
v -0.1582288 -0.02268284 -0.1199191
v -0.1901158 -0.02731861 -0.1531626
v -0.07129128 0.1012659 0.004788235
v -0.07321557 0.1046836 -0.03912277
v -0.1354418 0.01362649 -0.1119914
v -0.09236875 0.01448227 0.005352414
v -0.07129128 0.1012659 0.004788235
v -0.1354418 0.01362649 -0.1119914
v -0.1332994 0.216391 -0.1279955
v -0.2059127 0.2284269 -0.1462264
v -0.1915332 0.2097117 -0.1670659
v -0.1332994 0.216391 -0.1279955
v -0.1099362 0.2140076 -0.1108183
v -0.1224999 0.2699587 -0.1037056
v -0.1848197 0.2921721 -0.1191313
v -0.151389 0.2505303 -0.1261917
v -0.1224999 0.2699587 -0.1037056
v -0.1256546 0.1816435 -0.1213219
v -0.1332994 0.216391 -0.1279955
v -0.1915332 0.2097117 -0.1670659
v -0.151389 0.2505303 -0.1261917
v -0.1332994 0.216391 -0.1279955
v -0.1224999 0.2699587 -0.1037056
v -0.1756208 0.04564501 -0.1750237
v -0.1528002 0.04404257 -0.1367103
v -0.1276988 0.08319328 -0.105568
v -0.1399656 -0.04643256 -0.03215549
v -0.09236875 0.01448227 0.005352414
v -0.1582288 -0.02268284 -0.1199191
v 0.05158674 0.1328533 -0.04962245
v -0.01016485 0.1312385 -0.06242183
v 0.04349913 0.1172858 -0.01772055
v -0.04622503 0.1356654 -0.02136759
v -0.07693711 0.1427772 0.004065588
v -0.004435062 0.1144281 0.004058212
v -0.07285397 0.189951 -0.07058245
v -0.04221939 0.160866 -0.08150095
v -0.07107009 0.2083327 -0.09654471
v -0.09236875 0.01448227 0.005352414
v -0.1354418 0.01362649 -0.1119914
v -0.1582288 -0.02268284 -0.1199191
v -0.07693711 0.1427772 0.004065588
v -0.07527889 0.1595544 -0.03067419
v -0.07288146 0.1341168 -0.06332815
v 0.07390197 0.1194629 0.003393859
v 0.06237523 0.1247562 -0.02695625
v 0.04349913 0.1172858 -0.01772055
v -0.1895155 0.2127475 -0.7030366
v -0.1769887 0.2284397 -0.6072649
v -0.2293019 0.2373721 -0.6079352
v -0.149714 0.2072867 -0.2087653
v -0.1620222 0.1954965 -0.1220656
v -0.2117689 0.2240023 -0.1561688
v -0.131285 0.1970238 -0.1553762
v -0.1618466 0.1933292 -0.1444597
v -0.126093 0.1792664 -0.1364278
v -0.2293019 0.2373721 -0.6079352
v -0.2264 0.2478746 -0.4921606
v -0.3100574 0.2448201 -0.4894464
v -0.2082743 0.2387742 -0.3079948
v -0.2179186 0.2357466 -0.2387065
v -0.2990214 0.2343998 -0.2811011
v -0.2117689 0.2240023 -0.1561688
v -0.207836 0.2160444 -0.1268008
v -0.2611359 0.2106094 -0.1549341
v -0.1618466 0.1933292 -0.1444597
v -0.1727706 0.2159153 -0.1770899
v -0.2113853 0.1994573 -0.1979859
v -0.1684429 0.2206451 -0.397152
v -0.2216202 0.2421902 -0.3946409
v -0.2218275 0.2438308 -0.4473733
v -0.1620222 0.1954965 -0.1220656
v -0.126093 0.1792664 -0.1364278
v -0.1720062 0.1966515 -0.1499602
v -0.131285 0.1970238 -0.1553762
v -0.1256546 0.1816435 -0.1213219
v -0.1727706 0.2159153 -0.1770899
v -0.207836 0.2160444 -0.1268008
v -0.1720062 0.1966515 -0.1499602
v -0.2611359 0.2106094 -0.1549341
v -0.2611359 0.2106094 -0.1549341
v -0.1720062 0.1966515 -0.1499602
v -0.2113853 0.1994573 -0.1979859
v -0.1618466 0.1933292 -0.1444597
v -0.1720062 0.1966515 -0.1499602
v -0.126093 0.1792664 -0.1364278
v -0.2376842 0.225456 -0.7183102
v -0.1895155 0.2127475 -0.7030366
v -0.2293019 0.2373721 -0.6079352
v -0.149714 0.2072867 -0.2087653
v -0.2179186 0.2357466 -0.2387065
v -0.2082743 0.2387742 -0.3079948
v -0.2940017 0.2428516 -0.3899624
v -0.2218275 0.2438308 -0.4473733
v -0.2216202 0.2421902 -0.3946409
v -0.2781714 0.2283907 -0.7026079
v -0.2730336 0.2195374 -0.7372093
v -0.2376842 0.225456 -0.7183102
v -0.2730336 0.2195374 -0.7372093
v -0.242002 0.2158986 -0.7740412
v -0.2376842 0.225456 -0.7183102
v -0.2940017 0.2428516 -0.3899624
v -0.2216202 0.2421902 -0.3946409
v -0.2082743 0.2387742 -0.3079948
v -0.1620222 0.1954965 -0.1220656
v -0.207836 0.2160444 -0.1268008
v -0.2117689 0.2240023 -0.1561688
v -0.2160509 0.2373292 -0.2056319
v -0.149714 0.2072867 -0.2087653
v -0.2117689 0.2240023 -0.1561688
v -0.1774404 0.2340253 -0.4946664
v -0.2264 0.2478746 -0.4921606
v -0.2293019 0.2373721 -0.6079352
v -0.126041 0.1688123 -0.1136216
v -0.131285 0.1970238 -0.1553762
v -0.126093 0.1792664 -0.1364278
v 0.01079222 0.2312187 -0.06299192
v 0.03637407 0.2450815 -0.04305671
v 0.002835976 0.285267 -0.072923
v -0.003713794 0.2516256 -0.07984444
v -0.02885665 0.2808745 -0.08734733
v -0.0178844 0.213386 -0.08432201
v 0.01079222 0.2312187 -0.06299192
v -0.003713794 0.2516256 -0.07984444
v -0.0178844 0.213386 -0.08432201
v -0.4609028 -0.03707042 0.005140189
v -0.4739598 -0.02091429 -0.04751123
v -0.4229512 0.01444636 0.00514017
v -0.3858463 0.104152 -0.0808058
v -0.3369717 0.2019017 -0.09342262
v -0.3919429 0.1924857 0.005140126
v -0.4074725 0.01822291 -0.07558975
v -0.4211561 -0.00335253 -0.09526841
v -0.3900971 0.009162582 -0.09780873
v -0.3205542 0.2857761 -0.06672493
v -0.3189638 0.3206416 0.003858358
v -0.3919429 0.1924857 0.005140126
v -0.3095032 0.1812407 -0.1433984
v -0.2995986 0.2336086 -0.1136439
v -0.3369717 0.2019017 -0.09342262
v -0.3900971 0.009162582 -0.09780873
v -0.3675567 0.07913867 -0.1157432
v -0.4074725 0.01822291 -0.07558975
v -0.4074725 0.01822291 -0.07558975
v -0.4739598 -0.02091429 -0.04751123
v -0.4211561 -0.00335253 -0.09526841
v -0.2675699 0.3492049 -0.05984566
v -0.2759865 0.3581148 -0.03721678
v -0.3133748 0.2993733 -0.06603026
v -0.2995986 0.2336086 -0.1136439
v -0.285642 0.2933128 -0.1028099
v -0.3205542 0.2857761 -0.06672493
v -0.3205542 0.2857761 -0.06672493
v -0.3369717 0.2019017 -0.09342262
v -0.2995986 0.2336086 -0.1136439
v -0.3458798 0.1559904 -0.108241
v -0.3858463 0.104152 -0.0808058
v -0.3675567 0.07913867 -0.1157432
v -0.4229512 0.01444636 0.00514017
v -0.4074725 0.01822291 -0.07558975
v -0.417769 0.07752983 0.005140156
v -0.2812718 -0.1504342 0.005140126
v -0.2260293 -0.144727 0.005140096
v -0.2514133 -0.1183637 -0.08572484
v -0.2435916 0.05639192 -0.2118879
v -0.1901158 -0.02731861 -0.1531626
v -0.1838685 -0.0009372532 -0.1688262
v -0.1838685 -0.0009372532 -0.1688262
v -0.1582288 -0.02268284 -0.1199191
v -0.1354418 0.01362649 -0.1119914
v -0.2011464 -0.04655896 -0.1388588
v -0.1901158 -0.02731861 -0.1531626
v -0.2435916 0.05639192 -0.2118879
v -0.2058067 0.06212367 -0.214812
v -0.2435916 0.05639192 -0.2118879
v -0.1838685 -0.0009372532 -0.1688262
v -0.07743171 0.2717696 -0.106152
v -0.05469585 0.2803556 -0.09939575
v -0.08883409 0.3141494 -0.1010559
v -0.08983152 0.2690101 -0.107315
v -0.08184985 0.2441265 -0.102308
v -0.07743171 0.2717696 -0.106152
v -0.106826 0.3139526 -0.1024905
v -0.1018342 0.3008102 -0.107379
v -0.08883409 0.3141494 -0.1010559
v -0.08983152 0.2690101 -0.107315
v -0.09420024 0.2642289 -0.1159093
v -0.09817493 0.2576833 -0.1079078
v -0.1173562 0.2724955 -0.1067329
v -0.1224999 0.2699587 -0.1037056
v -0.09817493 0.2576833 -0.1079078
v -0.09817493 0.2576833 -0.1079078
v -0.1258343 0.2748984 -0.1139554
v -0.1173562 0.2724955 -0.1067329
v -0.1364286 0.3279291 -0.1009013
v -0.106826 0.3139526 -0.1024905
v -0.08883409 0.3141494 -0.1010559
v -0.08983152 0.2690101 -0.107315
v -0.09817493 0.2576833 -0.1079078
v -0.08184985 0.2441265 -0.102308
v -0.1634818 0.3698867 -0.09097147
v -0.1268562 0.3783222 -0.08110821
v -0.1924257 0.3955638 -0.07718194
v -0.1924257 0.3955638 -0.07718194
v -0.1899521 0.3623496 -0.09579715
v -0.1634818 0.3698867 -0.09097147
v -0.2059127 0.2284269 -0.1462264
v -0.1332994 0.216391 -0.1279955
v -0.151389 0.2505303 -0.1261917
v -0.1013015 0.3585081 -0.07022497
v -0.1268562 0.3783222 -0.08110821
v -0.08883409 0.3141494 -0.1010559
v -0.1848197 0.2921721 -0.1191313
v -0.1355142 0.2948626 -0.1053582
v -0.1364286 0.3279291 -0.1009013
v -0.1059194 0.2858099 -0.1046437
v -0.1051105 0.2761858 -0.1033182
v -0.09827732 0.2830901 -0.1076485
v -0.1295193 0.285394 -0.1214592
v -0.1323292 0.314786 -0.1170809
v -0.1344552 0.3111753 -0.1105767
v -0.1258343 0.2748984 -0.1139554
v -0.09817493 0.2576833 -0.1079078
v -0.1103136 0.2652827 -0.1185075
v -0.1241631 0.2840252 -0.1108039
v -0.1173562 0.2724955 -0.1067329
v -0.1258343 0.2748984 -0.1139554
v -0.1051105 0.2761858 -0.1033182
v -0.09896599 0.2763504 -0.1130895
v -0.09827732 0.2830901 -0.1076485
v -0.1323292 0.314786 -0.1170809
v -0.1192117 0.3199474 -0.1063835
v -0.1344552 0.3111753 -0.1105767
v -0.1192117 0.3199474 -0.1063835
v -0.1323292 0.314786 -0.1170809
v -0.1097278 0.3127236 -0.10977
v -0.1323292 0.314786 -0.1170809
v -0.1294385 0.3044981 -0.1140839
v -0.1121179 0.3062608 -0.1045248
v -0.1241631 0.2840252 -0.1108039
v -0.1355142 0.2948626 -0.1053582
v -0.1224999 0.2699587 -0.1037056
v -0.1224999 0.2699587 -0.1037056
v -0.1173562 0.2724955 -0.1067329
v -0.1241631 0.2840252 -0.1108039
v -0.1344552 0.3111753 -0.1105767
v -0.1241631 0.2840252 -0.1108039
v -0.1258343 0.2748984 -0.1139554
v -0.1249134 0.3107691 -0.1028388
v -0.1241631 0.2840252 -0.1108039
v -0.1344552 0.3111753 -0.1105767
v -0.117754 0.2909677 -0.1168339
v -0.1165626 0.2825701 -0.1088196
v -0.1195754 0.292215 -0.1081133
v -0.09420024 0.2642289 -0.1159093
v -0.08983152 0.2690101 -0.107315
v -0.116721 0.2801793 -0.1163055
v -0.1138047 0.3027459 -0.1124283
v -0.1121179 0.3062608 -0.1045248
v -0.1294385 0.3044981 -0.1140839
v -0.1097278 0.3127236 -0.10977
v -0.1323292 0.314786 -0.1170809
v -0.1121179 0.3062608 -0.1045248
v -0.106826 0.3139526 -0.1024905
v -0.1192117 0.3199474 -0.1063835
v -0.1097278 0.3127236 -0.10977
v -0.117754 0.2909677 -0.1168339
v -0.1195754 0.292215 -0.1081133
v -0.1138047 0.3027459 -0.1124283
v -0.1295193 0.285394 -0.1214592
v -0.1103136 0.2652827 -0.1185075
v -0.116721 0.2801793 -0.1163055
v -0.1848197 0.2921721 -0.1191313
v -0.2059127 0.2284269 -0.1462264
v -0.151389 0.2505303 -0.1261917
v -0.1848197 0.2921721 -0.1191313
v -0.1224999 0.2699587 -0.1037056
v -0.1355142 0.2948626 -0.1053582
v -0.117754 0.2909677 -0.1168339
v -0.116721 0.2801793 -0.1163055
v -0.1165626 0.2825701 -0.1088196
v -0.2365781 0.113408 -0.8632479
v -0.2309388 0.1296726 -0.8889534
v -0.2522095 0.1194736 -0.873351
v -0.1059194 0.2858099 -0.1046437
v -0.1138047 0.3027459 -0.1124283
v -0.1195754 0.292215 -0.1081133
v -0.1059194 0.2858099 -0.1046437
v -0.1165626 0.2825701 -0.1088196
v -0.1051105 0.2761858 -0.1033182
v -0.1138047 0.3027459 -0.1124283
v -0.1066387 0.2899398 -0.1091584
v -0.1121179 0.3062608 -0.1045248
v -0.1165626 0.2825701 -0.1088196
v -0.116721 0.2801793 -0.1163055
v -0.09896599 0.2763504 -0.1130895
v -0.1066387 0.2899398 -0.1091584
v -0.1018342 0.3008102 -0.107379
v -0.1121179 0.3062608 -0.1045248
v -0.1165626 0.2825701 -0.1088196
v -0.1059194 0.2858099 -0.1046437
v -0.1195754 0.292215 -0.1081133
v -0.1258343 0.2748984 -0.1139554
v -0.1295193 0.285394 -0.1214592
v -0.1344552 0.3111753 -0.1105767
v -0.1295193 0.285394 -0.1214592
v -0.1258343 0.2748984 -0.1139554
v -0.1103136 0.2652827 -0.1185075
v -0.09827732 0.2830901 -0.1076485
v -0.09896599 0.2763504 -0.1130895
v -0.08983152 0.2690101 -0.107315
v -0.1249134 0.3107691 -0.1028388
v -0.1344552 0.3111753 -0.1105767
v -0.1192117 0.3199474 -0.1063835
v -0.1294385 0.3044981 -0.1140839
v -0.117754 0.2909677 -0.1168339
v -0.1138047 0.3027459 -0.1124283
v -0.106826 0.3139526 -0.1024905
v -0.1249134 0.3107691 -0.1028388
v -0.1192117 0.3199474 -0.1063835
v -0.07743171 0.2717696 -0.106152
v -0.08184985 0.2441265 -0.102308
v -0.05469585 0.2803556 -0.09939575
v -0.1241631 0.2840252 -0.1108039
v -0.1249134 0.3107691 -0.1028388
v -0.1355142 0.2948626 -0.1053582
v -0.08983152 0.2690101 -0.107315
v -0.08883409 0.3141494 -0.1010559
v -0.09827732 0.2830901 -0.1076485
v -0.09827732 0.2830901 -0.1076485
v -0.08883409 0.3141494 -0.1010559
v -0.1018342 0.3008102 -0.107379
v 0.07191271 0.2305491 -0.04880768
v 0.06577989 0.2405524 -0.03968167
v 0.05738829 0.2351086 -0.04690543
v -0.1066387 0.2899398 -0.1091584
v -0.1138047 0.3027459 -0.1124283
v -0.1059194 0.2858099 -0.1046437
v -0.1103136 0.2652827 -0.1185075
v -0.09420024 0.2642289 -0.1159093
v -0.116721 0.2801793 -0.1163055
v -0.1364286 0.3279291 -0.1009013
v -0.08883409 0.3141494 -0.1010559
v -0.1268562 0.3783222 -0.08110821
v -0.1018342 0.3008102 -0.107379
v -0.1097278 0.3127236 -0.10977
v -0.1121179 0.3062608 -0.1045248
v -0.1103136 0.2652827 -0.1185075
v -0.09817493 0.2576833 -0.1079078
v -0.09420024 0.2642289 -0.1159093
v -0.1018342 0.3008102 -0.107379
v -0.106826 0.3139526 -0.1024905
v -0.1097278 0.3127236 -0.10977
v -0.1323292 0.314786 -0.1170809
v -0.1295193 0.285394 -0.1214592
v -0.1294385 0.3044981 -0.1140839
v -0.1018342 0.3008102 -0.107379
v -0.1066387 0.2899398 -0.1091584
v -0.1059194 0.2858099 -0.1046437
v -0.09896599 0.2763504 -0.1130895
v -0.1051105 0.2761858 -0.1033182
v -0.1165626 0.2825701 -0.1088196
v -0.1059194 0.2858099 -0.1046437
v -0.09827732 0.2830901 -0.1076485
v -0.1018342 0.3008102 -0.107379
v -0.08983152 0.2690101 -0.107315
v -0.09896599 0.2763504 -0.1130895
v -0.116721 0.2801793 -0.1163055
v 0.01079222 0.2312187 -0.06299192
v 0.03079559 0.2264123 -0.04868561
v 0.03637407 0.2450815 -0.04305671
v 0.02532646 0.2080505 -0.05369419
v 0.05172308 0.2130841 -0.05340354
v 0.05738829 0.2351086 -0.04690543
v 0.03079559 0.2264123 -0.04868561
v 0.05738829 0.2351086 -0.04690543
v 0.03637407 0.2450815 -0.04305671
v 0.07191271 0.2305491 -0.04880768
v 0.07516304 0.2303494 -0.03034787
v 0.06577989 0.2405524 -0.03968167
v 0.05738829 0.2351086 -0.04690543
v 0.05172308 0.2130841 -0.05340354
v 0.07191271 0.2305491 -0.04880768
v -0.08884244 0.3839145 -0.03041914
v -0.1161142 0.3982068 -0.03961295
v -0.1013015 0.3585081 -0.07022497
v -0.08884244 0.3839145 -0.03041914
v -0.1013015 0.3585081 -0.07022497
v -0.06733386 0.371881 -0.03026995
v 0.006403048 0.3094751 -0.04940972
v 0.01248748 0.2924447 -0.03623351
v 0.01248922 0.3123572 -0.03189117
v 0.01451459 0.32533 -0.06339625
v 0.01537859 0.3221783 -0.04593176
v 0.01815615 0.3291322 -0.04071054
v -0.02659635 0.3421569 -0.05712172
v -0.003528337 0.3357562 -0.05942509
v -0.01864124 0.3522561 -0.02956966
v 0.006593737 0.3331006 -0.06282085
v 0.01451459 0.32533 -0.06339625
v 0.01815615 0.3291322 -0.04071054
v -0.003528337 0.3357562 -0.05942509
v 0.006593737 0.3331006 -0.06282085
v 0.009839168 0.3364674 -0.04191974
v 0.01537859 0.3221783 -0.04593176
v 0.006403048 0.3094751 -0.04940972
v 0.01248922 0.3123572 -0.03189117
v 0.01248748 0.2924447 -0.03623351
v 0.01564857 0.3048592 -0.02759239
v 0.01248922 0.3123572 -0.03189117
v 0.01564857 0.3048592 -0.02759239
v 0.02142769 0.3192683 -0.02691737
v 0.01248922 0.3123572 -0.03189117
v 0.009507251 0.3033995 -0.07625276
v 0.004291284 0.2947538 -0.06448653
v 0.01451459 0.32533 -0.06339625
v 0.01815615 0.3291322 -0.04071054
v 0.02142769 0.3192683 -0.02691737
v 0.02679257 0.3140563 -0.00831297
v 0.01854136 0.3019905 0.0004386008
v 0.02885971 0.3132933 0.0001552105
v 0.02679257 0.3140563 -0.00831297
v 0.009507251 0.3033995 -0.07625276
v 0.002835976 0.285267 -0.072923
v 0.005487762 0.2913607 -0.06699052
v 0.01263387 0.2850036 -0.03674129
v 0.01248748 0.2924447 -0.03623351
v 0.005487762 0.2913607 -0.06699052
v -0.009667983 0.3263382 -0.06831983
v 0.006957781 0.3124807 -0.07574069
v 0.006593737 0.3331006 -0.06282085
v 0.05172308 0.2130841 -0.05340354
v 0.04461663 0.1905013 -0.06264186
v 0.07566675 0.2165855 -0.04480082
v 0.01537859 0.3221783 -0.04593176
v 0.01451459 0.32533 -0.06339625
v 0.006403048 0.3094751 -0.04940972
v -0.003528337 0.3357562 -0.05942509
v -0.0009602356 0.3381048 -0.03977069
v -0.01864124 0.3522561 -0.02956966
v 0.002835976 0.285267 -0.072923
v 0.03637407 0.2450815 -0.04305671
v 0.01263387 0.2850036 -0.03674129
v 0.009839168 0.3364674 -0.04191974
v 0.006593737 0.3331006 -0.06282085
v 0.01815615 0.3291322 -0.04071054
v -0.0009602356 0.3381048 -0.03977069
v -0.003528337 0.3357562 -0.05942509
v 0.009839168 0.3364674 -0.04191974
v -0.0137973 0.3175439 -0.07710522
v -0.02885665 0.2808745 -0.08734733
v 0.00122209 0.3061396 -0.07724208
v -0.009667983 0.3263382 -0.06831983
v -0.0137973 0.3175439 -0.07710522
v 0.00122209 0.3061396 -0.07724208
v 0.01263387 0.2850036 -0.03674129
v 0.02946831 0.2680922 -0.02635583
v 0.02960457 0.2678244 0.0009868145
v 0.01451459 0.32533 -0.06339625
v 0.004291284 0.2947538 -0.06448653
v 0.006403048 0.3094751 -0.04940972
v 0.005487762 0.2913607 -0.06699052
v 0.01248748 0.2924447 -0.03623351
v 0.004291284 0.2947538 -0.06448653
v 0.02142769 0.3192683 -0.02691737
v 0.01537859 0.3221783 -0.04593176
v 0.01248922 0.3123572 -0.03189117
v 0.01815615 0.3291322 -0.04071054
v 0.01537859 0.3221783 -0.04593176
v 0.02142769 0.3192683 -0.02691737
v 0.03030766 0.3204508 1.290441E-05
v 0.01815615 0.3291322 -0.04071054
v 0.02679257 0.3140563 -0.00831297
v 0.004291284 0.2947538 -0.06448653
v 0.009507251 0.3033995 -0.07625276
v 0.005487762 0.2913607 -0.06699052
v 0.002835976 0.285267 -0.072923
v 0.01263387 0.2850036 -0.03674129
v 0.005487762 0.2913607 -0.06699052
v 0.00122209 0.3061396 -0.07724208
v -0.02885665 0.2808745 -0.08734733
v 0.002835976 0.285267 -0.072923
v 0.006957781 0.3124807 -0.07574069
v 0.01451459 0.32533 -0.06339625
v 0.006593737 0.3331006 -0.06282085
v -0.02659635 0.3421569 -0.05712172
v -0.009667983 0.3263382 -0.06831983
v -0.003528337 0.3357562 -0.05942509
v -0.003528337 0.3357562 -0.05942509
v -0.009667983 0.3263382 -0.06831983
v 0.006593737 0.3331006 -0.06282085
v 0.009507251 0.3033995 -0.07625276
v 0.006957781 0.3124807 -0.07574069
v 0.00122209 0.3061396 -0.07724208
v 0.05172308 0.2130841 -0.05340354
v 0.02532646 0.2080505 -0.05369419
v 0.04461663 0.1905013 -0.06264186
v 0.05172308 0.2130841 -0.05340354
v 0.07566675 0.2165855 -0.04480082
v 0.07191271 0.2305491 -0.04880768
v 0.01353879 0.2915842 0.000666678
v 0.01263387 0.2850036 -0.03674129
v 0.02960457 0.2678244 0.0009868145
v 0.04717142 0.257966 -0.02116629
v 0.05030806 0.2534697 -0.007996023
v 0.04546957 0.2608803 0.0009988546
v 0.02960457 0.2678244 0.0009868145
v 0.04717142 0.257966 -0.02116629
v 0.04546957 0.2608803 0.0009988546
v 0.05030806 0.2534697 -0.007996023
v 0.06648963 0.24858 0.001071841
v 0.05866246 0.2538141 0.00103265
v 0.06577989 0.2405524 -0.03968167
v 0.06205856 0.2345089 -0.03339463
v 0.05103144 0.2513916 -0.02046368
v 0.08177254 0.2191496 -0.02283867
v 0.09348544 0.2168504 0.001458749
v 0.07850946 0.2320874 -0.016159
v 0.07191271 0.2305491 -0.04880768
v 0.07566675 0.2165855 -0.04480082
v 0.07516304 0.2303494 -0.03034787
v 0.08177254 0.2191496 -0.02283867
v 0.07850946 0.2320874 -0.016159
v 0.07516304 0.2303494 -0.03034787
v 0.04717142 0.257966 -0.02116629
v 0.05103144 0.2513916 -0.02046368
v 0.05030806 0.2534697 -0.007996023
v 0.07850946 0.2320874 -0.016159
v 0.06866894 0.2295937 -0.02732234
v 0.07516304 0.2303494 -0.03034787
v 0.08694563 0.1702568 -0.02660087
v 0.09378845 0.1742616 -0.02899426
v 0.0742039 0.1669334 -0.05302319
v -0.05186614 0.3521031 -0.0658437
v -0.04445198 0.3680031 -0.0297558
v -0.06733386 0.371881 -0.03026995
v 0.07418534 0.1664567 -0.05301428
v 0.07742809 0.1645584 -0.0599139
v 0.09312893 0.1662551 -0.02970596
v 0.05606023 0.235579 -0.02761146
v 0.06205856 0.2345089 -0.03339463
v 0.05936476 0.2314611 -0.02891487
v 0.05030806 0.2534697 -0.007996023
v 0.05103144 0.2513916 -0.02046368
v 0.05072317 0.2402151 -0.01556376
v 0.0561116 0.2314521 -0.01544182
v 0.07850946 0.2320874 -0.016159
v 0.06486303 0.246446 -0.01114047
v 0.04717142 0.257966 -0.02116629
v 0.06577989 0.2405524 -0.03968167
v 0.05103144 0.2513916 -0.02046368
v 0.06205856 0.2345089 -0.03339463
v 0.06577989 0.2405524 -0.03968167
v 0.07516304 0.2303494 -0.03034787
v 0.07566675 0.2165855 -0.04480082
v 0.08177254 0.2191496 -0.02283867
v 0.07516304 0.2303494 -0.03034787
v 0.09348544 0.2168504 0.001458749
v 0.07353996 0.2422359 0.001137137
v 0.07850946 0.2320874 -0.016159
v 0.07516304 0.2303494 -0.03034787
v 0.06866894 0.2295937 -0.02732234
v 0.06205856 0.2345089 -0.03339463
v -0.02363597 0.3246746 -0.07191375
v -0.05186614 0.3521031 -0.0658437
v -0.02885665 0.2808745 -0.08734733
v -0.0137973 0.3175439 -0.07710522
v -0.02363597 0.3246746 -0.07191375
v -0.02885665 0.2808745 -0.08734733
v 0.03637407 0.2450815 -0.04305671
v 0.02946831 0.2680922 -0.02635583
v 0.01263387 0.2850036 -0.03674129
v 0.09378845 0.1742616 -0.02899426
v 0.1071352 0.1779286 0.002075404
v 0.09231015 0.1971416 -0.02682988
v 0.07730394 0.1695452 -0.05951358
v 0.09378845 0.1742616 -0.02899426
v 0.09231015 0.1971416 -0.02682988
v -0.06397871 0.1459443 -0.02952377
v -0.04622503 0.1356654 -0.02136759
v -0.04221939 0.160866 -0.08150095
v 0.01065622 0.1683378 -0.06332427
v 0.06627572 0.1478116 -0.05395158
v 0.07742809 0.1645584 -0.0599139
v 0.09231015 0.1971416 -0.02682988
v 0.1071352 0.1779286 0.002075404
v 0.09348544 0.2168504 0.001458749
v 0.09378845 0.1742616 -0.02899426
v 0.07730394 0.1695452 -0.05951358
v 0.0742039 0.1669334 -0.05302319
v 0.01065622 0.1683378 -0.06332427
v 0.04400732 0.1692171 -0.06334671
v 0.04461663 0.1905013 -0.06264186
v 0.01065622 0.1683378 -0.06332427
v 0.04461663 0.1905013 -0.06264186
v 0.02532646 0.2080505 -0.05369419
v 0.01065622 0.1683378 -0.06332427
v -0.01016485 0.1312385 -0.06242183
v 0.05158674 0.1328533 -0.04962245
v -0.003713794 0.2516256 -0.07984444
v 0.01079222 0.2312187 -0.06299192
v 0.002835976 0.285267 -0.072923
v -0.07107009 0.2083327 -0.09654471
v -0.0178844 0.213386 -0.08432201
v -0.08184985 0.2441265 -0.102308
v 0.01065622 0.1683378 -0.06332427
v 0.02532646 0.2080505 -0.05369419
v 0.01079222 0.2312187 -0.06299192
v -0.0178844 0.213386 -0.08432201
v 0.01065622 0.1683378 -0.06332427
v 0.01079222 0.2312187 -0.06299192
v -0.02885665 0.2808745 -0.08734733
v -0.05469585 0.2803556 -0.09939575
v -0.0178844 0.213386 -0.08432201
v -0.003713794 0.2516256 -0.07984444
v 0.002835976 0.285267 -0.072923
v -0.02885665 0.2808745 -0.08734733
v 0.01065622 0.1683378 -0.06332427
v -0.0178844 0.213386 -0.08432201
v -0.04221939 0.160866 -0.08150095
v -0.04221939 0.160866 -0.08150095
v -0.04622503 0.1356654 -0.02136759
v -0.01016485 0.1312385 -0.06242183
v 0.006957781 0.3124807 -0.07574069
v 0.009507251 0.3033995 -0.07625276
v 0.01451459 0.32533 -0.06339625
v 0.002835976 0.285267 -0.072923
v 0.009507251 0.3033995 -0.07625276
v 0.00122209 0.3061396 -0.07724208
v 0.07418534 0.1664567 -0.05301428
v 0.01065622 0.1683378 -0.06332427
v 0.07742809 0.1645584 -0.0599139
v 0.08695482 0.1695981 -0.0265888
v 0.07418534 0.1664567 -0.05301428
v 0.09312893 0.1662551 -0.02970596
v -0.05186614 0.3521031 -0.0658437
v -0.02659635 0.3421569 -0.05712172
v -0.01864124 0.3522561 -0.02956966
v 0.01815615 0.3291322 -0.04071054
v 0.03030766 0.3204508 1.290441E-05
v 0.02219814 0.3250146 -1.192093E-05
v 0.01815615 0.3291322 -0.04071054
v 0.02219814 0.3250146 -1.192093E-05
v 0.009839168 0.3364674 -0.04191974
v 0.02946831 0.2680922 -0.02635583
v 0.04717142 0.257966 -0.02116629
v 0.02960457 0.2678244 0.0009868145
v 0.03637407 0.2450815 -0.04305671
v 0.04717142 0.257966 -0.02116629
v 0.02946831 0.2680922 -0.02635583
v 0.08177254 0.2191496 -0.02283867
v 0.09231015 0.1971416 -0.02682988
v 0.09348544 0.2168504 0.001458749
v -0.0178844 0.213386 -0.08432201
v -0.07107009 0.2083327 -0.09654471
v -0.04221939 0.160866 -0.08150095
v 0.07730394 0.1695452 -0.05951358
v 0.04400732 0.1692171 -0.06334671
v 0.0742039 0.1669334 -0.05302319
v -0.0009602356 0.3381048 -0.03977069
v 0.01339956 0.3278717 -2.980232E-07
v -0.01188034 0.3552862 -0.000320375
v -0.0009602356 0.3381048 -0.03977069
v -0.01188034 0.3552862 -0.000320375
v -0.01864124 0.3522561 -0.02956966
v -0.3288766 -0.02819629 -0.1406885
v -0.3340758 0.0121263 -0.1494949
v -0.3680137 -0.02491096 -0.1284783
v -0.3189356 -0.05563132 -0.1321363
v -0.2962933 -0.07725745 -0.1231098
v -0.274718 -0.04291296 -0.1447192
v -0.3646774 -0.09095809 -0.134287
v -0.3241008 -0.1046924 -0.1138971
v -0.351197 -0.07663092 -0.1292742
v -0.351197 -0.07663092 -0.1292742
v -0.3360062 -0.07077134 -0.1270557
v -0.3544655 -0.04712985 -0.1301718
v -0.3241008 -0.1046924 -0.1138971
v -0.3646774 -0.09095809 -0.134287
v -0.3362602 -0.1211026 -0.1141342
v -0.351197 -0.07663092 -0.1292742
v -0.3857955 -0.04331946 -0.1374031
v -0.3646774 -0.09095809 -0.134287
v -0.3646774 -0.09095809 -0.134287
v -0.3857955 -0.04331946 -0.1374031
v -0.4215118 -0.07050028 -0.1500367
v -0.4215118 -0.07050028 -0.1500367
v -0.3857955 -0.04331946 -0.1374031
v -0.4022904 -0.01913612 -0.1169285
v -0.351197 -0.07663092 -0.1292742
v -0.3544655 -0.04712985 -0.1301718
v -0.3857955 -0.04331946 -0.1374031
v -0.3360062 -0.07077134 -0.1270557
v -0.351197 -0.07663092 -0.1292742
v -0.3202904 -0.08975559 -0.1185373
v -0.311003 0.129778 -0.2622065
v -0.317201 0.1765317 -0.2790227
v -0.3266117 0.175749 -0.2241496
v -0.2263197 0.08633029 -0.4095786
v -0.22651 0.06650272 -0.3018135
v -0.209169 0.06469345 -0.3036535
v -0.149714 0.2072867 -0.2087653
v -0.1467527 0.212045 -0.2957835
v -0.1190302 0.1678693 -0.2917793
v -0.3238782 0.1993561 -0.3743864
v -0.3204726 0.2208252 -0.3809282
v -0.317201 0.1765317 -0.2790227
v -0.2160509 0.2373292 -0.2056319
v -0.2179186 0.2357466 -0.2387065
v -0.149714 0.2072867 -0.2087653
v -0.2258662 0.4174526 9.736419E-05
v -0.2890869 0.3591912 0.0016312
v -0.2759865 0.3581148 -0.03721678
v -0.2980719 0.1372422 -0.3644035
v -0.3238782 0.1993561 -0.3743864
v -0.311003 0.129778 -0.2622065
v -0.2759865 0.3581148 -0.03721678
v -0.3189638 0.3206416 0.003858358
v -0.3133748 0.2993733 -0.06603026
v -0.3164234 0.1195916 -0.2254846
v -0.311003 0.129778 -0.2622065
v -0.3266117 0.175749 -0.2241496
v -0.1893914 0.08175179 -0.3337498
v -0.209169 0.06469345 -0.3036535
v -0.1874921 0.07368115 -0.2810353
v -0.1274246 0.1267315 -0.3038264
v -0.1276347 0.1142623 -0.2375211
v -0.1190302 0.1678693 -0.2917793
v -0.1160418 0.160641 -0.219733
v -0.149714 0.2072867 -0.2087653
v -0.1190302 0.1678693 -0.2917793
v -0.2940017 0.2428516 -0.3899624
v -0.2990214 0.2343998 -0.2811011
v -0.317201 0.1765317 -0.2790227
v -0.2294709 0.4017517 -0.03470078
v -0.1884806 0.4100927 -0.04604501
v -0.2258662 0.4174526 9.736419E-05
v -0.2296348 0.3905189 -0.05544573
v -0.2759865 0.3581148 -0.03721678
v -0.2675699 0.3492049 -0.05984566
v -0.2419778 0.3455605 -0.08711872
v -0.1848197 0.2921721 -0.1191313
v -0.1899521 0.3623496 -0.09579715
v -0.2962933 -0.07725745 -0.1231098
v -0.2668093 -0.1033884 -0.1071061
v -0.2411402 -0.07717636 -0.1422832
v -0.1949778 -0.128203 -0.008391649
v -0.2514133 -0.1183637 -0.08572484
v -0.2260293 -0.144727 0.005140096
v -0.3675567 0.07913867 -0.1157432
v -0.3358203 0.1497752 -0.1343889
v -0.3458798 0.1559904 -0.108241
v -0.2525841 0.01121175 -0.1994706
v -0.3034913 0.08282589 -0.2027802
v -0.3007476 0.04823194 -0.1821967
v -0.2433531 -0.001115605 -0.195795
v -0.2525841 0.01121175 -0.1994706
v -0.2576306 -0.0133103 -0.1772347
v -0.28711 0.1047481 -0.2015055
v -0.3034913 0.08282589 -0.2027802
v -0.2525841 0.01121175 -0.1994706
v -0.3095032 0.1812407 -0.1433984
v -0.3458798 0.1559904 -0.108241
v -0.3358203 0.1497752 -0.1343889
v -0.28711 0.1047481 -0.2015055
v -0.2828221 0.126639 -0.1942436
v -0.3034913 0.08282589 -0.2027802
v -0.2950739 -0.107148 -0.1033804
v -0.3202904 -0.08975559 -0.1185373
v -0.3241008 -0.1046924 -0.1138971
v -0.2950739 -0.107148 -0.1033804
v -0.2668093 -0.1033884 -0.1071061
v -0.2962933 -0.07725745 -0.1231098
v -0.265195 -0.1036743 -0.112031
v -0.292957 -0.1386304 -0.07520027
v -0.2514133 -0.1183637 -0.08572484
v -0.2610543 0.1252001 -0.7926111
v -0.2852725 0.1448768 -0.7917914
v -0.2919636 0.1180673 -0.7397981
v -0.2744676 0.1749411 -0.8175064
v -0.2494185 0.2239317 -0.8168848
v -0.2773636 0.1973524 -0.7811894
v -0.2610543 0.1252001 -0.7926111
v -0.2398323 0.1179836 -0.8006837
v -0.2417599 0.1246662 -0.8355776
v -0.2309388 0.1296726 -0.8889534
v -0.2846574 0.1337224 -0.8879747
v -0.278967 0.1233099 -0.8738698
v -0.199846 0.2207364 -0.8502918
v -0.1861622 0.1963934 -0.8348489
v -0.2092788 0.231677 -0.8312534
v -0.2773636 0.1973524 -0.7811894
v -0.242002 0.2158986 -0.7740412
v -0.2730336 0.2195374 -0.7372093
v -0.2852725 0.1448768 -0.7917914
v -0.2627089 0.1405303 -0.8354726
v -0.2744676 0.1749411 -0.8175064
v -0.2082745 0.2094132 -0.7415869
v -0.2376842 0.225456 -0.7183102
v -0.242002 0.2158986 -0.7740412
v -0.2313273 0.1084243 -0.8074448
v -0.2263489 0.09461641 -0.8506623
v -0.2398323 0.1179836 -0.8006837
v -0.2852725 0.1448768 -0.7917914
v -0.2744676 0.1749411 -0.8175064
v -0.3115933 0.1731716 -0.7391134
v -0.3115933 0.1731716 -0.7391134
v -0.2919636 0.1180673 -0.7397981
v -0.2852725 0.1448768 -0.7917914
v -0.2277779 0.0843907 -0.7388601
v -0.2610543 0.1252001 -0.7926111
v -0.2919636 0.1180673 -0.7397981
v -0.2494185 0.2239317 -0.8168848
v -0.242002 0.2158986 -0.7740412
v -0.2773636 0.1973524 -0.7811894
v -0.2627089 0.1405303 -0.8354726
v -0.2610543 0.1252001 -0.7926111
v -0.2417599 0.1246662 -0.8355776
v -0.278967 0.1233099 -0.8738698
v -0.2627089 0.1405303 -0.8354726
v -0.2522095 0.1194736 -0.873351
v -0.1712252 0.1512012 -0.8428603
v -0.184299 0.1185465 -0.8512043
v -0.162834 0.1260098 -0.7404917
v -0.2100279 0.2080877 -0.8039644
v -0.2092788 0.231677 -0.8312534
v -0.1861622 0.1963934 -0.8348489
v -0.2100279 0.2080877 -0.8039644
v -0.2494185 0.2239317 -0.8168848
v -0.2092788 0.231677 -0.8312534
v -0.4098942 -0.1688428 -0.04161778
v -0.3795464 -0.1635929 -0.03948395
v -0.3913671 -0.1698928 -0.05477641
v -0.161205 0.1922116 -0.6119063
v -0.1769887 0.2284397 -0.6072649
v -0.1895155 0.2127475 -0.7030366
v -0.2377403 0.0774844 -0.4944881
v -0.2136195 0.06650484 -0.6297435
v -0.2677124 0.07646066 -0.6350943
v -0.2857827 0.2422213 -0.6139225
v -0.2293019 0.2373721 -0.6079352
v -0.3100574 0.2448201 -0.4894464
v -0.2814223 0.2019261 -0.8317869
v -0.3041323 0.1843213 -0.8401179
v -0.2972061 0.2291929 -0.8384214
v -0.2365781 0.113408 -0.8632479
v -0.2417599 0.1246662 -0.8355776
v -0.2263489 0.09461641 -0.8506623
v -0.2494185 0.2239317 -0.8168848
v -0.270059 0.2372586 -0.8354619
v -0.2301432 0.2454785 -0.8609688
v -0.286757 0.1609865 -0.8401645
v -0.2814223 0.2019261 -0.8317869
v -0.2744676 0.1749411 -0.8175064
v -0.2627089 0.1405303 -0.8354726
v -0.2417599 0.1246662 -0.8355776
v -0.2522095 0.1194736 -0.873351
v -0.2100279 0.2080877 -0.8039644
v -0.242002 0.2158986 -0.7740412
v -0.2494185 0.2239317 -0.8168848
v -0.162834 0.1260098 -0.7404917
v -0.2037595 0.09730107 -0.8093988
v -0.2277779 0.0843907 -0.7388601
v -0.01864124 0.3522561 -0.02956966
v -0.01188034 0.3552862 -0.000320375
v -0.03656732 0.3775743 -0.0005504489
v -0.4809878 -0.1034393 0.005140215
v -0.4912845 -0.1117037 -0.06114399
v -0.5009883 -0.06589408 -0.05333689
v 0.0742039 0.1669334 -0.05302319
v 0.04400732 0.1692171 -0.06334671
v 0.01065622 0.1683378 -0.06332427
v -0.2919636 0.1180673 -0.7397981
v -0.3115933 0.1731716 -0.7391134
v -0.3249957 0.1756178 -0.7052505
v -0.2218275 0.2438308 -0.4473733
v -0.2264 0.2478746 -0.4921606
v -0.1774404 0.2340253 -0.4946664
v -0.1407348 0.1659211 -0.3993502
v -0.1416851 0.1596363 -0.4910777
v -0.1576024 0.1181224 -0.4889128
v -0.3310527 0.2229756 -0.425891
v -0.3204726 0.2208252 -0.3809282
v -0.3238782 0.1993561 -0.3743864
v -0.3039658 0.1201092 -0.4676234
v -0.3415487 0.1795859 -0.4720222
v -0.3238782 0.1993561 -0.3743864
v -0.317201 0.1765317 -0.2790227
v -0.2990214 0.2343998 -0.2811011
v -0.3266117 0.175749 -0.2241496
v -0.3238782 0.1993561 -0.3743864
v -0.317201 0.1765317 -0.2790227
v -0.311003 0.129778 -0.2622065
v -0.1190302 0.1678693 -0.2917793
v -0.1467527 0.212045 -0.2957835
v -0.1684429 0.2206451 -0.397152
v -0.209169 0.06469345 -0.3036535
v -0.22651 0.06650272 -0.3018135
v -0.2058067 0.06212367 -0.214812
v -0.2940017 0.2428516 -0.3899624
v -0.2082743 0.2387742 -0.3079948
v -0.2990214 0.2343998 -0.2811011
v -0.1160418 0.160641 -0.219733
v -0.1172369 0.1306058 -0.2012756
v -0.1081475 0.1294481 -0.126606
v -0.3015039 0.1902878 -0.1947706
v -0.2828204 0.1833115 -0.1778448
v -0.2892822 0.1459724 -0.200967
v -0.2890833 0.2237408 -0.2099804
v -0.2117689 0.2240023 -0.1561688
v -0.2611359 0.2106094 -0.1549341
v -0.3266117 0.175749 -0.2241496
v -0.2892822 0.1459724 -0.200967
v -0.28711 0.1047481 -0.2015055
v -0.1915332 0.2097117 -0.1670659
v -0.2318181 0.2089841 -0.1790862
v -0.2219523 0.2028416 -0.2015619
v -0.2828204 0.1833115 -0.1778448
v -0.2113853 0.1994573 -0.1979859
v -0.2219523 0.2028416 -0.2015619
v -0.1256546 0.1816435 -0.1213219
v -0.126041 0.1688123 -0.1136216
v -0.1196615 0.09874184 -0.1076015
v -0.1720062 0.1966515 -0.1499602
v -0.1618466 0.1933292 -0.1444597
v -0.2113853 0.1994573 -0.1979859
v -0.126041 0.1688123 -0.1136216
v -0.126093 0.1792664 -0.1364278
v -0.1081475 0.1294481 -0.126606
v -0.1256546 0.1816435 -0.1213219
v -0.1915332 0.2097117 -0.1670659
v -0.1727706 0.2159153 -0.1770899
v -0.2457428 0.1799514 -0.1927066
v -0.2219523 0.2028416 -0.2015619
v -0.2318181 0.2089841 -0.1790862
v -0.4403267 -0.1687582 -0.09454013
v -0.3957195 -0.1697404 -0.07584374
v -0.3873196 -0.1574455 -0.1091722
v -0.3362602 -0.1211026 -0.1141342
v -0.3646774 -0.09095809 -0.134287
v -0.3738732 -0.1216615 -0.1356249
v -0.4609028 -0.03707042 0.005140189
v -0.4833588 -0.07878173 0.005140215
v -0.5009883 -0.06589408 -0.05333689
v 0.009839168 0.3364674 -0.04191974
v 0.02219814 0.3250146 -1.192093E-05
v 0.01339956 0.3278717 -2.980232E-07
v -0.07970963 0.3228586 -0.09074703
v -0.05469585 0.2803556 -0.09939575
v -0.05186614 0.3521031 -0.0658437
v -0.3873196 -0.1574455 -0.1091722
v -0.3694192 -0.1662348 -0.08541211
v -0.3418826 -0.1487576 -0.09587806
v -0.4425282 -0.1231349 -0.1396554
v -0.3873196 -0.1574455 -0.1091722
v -0.3738732 -0.1216615 -0.1356249
v -0.4739598 -0.02091429 -0.04751123
v -0.4674568 -0.03346324 -0.1176566
v -0.4211561 -0.00335253 -0.09526841
v -0.4860347 -0.07788421 -0.1173687
v -0.4425282 -0.1231349 -0.1396554
v -0.4215118 -0.07050028 -0.1500367
v -0.3369717 0.2019017 -0.09342262
v -0.3205542 0.2857761 -0.06672493
v -0.3919429 0.1924857 0.005140126
v -0.2576306 -0.0133103 -0.1772347
v -0.3007476 0.04823194 -0.1821967
v -0.3340758 0.0121263 -0.1494949
v -0.3675567 0.07913867 -0.1157432
v -0.3858463 0.104152 -0.0808058
v -0.4074725 0.01822291 -0.07558975
v -0.3288766 -0.02819629 -0.1406885
v -0.274718 -0.04291296 -0.1447192
v -0.3340758 0.0121263 -0.1494949
v -0.4724187 -0.1302985 -0.1106793
v -0.4912845 -0.1117037 -0.06114399
v -0.449912 -0.1615608 -0.05741826
v -0.5009883 -0.06589408 -0.05333689
v -0.4860347 -0.07788421 -0.1173687
v -0.4674568 -0.03346324 -0.1176566
v -0.274718 -0.04291296 -0.1447192
v -0.2962933 -0.07725745 -0.1231098
v -0.2411402 -0.07717636 -0.1422832
v -0.2293201 -0.05724539 -0.1618291
v -0.2576306 -0.0133103 -0.1772347
v -0.274718 -0.04291296 -0.1447192
v -0.394805 -0.160985 -0.01430137
v -0.3795464 -0.1635929 -0.03948395
v -0.4098942 -0.1688428 -0.04161778
v -0.2980719 0.1372422 -0.3644035
v -0.2920498 0.130995 -0.3933055
v -0.3238782 0.1993561 -0.3743864
v -0.2713181 0.09911539 -0.21715
v -0.28711 0.1047481 -0.2015055
v -0.2435916 0.05639192 -0.2118879
v -0.1756208 0.04564501 -0.1750237
v -0.2058067 0.06212367 -0.214812
v -0.1838685 -0.0009372532 -0.1688262
v -0.2759865 0.3581148 -0.03721678
v -0.2890869 0.3591912 0.0016312
v -0.3189638 0.3206416 0.003858358
v -0.1426439 0.1390828 -0.6183671
v -0.1371911 0.1584996 -0.6166826
v -0.15446 0.1604753 -0.7110718
v -0.15446 0.1604753 -0.7110718
v -0.1622253 0.1734719 -0.737039
v -0.162834 0.1260098 -0.7404917
v -0.1895155 0.2127475 -0.7030366
v -0.1622253 0.1734719 -0.737039
v -0.15446 0.1604753 -0.7110718
v -0.3088658 0.09550208 -0.6358382
v -0.3039658 0.1201092 -0.4676234
v -0.3048923 0.0960654 -0.562151
v -0.1895155 0.2127475 -0.7030366
v -0.2082745 0.2094132 -0.7415869
v -0.1622253 0.1734719 -0.737039
v -0.2376842 0.225456 -0.7183102
v -0.2293019 0.2373721 -0.6079352
v -0.2781714 0.2283907 -0.7026079
v -0.3100574 0.2448201 -0.4894464
v -0.3415487 0.1795859 -0.4720222
v -0.3249957 0.1756178 -0.7052505
v -0.2059127 0.2284269 -0.1462264
v -0.285642 0.2933128 -0.1028099
v -0.2995986 0.2336086 -0.1136439
v -0.2277779 0.0843907 -0.7388601
v -0.2398323 0.1179836 -0.8006837
v -0.2610543 0.1252001 -0.7926111
v -0.286757 0.1609865 -0.8401645
v -0.2803894 0.1396385 -0.8481456
v -0.302185 0.1413869 -0.8519917
v -0.2309388 0.1296726 -0.8889534
v -0.1907179 0.1453603 -0.8851627
v -0.1877375 0.1840113 -0.8758224
v -0.1696025 0.1621383 -0.791016
v -0.1712252 0.1512012 -0.8428603
v -0.162834 0.1260098 -0.7404917
v -0.1822163 0.1294621 -0.8739513
v -0.1712252 0.1512012 -0.8428603
v -0.1724786 0.1607805 -0.8574105
v -0.2610543 0.1252001 -0.7926111
v -0.2627089 0.1405303 -0.8354726
v -0.2852725 0.1448768 -0.7917914
v -0.2263489 0.09461641 -0.8506623
v -0.2417599 0.1246662 -0.8355776
v -0.2398323 0.1179836 -0.8006837
v -0.2092788 0.231677 -0.8312534
v -0.2494185 0.2239317 -0.8168848
v -0.2301432 0.2454785 -0.8609688
v -0.2627089 0.1405303 -0.8354726
v -0.2803894 0.1396385 -0.8481456
v -0.2744676 0.1749411 -0.8175064
v -0.2744676 0.1749411 -0.8175064
v -0.2773636 0.1973524 -0.7811894
v -0.3115933 0.1731716 -0.7391134
v -0.1696025 0.1621383 -0.791016
v -0.1622253 0.1734719 -0.737039
v -0.1810024 0.1871669 -0.7842727
v -0.02363597 0.3246746 -0.07191375
v -0.02659635 0.3421569 -0.05712172
v -0.05186614 0.3521031 -0.0658437
v -0.04445198 0.3680031 -0.0297558
v -0.05186614 0.3521031 -0.0658437
v -0.01864124 0.3522561 -0.02956966
v -0.5009883 -0.06589408 -0.05333689
v -0.4833588 -0.07878173 0.005140215
v -0.4809878 -0.1034393 0.005140215
v 0.00122209 0.3061396 -0.07724208
v 0.006957781 0.3124807 -0.07574069
v -0.009667983 0.3263382 -0.06831983
v -0.2894476 0.09183478 -0.71276
v -0.2277779 0.0843907 -0.7388601
v -0.2919636 0.1180673 -0.7397981
v -0.1895155 0.2127475 -0.7030366
v -0.2376842 0.225456 -0.7183102
v -0.2082745 0.2094132 -0.7415869
v -0.3249957 0.1756178 -0.7052505
v -0.3115933 0.1731716 -0.7391134
v -0.2781714 0.2283907 -0.7026079
v -0.2894476 0.09183478 -0.71276
v -0.2919636 0.1180673 -0.7397981
v -0.3249957 0.1756178 -0.7052505
v -0.1523219 0.4027501 -0.04088899
v -0.1794481 0.4238033 -0.0003583729
v -0.1884806 0.4100927 -0.04604501
v -0.1774404 0.2340253 -0.4946664
v -0.1684429 0.2206451 -0.397152
v -0.2218275 0.2438308 -0.4473733
v -0.1484725 0.1206894 -0.3997921
v -0.1407348 0.1659211 -0.3993502
v -0.1576024 0.1181224 -0.4889128
v -0.3415487 0.1795859 -0.4720222
v -0.3310527 0.2229756 -0.425891
v -0.3238782 0.1993561 -0.3743864
v -0.2920498 0.130995 -0.3933055
v -0.3039658 0.1201092 -0.4676234
v -0.3238782 0.1993561 -0.3743864
v -0.1407348 0.1659211 -0.3993502
v -0.1684429 0.2206451 -0.397152
v -0.1416851 0.1596363 -0.4910777
v -0.2758783 0.1160508 -0.3411683
v -0.2980719 0.1372422 -0.3644035
v -0.3164234 0.1195916 -0.2254846
v -0.3164234 0.1195916 -0.2254846
v -0.2980719 0.1372422 -0.3644035
v -0.311003 0.129778 -0.2622065
v -0.1684429 0.2206451 -0.397152
v -0.1407348 0.1659211 -0.3993502
v -0.1190302 0.1678693 -0.2917793
v -0.1467527 0.212045 -0.2957835
v -0.149714 0.2072867 -0.2087653
v -0.2082743 0.2387742 -0.3079948
v -0.2713181 0.09911539 -0.21715
v -0.2058067 0.06212367 -0.214812
v -0.2510985 0.08381024 -0.2444765
v -0.160486 0.05995791 -0.1737294
v -0.1399615 0.07495635 -0.165585
v -0.1889023 0.07695329 -0.2281169
v -0.2892822 0.1459724 -0.200967
v -0.3266117 0.175749 -0.2241496
v -0.3015039 0.1902878 -0.1947706
v -0.2160509 0.2373292 -0.2056319
v -0.2117689 0.2240023 -0.1561688
v -0.2890833 0.2237408 -0.2099804
v -0.3164234 0.1195916 -0.2254846
v -0.3266117 0.175749 -0.2241496
v -0.28711 0.1047481 -0.2015055
v -0.126093 0.1792664 -0.1364278
v -0.1620222 0.1954965 -0.1220656
v -0.1081475 0.1294481 -0.126606
v -0.207836 0.2160444 -0.1268008
v -0.1620222 0.1954965 -0.1220656
v -0.1720062 0.1966515 -0.1499602
v -0.2611359 0.2106094 -0.1549341
v -0.2113853 0.1994573 -0.1979859
v -0.2828204 0.1833115 -0.1778448
v -0.1234399 0.08578599 -0.1102408
v -0.08191528 0.1558908 -0.08434018
v -0.1190564 0.0848022 -0.1397005
v -0.1081475 0.1294481 -0.126606
v -0.1089856 0.106396 -0.1507305
v -0.1196615 0.09874184 -0.1076015
v -0.2757114 0.1412181 -0.1990747
v -0.28711 0.1047481 -0.2015055
v -0.2892822 0.1459724 -0.200967
v -0.1727706 0.2159153 -0.1770899
v -0.1915332 0.2097117 -0.1670659
v -0.2219523 0.2028416 -0.2015619
v -0.1727706 0.2159153 -0.1770899
v -0.2219523 0.2028416 -0.2015619
v -0.2113853 0.1994573 -0.1979859
v -0.2757114 0.1412181 -0.1990747
v -0.2892822 0.1459724 -0.200967
v -0.2219523 0.2028416 -0.2015619
v -0.08191528 0.1558908 -0.08434018
v -0.1256546 0.1816435 -0.1213219
v -0.1196615 0.09874184 -0.1076015
v -0.131285 0.1970238 -0.1553762
v -0.1727706 0.2159153 -0.1770899
v -0.1618466 0.1933292 -0.1444597
v -0.1196615 0.09874184 -0.1076015
v -0.126041 0.1688123 -0.1136216
v -0.1081475 0.1294481 -0.126606
v -0.131285 0.1970238 -0.1553762
v -0.126041 0.1688123 -0.1136216
v -0.1256546 0.1816435 -0.1213219
v -0.1276988 0.08319328 -0.105568
v -0.1234399 0.08578599 -0.1102408
v -0.1756208 0.04564501 -0.1750237
v -0.2828221 0.126639 -0.1942436
v -0.28711 0.1047481 -0.2015055
v -0.2757114 0.1412181 -0.1990747
v -0.2059127 0.2284269 -0.1462264
v -0.2318181 0.2089841 -0.1790862
v -0.1915332 0.2097117 -0.1670659
v -0.1256546 0.1816435 -0.1213219
v -0.1099362 0.2140076 -0.1108183
v -0.1332994 0.216391 -0.1279955
v -0.1099362 0.2140076 -0.1108183
v -0.1256546 0.1816435 -0.1213219
v -0.08191528 0.1558908 -0.08434018
v -0.2435916 0.05639192 -0.2118879
v -0.28711 0.1047481 -0.2015055
v -0.2486217 0.0396003 -0.2081916
v -0.3095032 0.1812407 -0.1433984
v -0.2318181 0.2089841 -0.1790862
v -0.2995986 0.2336086 -0.1136439
v -0.2486217 0.0396003 -0.2081916
v -0.2011464 -0.04655896 -0.1388588
v -0.2435916 0.05639192 -0.2118879
v -0.4860347 -0.07788421 -0.1173687
v -0.4724187 -0.1302985 -0.1106793
v -0.4425282 -0.1231349 -0.1396554
v -0.3873196 -0.1574455 -0.1091722
v -0.3957195 -0.1697404 -0.07584374
v -0.3694192 -0.1662348 -0.08541211
v -0.4462709 -0.147132 -0.123567
v -0.4403267 -0.1687582 -0.09454013
v -0.3873196 -0.1574455 -0.1091722
v -0.3418826 -0.1487576 -0.09587806
v -0.3362602 -0.1211026 -0.1141342
v -0.3738732 -0.1216615 -0.1356249
v -0.08191528 0.1558908 -0.08434018
v -0.07107009 0.2083327 -0.09654471
v -0.1099362 0.2140076 -0.1108183
v -0.01016485 0.1312385 -0.06242183
v 0.01065622 0.1683378 -0.06332427
v -0.04221939 0.160866 -0.08150095
v 0.01079222 0.2312187 -0.06299192
v 0.02532646 0.2080505 -0.05369419
v 0.03079559 0.2264123 -0.04868561
v -0.08184985 0.2441265 -0.102308
v -0.0178844 0.213386 -0.08432201
v -0.05469585 0.2803556 -0.09939575
v 0.02532646 0.2080505 -0.05369419
v 0.05738829 0.2351086 -0.04690543
v 0.03079559 0.2264123 -0.04868561
v 0.04400732 0.1692171 -0.06334671
v 0.07730394 0.1695452 -0.05951358
v 0.04461663 0.1905013 -0.06264186
v 0.09312893 0.1662551 -0.02970596
v 0.09283986 0.1595692 -0.02492273
v 0.1083356 0.1700162 0.002212256
v -0.4211561 -0.00335253 -0.09526841
v -0.4674568 -0.03346324 -0.1176566
v -0.4022904 -0.01913612 -0.1169285
v -0.4739598 -0.02091429 -0.04751123
v -0.4609028 -0.03707042 0.005140189
v -0.5009883 -0.06589408 -0.05333689
v -0.0009602356 0.3381048 -0.03977069
v 0.009839168 0.3364674 -0.04191974
v 0.01339956 0.3278717 -2.980232E-07
v -0.02885665 0.2808745 -0.08734733
v -0.05186614 0.3521031 -0.0658437
v -0.05469585 0.2803556 -0.09939575
v -0.07970963 0.3228586 -0.09074703
v -0.1013015 0.3585081 -0.07022497
v -0.08883409 0.3141494 -0.1010559
v -0.3857955 -0.04331946 -0.1374031
v -0.3544655 -0.04712985 -0.1301718
v -0.3680137 -0.02491096 -0.1284783
v -0.3646774 -0.09095809 -0.134287
v -0.4215118 -0.07050028 -0.1500367
v -0.3738732 -0.1216615 -0.1356249
v -0.3738732 -0.1216615 -0.1356249
v -0.3873196 -0.1574455 -0.1091722
v -0.3418826 -0.1487576 -0.09587806
v -0.4215118 -0.07050028 -0.1500367
v -0.4425282 -0.1231349 -0.1396554
v -0.3738732 -0.1216615 -0.1356249
v -0.4074725 0.01822291 -0.07558975
v -0.4229512 0.01444636 0.00514017
v -0.4739598 -0.02091429 -0.04751123
v -0.4215118 -0.07050028 -0.1500367
v -0.4499797 -0.04646945 -0.1336773
v -0.4860347 -0.07788421 -0.1173687
v -0.09817493 0.2576833 -0.1079078
v -0.1224999 0.2699587 -0.1037056
v -0.1099362 0.2140076 -0.1108183
v -0.1634818 0.3698867 -0.09097147
v -0.1364286 0.3279291 -0.1009013
v -0.1268562 0.3783222 -0.08110821
v -0.2419778 0.3455605 -0.08711872
v -0.285642 0.2933128 -0.1028099
v -0.1848197 0.2921721 -0.1191313
v -0.2059127 0.2284269 -0.1462264
v -0.1848197 0.2921721 -0.1191313
v -0.285642 0.2933128 -0.1028099
v -0.2318181 0.2089841 -0.1790862
v -0.3095032 0.1812407 -0.1433984
v -0.2457428 0.1799514 -0.1927066
v -0.2059127 0.2284269 -0.1462264
v -0.2995986 0.2336086 -0.1136439
v -0.2318181 0.2089841 -0.1790862
v -0.3133748 0.2993733 -0.06603026
v -0.3189638 0.3206416 0.003858358
v -0.3205542 0.2857761 -0.06672493
v -0.1794481 0.4238033 -0.0003583729
v -0.2258662 0.4174526 9.736419E-05
v -0.1884806 0.4100927 -0.04604501
v -0.1268562 0.3783222 -0.08110821
v -0.1161142 0.3982068 -0.03961295
v -0.1523219 0.4027501 -0.04088899
v -0.4499797 -0.04646945 -0.1336773
v -0.4674568 -0.03346324 -0.1176566
v -0.4860347 -0.07788421 -0.1173687
v -0.2576306 -0.0133103 -0.1772347
v -0.2525841 0.01121175 -0.1994706
v -0.3007476 0.04823194 -0.1821967
v -0.2293201 -0.05724539 -0.1618291
v -0.2433531 -0.001115605 -0.195795
v -0.2576306 -0.0133103 -0.1772347
v -0.3007476 0.04823194 -0.1821967
v -0.3457443 0.06921466 -0.1393339
v -0.3340758 0.0121263 -0.1494949
v -0.274718 -0.04291296 -0.1447192
v -0.2576306 -0.0133103 -0.1772347
v -0.3340758 0.0121263 -0.1494949
v -0.3675567 0.07913867 -0.1157432
v -0.3900971 0.009162582 -0.09780873
v -0.3657444 0.01266818 -0.1196721
v -0.3457443 0.06921466 -0.1393339
v -0.3657444 0.01266818 -0.1196721
v -0.3340758 0.0121263 -0.1494949
v -0.4211561 -0.00335253 -0.09526841
v -0.4022904 -0.01913612 -0.1169285
v -0.3900971 0.009162582 -0.09780873
v -0.4403267 -0.1687582 -0.09454013
v -0.4724187 -0.1302985 -0.1106793
v -0.449912 -0.1615608 -0.05741826
v -0.4739598 -0.02091429 -0.04751123
v -0.5009883 -0.06589408 -0.05333689
v -0.4674568 -0.03346324 -0.1176566
v -0.2411402 -0.07717636 -0.1422832
v -0.2293201 -0.05724539 -0.1618291
v -0.274718 -0.04291296 -0.1447192
vn 0.8780878 -0.4746291 0.002326339
vn 0.8856916 -0.4012075 -0.2257515
vn 0.8889217 -0.4494402 -0.06241482
vn 0.8611304 -0.5044812 0.002999365
vn 0.8780878 -0.4746291 0.002326339
vn 0.8889217 -0.4494402 -0.06241482
vn 0.8856916 -0.4012075 -0.2257515
vn 0.7603254 -0.306386 -0.570436
vn 0.8071268 -0.3436033 -0.4769062
vn 0.8889217 -0.4494402 -0.06241482
vn 0.8856916 -0.4012075 -0.2257515
vn 0.8071268 -0.3436033 -0.4769062
vn 0.5563778 0.6108531 -0.5608539
vn 0.5611503 0.6708467 -0.4817528
vn 0.3884255 0.848538 -0.3544638
vn 0.2332458 0.7086985 -0.6641335
vn 0.5563778 0.6108531 -0.5608539
vn 0.3884255 0.848538 -0.3544638
vn 0.6096901 0.7828238 -0.1080722
vn 0.580918 0.7970404 -0.1537659
vn 0.5088546 0.8583637 -0.01950908
vn 0.3884255 0.848538 -0.3544638
vn 0.6096901 0.7828238 -0.1080722
vn 0.5088546 0.8583637 -0.01950908
vn 0.3884255 0.848538 -0.3544638
vn 0.5088546 0.8583637 -0.01950908
vn 0.08851504 0.9939139 -0.01893634
vn 0.001231074 0.8854644 -0.4612954
vn 0.3884255 0.848538 -0.3544638
vn 0.08851504 0.9939139 -0.01893634
vn 0.1658999 -0.4130916 -0.8950388
vn 0.4188407 -0.3340552 -0.8437223
vn 0.1514089 -0.4209829 -0.8939259
vn 0.1131439 -0.4494163 -0.8856776
vn 0.1658999 -0.4130916 -0.8950388
vn 0.1514089 -0.4209829 -0.8939259
vn 0.1800737 -0.9625711 -0.1930337
vn 0.226795 -0.9157503 -0.3263205
vn 0.1710179 -0.9424717 -0.2808921
vn 0.1522156 -0.9783376 -0.125766
vn 0.1800737 -0.9625711 -0.1930337
vn 0.1710179 -0.9424717 -0.2808921
vn 0.2332458 0.7086985 -0.6641335
vn 0.3884255 0.848538 -0.3544638
vn 0.001231074 0.8854644 -0.4612954
vn 0.02384388 0.7001459 -0.7121887
vn 0.2332458 0.7086985 -0.6641335
vn 0.001231074 0.8854644 -0.4612954
vn 0.003599599 0.4576419 -0.8886311
vn 0.2332458 0.7086985 -0.6641335
vn 0.02384388 0.7001459 -0.7121887
vn 0.04210834 0.4814019 -0.8749234
vn 0.003599599 0.4576419 -0.8886311
vn 0.02384388 0.7001459 -0.7121887
vn -0.1521025 -0.9645543 -0.2067674
vn 0.0104557 -0.8509654 -0.52244
vn -0.1578188 -0.8406259 -0.5153783
vn -0.2548718 -0.9218376 -0.2857965
vn -0.1521025 -0.9645543 -0.2067674
vn -0.1578188 -0.8406259 -0.5153783
vn -0.1270227 -0.9897234 0.01914042
vn -0.1521025 -0.9645543 -0.2067674
vn -0.2548718 -0.9218376 -0.2857965
vn -0.3333836 -0.9404915 0.01974052
vn -0.1270227 -0.9897234 0.01914042
vn -0.2548718 -0.9218376 -0.2857965
vn 0.0104557 -0.8509654 -0.52244
vn 0.2211029 -0.6623146 -0.7145492
vn 0.1316093 -0.6932796 -0.7072045
vn -0.1578188 -0.8406259 -0.5153783
vn 0.0104557 -0.8509654 -0.52244
vn 0.1316093 -0.6932796 -0.7072045
vn -0.2587075 0.869434 -0.4169472
vn -0.3093266 0.8541051 -0.4141318
vn -0.5465192 0.7462949 -0.37542
vn -0.5092919 0.7286372 -0.4544687
vn -0.2587075 0.869434 -0.4169472
vn -0.5465192 0.7462949 -0.37542
vn 0.06466663 0.6383113 -0.7659447
vn -0.09866679 0.7023681 -0.7034774
vn -0.2197498 0.739441 -0.6344436
vn 0.03128463 0.8490134 -0.5246673
vn 0.06466663 0.6383113 -0.7659447
vn -0.2197498 0.739441 -0.6344436
vn -0.09866679 0.7023681 -0.7034774
vn -0.2587075 0.869434 -0.4169472
vn -0.5092919 0.7286372 -0.4544687
vn -0.2197498 0.739441 -0.6344436
vn -0.09866679 0.7023681 -0.7034774
vn -0.5092919 0.7286372 -0.4544687
vn 0.1522156 -0.9783376 -0.125766
vn 0.1710179 -0.9424717 -0.2808921
vn 0.1374446 -0.9542763 -0.2584828
vn 0.05967596 -0.9853745 -0.1470777
vn 0.1522156 -0.9783376 -0.125766
vn 0.1374446 -0.9542763 -0.2584828
vn 0.02384388 0.7001459 -0.7121887
vn 0.001231074 0.8854644 -0.4612954
vn -0.08673829 0.8932055 -0.4375073
vn -0.01063219 0.7071966 -0.7054814
vn 0.02384388 0.7001459 -0.7121887
vn -0.08673829 0.8932055 -0.4375073
vn 0.001231074 0.8854644 -0.4612954
vn 0.08851504 0.9939139 -0.01893634
vn -0.1186399 0.891844 -0.4327535
vn -0.08673829 0.8932055 -0.4375073
vn 0.001231074 0.8854644 -0.4612954
vn -0.1186399 0.891844 -0.4327535
vn 0.1131439 -0.4494163 -0.8856776
vn 0.1514089 -0.4209829 -0.8939259
vn 0.09915137 -0.4567808 -0.8835767
vn 0.1506126 -0.5254062 -0.8367416
vn 0.1131439 -0.4494163 -0.8856776
vn 0.09915137 -0.4567808 -0.8835767
vn 0.1612689 -0.9847652 0.01694506
vn 0.1800737 -0.9625711 -0.1930337
vn 0.1522156 -0.9783376 -0.125766
vn 0.1632425 -0.984436 0.01692468
vn 0.1612689 -0.9847652 0.01694506
vn 0.1522156 -0.9783376 -0.125766
vn 0.1632425 -0.984436 0.01692468
vn 0.1522156 -0.9783376 -0.125766
vn 0.05967596 -0.9853745 -0.1470777
vn -0.002693534 -0.9978497 0.01838255
vn 0.1632425 -0.984436 0.01692468
vn 0.05967596 -0.9853745 -0.1470777
vn -0.01063219 0.7071966 -0.7054814
vn -0.08673829 0.8932055 -0.4375073
vn -0.2587075 0.869434 -0.4169472
vn -0.09866679 0.7023681 -0.7034774
vn -0.01063219 0.7071966 -0.7054814
vn -0.2587075 0.869434 -0.4169472
vn 0.04210834 0.4814019 -0.8749234
vn 0.02384388 0.7001459 -0.7121887
vn -0.01063219 0.7071966 -0.7054814
vn 0.05290186 0.497225 -0.8653967
vn 0.04210834 0.4814019 -0.8749234
vn -0.01063219 0.7071966 -0.7054814
vn 0.05290186 0.497225 -0.8653967
vn -0.01063219 0.7071966 -0.7054814
vn -0.09866679 0.7023681 -0.7034774
vn 0.06466663 0.6383113 -0.7659447
vn 0.05290186 0.497225 -0.8653967
vn -0.09866679 0.7023681 -0.7034774
vn -0.08673829 0.8932055 -0.4375073
vn -0.1186399 0.891844 -0.4327535
vn -0.3093266 0.8541051 -0.4141318
vn -0.2587075 0.869434 -0.4169472
vn -0.08673829 0.8932055 -0.4375073
vn -0.3093266 0.8541051 -0.4141318
vn 0.1506126 -0.5254062 -0.8367416
vn 0.3132574 -0.4906691 -0.8122888
vn 0.3142332 -0.4900141 -0.8123079
vn 0.0104557 -0.8509654 -0.52244
vn 0.1506126 -0.5254062 -0.8367416
vn 0.2211029 -0.6623146 -0.7145492
vn -0.002693534 -0.9978497 0.01838255
vn 0.05967596 -0.9853745 -0.1470777
vn -0.1521025 -0.9645543 -0.2067674
vn -0.1270227 -0.9897234 0.01914042
vn -0.002693534 -0.9978497 0.01838255
vn -0.1521025 -0.9645543 -0.2067674
vn 0.05967596 -0.9853745 -0.1470777
vn 0.06921667 -0.9527022 -0.2898071
vn 0.0104557 -0.8509654 -0.52244
vn -0.1521025 -0.9645543 -0.2067674
vn 0.05967596 -0.9853745 -0.1470777
vn 0.0104557 -0.8509654 -0.52244
vn -0.2197498 0.739441 -0.6344436
vn -0.5092919 0.7286372 -0.4544687
vn -0.5175956 0.8070846 -0.2775687
vn -0.4007666 0.9073164 -0.1107138
vn -0.2197498 0.739441 -0.6344436
vn -0.3909724 0.9121667 -0.10574
vn 0.03128463 0.8490134 -0.5246673
vn -0.2197498 0.739441 -0.6344436
vn -0.07901825 0.5614068 -0.8229476
vn 0.02611148 0.9905277 -0.1194803
vn 0.03128463 0.8490134 -0.5246673
vn 0.02690694 0.990503 -0.1194856
vn -0.5092919 0.7286372 -0.4544687
vn -0.5465192 0.7462949 -0.37542
vn -0.6432205 0.7058147 -0.2906235
vn -0.5175956 0.8070846 -0.2775687
vn -0.5092919 0.7286372 -0.4544687
vn -0.6432205 0.7058147 -0.2906235
vn -0.1578188 -0.8406259 -0.5153783
vn 0.02683452 -0.7885258 -0.6124653
vn -0.04709873 -0.7492985 -0.6589229
vn -0.2659791 -0.8525087 -0.4465412
vn -0.1578188 -0.8406259 -0.5153783
vn -0.04709873 -0.7492985 -0.6589229
vn -0.3333836 -0.9404915 0.01974052
vn -0.2548718 -0.9218376 -0.2857965
vn -0.2571563 -0.9395737 -0.2176192
vn -0.2289742 -0.9712132 0.01954395
vn -0.3333836 -0.9404915 0.01974052
vn -0.2571563 -0.9395737 -0.2176192
vn -0.2548718 -0.9218376 -0.2857965
vn -0.1578188 -0.8406259 -0.5153783
vn -0.2659791 -0.8525087 -0.4465412
vn -0.2571563 -0.9395737 -0.2176192
vn -0.2548718 -0.9218376 -0.2857965
vn -0.2659791 -0.8525087 -0.4465412
vn -0.1314208 0.4749231 -0.8695765
vn -0.1455657 0.2917484 -0.9451139
vn -0.1310105 0.4750261 -0.8695813
vn -0.1120458 0.6393475 -0.7595729
vn -0.1314208 0.4749231 -0.8695765
vn -0.1310105 0.4750261 -0.8695813
vn -0.5175956 0.8070846 -0.2775687
vn -0.6432205 0.7058147 -0.2906235
vn -0.4045947 0.9122322 -0.01383471
vn -0.4043748 0.9048485 -0.1175936
vn -0.5175956 0.8070846 -0.2775687
vn -0.4045947 0.9122322 -0.01383471
vn -0.4007666 0.9073164 -0.1107138
vn -0.5175956 0.8070846 -0.2775687
vn -0.4043748 0.9048485 -0.1175936
vn -0.4072295 0.9039735 -0.1144258
vn -0.4007666 0.9073164 -0.1107138
vn -0.4043748 0.9048485 -0.1175936
vn -0.2289742 -0.9712132 0.01954395
vn -0.2571563 -0.9395737 -0.2176192
vn 0.1400577 -0.9880927 -0.01128739
vn 0.3391667 -0.9385175 0.01479596
vn -0.2289742 -0.9712132 0.01954395
vn 0.1400577 -0.9880927 -0.01128739
vn 0.1377002 -0.5656755 0.8121896
vn 0.137285 -0.5657678 0.8121943
vn 0.1374869 -0.5657229 0.812192
vn 0.11583 -0.9895551 0.0586552
vn -0.08783913 -0.966645 -0.2328051
vn -0.03133351 -0.9974771 -0.01124394
vn -0.2571563 -0.9395737 -0.2176192
vn -0.08783913 -0.966645 -0.2328051
vn 0.11583 -0.9895551 0.0586552
vn 0.1400577 -0.9880927 -0.01128739
vn -0.2571563 -0.9395737 -0.2176192
vn 0.11583 -0.9895551 0.0586552
vn 0.229219 -0.9601929 0.1596528
vn 0.2026101 -0.9609469 -0.1884973
vn 0.2326283 -0.9713525 -0.0485729
vn 0.2326283 -0.9713525 -0.0485729
vn 0.2026101 -0.9609469 -0.1884973
vn 0.1424837 -0.9852232 -0.09505165
vn 0.2211504 -0.8748839 -0.1842853
vn -0.02667248 -0.7531747 -0.3550565
vn 0.4063527 -0.8908517 -0.110259
vn -0.02667248 -0.7531747 -0.3550565
vn 0.1930959 -0.9811772 0.002422214
vn 0.4063527 -0.8908517 -0.110259
vn -0.6090486 0.609305 0.5061929
vn -0.3878271 0.5335129 0.7500654
vn -0.4771168 0.4519392 0.7526135
vn -0.7137454 0.5605561 0.4160827
vn -0.6090486 0.609305 0.5061929
vn -0.4771168 0.4519392 0.7526135
vn -0.5819904 0.7521095 -0.09252179
vn -0.2868921 0.9482695 -0.129102
vn -0.736701 0.6386099 -0.2202907
vn -0.736701 0.6386099 -0.2202907
vn -0.2868921 0.9482695 -0.129102
vn -0.8520004 0.500448 -0.1511394
vn 0.3823286 -0.7539896 0.5341586
vn 0.3266459 -0.8847086 0.3325568
vn 0.1770065 -0.979557 -0.09559214
vn 0.142361 -0.9898153 5.960464E-08
vn 0.1770065 -0.979557 -0.09559214
vn 0.3266459 -0.8847086 0.3325568
vn 0.3266459 -0.8847086 0.3325568
vn 0.2274656 -0.8406324 0.3871008
vn 0.142361 -0.9898153 5.960464E-08
vn -0.151163 0.8701911 0.1556029
vn -0.7907274 0.5489595 0.2337349
vn -0.6970625 0.5174507 0.2832358
vn -0.5932106 0.6089119 0.1648537
vn -0.151163 0.8701911 0.1556029
vn -0.6970625 0.5174507 0.2832358
vn 0.2651501 -0.7767593 0.4241815
vn 0.622866 -0.5788393 0.4043576
vn 0.3938526 -0.8859893 -0.03127265
vn 0.2274656 -0.8406324 0.3871008
vn 0.2651501 -0.7767593 0.4241815
vn 0.3938526 -0.8859893 -0.03127265
vn 0.9751742 -0.09514131 0.1999587
vn 0.9259537 -0.3724526 0.06235752
vn 0.8947492 -0.4171275 0.1594632
vn 0.9800894 -0.01921225 0.1973511
vn 0.9751742 -0.09514131 0.1999587
vn 0.8947492 -0.4171275 0.1594632
vn 0.2803056 0.2532834 0.9258929
vn 0.2542225 0.2565223 0.9288437
vn 0.1379545 0.2709572 0.9419981
vn 0.2542225 0.2565223 0.9288437
vn 0.2803056 0.2532834 0.9258929
vn 0.280306 0.2532834 0.9258927
vn 0.280306 0.2532834 0.9258927
vn 0.2803056 0.2532834 0.9258929
vn 0.2803054 0.2532833 0.9258929
vn 0.2803056 0.2532834 0.9258929
vn 0.2803051 0.2532834 0.925893
vn 0.2803054 0.2532833 0.9258929
vn 0.2803056 0.2532834 0.9258929
vn 0.2803099 0.2532784 0.9258931
vn 0.2803051 0.2532834 0.925893
vn 0.2803062 0.2532821 0.925893
vn 0.2803051 0.2532834 0.925893
vn 0.2803099 0.2532784 0.9258931
vn 0.28031 0.253279 0.9258927
vn 0.2803092 0.2532797 0.9258931
vn 0.2803099 0.2532784 0.9258931
vn 0.2803099 0.2532784 0.9258931
vn 0.2803056 0.2532834 0.9258929
vn 0.28031 0.253279 0.9258927
vn -0.4915395 0.8666413 0.0855698
vn -0.7949954 0.6061214 0.02445567
vn -0.2721012 0.9555106 -0.1138489
vn -0.4915395 0.8666413 0.0855698
vn -0.5881149 0.8020967 0.10374
vn -0.7949954 0.6061214 0.02445567
vn 0.1322939 -0.9380234 -0.3203303
vn 0.2026101 -0.9609469 -0.1884973
vn 0.1770065 -0.979557 -0.09559214
vn 0.1184634 -0.9840507 -0.132709
vn 0.1322939 -0.9380234 -0.3203303
vn 0.1770065 -0.979557 -0.09559214
vn 0.1184634 -0.9840507 -0.132709
vn 0.1770065 -0.979557 -0.09559214
vn -0.01185423 -0.9999303 1.788139E-07
vn 0.1080153 -0.5911932 0.799265
vn -0.03196979 -0.6568041 0.7533842
vn 0.08867759 -0.6856824 0.6372086
vn 0.07026964 -0.588765 0.6663878
vn 0.08867759 -0.6856824 0.6372086
vn -0.03196979 -0.6568041 0.7533842
vn 0.2356368 0.9716957 0.01686275
vn 0.650135 0.7583587 0.0470919
vn 0.5717895 0.8191649 0.03445941
vn 0.2072466 0.9762744 -0.04910225
vn 0.2356368 0.9716957 0.01686275
vn 0.5717895 0.8191649 0.03445941
vn 0.06261671 0.9694859 0.07864314
vn -0.151163 0.8701911 0.1556029
vn 0.2049721 0.9762985 0.06949306
vn -0.151163 0.8701911 0.1556029
vn 0.2660878 0.9637651 0.01885229
vn 0.2049721 0.9762985 0.06949306
vn 0.1191459 0.9901844 -0.06713808
vn -0.00199616 0.9956498 -0.08719367
vn 0.1672103 0.9708118 -0.1656011
vn -0.00199616 0.9956498 -0.08719367
vn -0.2868921 0.9482695 -0.129102
vn 0.1672103 0.9708118 -0.1656011
vn -0.853838 0.262463 0.449526
vn -0.8953534 0.1421447 0.4220626
vn -0.9844242 0.175808 5.215406E-07
vn -0.853838 0.262463 0.449526
vn -0.9844242 0.175808 5.215406E-07
vn -0.9216465 0.3880298 4.172325E-07
vn 0.2274656 -0.8406324 0.3871008
vn 0.08867759 -0.6856824 0.6372086
vn 0.07026964 -0.588765 0.6663878
vn 0.2651501 -0.7767593 0.4241815
vn 0.2274656 -0.8406324 0.3871008
vn 0.07026964 -0.588765 0.6663878
vn -0.4445148 -0.5606802 0.6986027
vn -0.6744614 -0.2742762 0.685474
vn -0.57728 -0.4324785 0.692611
vn -0.57728 -0.4324785 0.692611
vn -0.6744614 -0.2742762 0.685474
vn -0.66513 -0.2724802 0.6952391
vn 0.1215327 0.2792749 0.9522897
vn 0.03399893 0.1620733 0.9861257
vn 0.1045359 0.187637 0.9764688
vn 0.07982199 0.3050992 0.9487843
vn 0.03399893 0.1620733 0.9861257
vn 0.1215327 0.2792749 0.9522897
vn 0.5862437 0.6436751 0.4906839
vn 0.5256081 0.7803531 0.3368621
vn 0.6737668 0.7296999 0.1092833
vn 0.5256081 0.7803531 0.3368621
vn 0.364835 0.9302341 -0.009425044
vn 0.6737668 0.7296999 0.1092833
vn 0.536343 0.8414565 -0.0193994
vn 0.7117895 0.6993668 -0.01806492
vn 0.5730911 0.7966583 0.1820708
vn 0.7117895 0.6993668 -0.01806492
vn 0.7248549 0.6701367 0.1472821
vn 0.5730911 0.7966583 0.1820708
vn 0.1291402 0.5777864 0.8056409
vn 0.09678781 0.6293517 0.7707179
vn 0.1243056 0.5003477 0.8566373
vn 0.2854951 0.7649472 0.5768024
vn 0.09678781 0.6293517 0.7707179
vn 0.1291402 0.5777864 0.8056409
vn 0.4685416 -0.8707299 0.1472552
vn 0.1930959 -0.9811772 0.002422214
vn 0.2911347 -0.9440578 0.1478901
vn 0.4025854 -0.9025937 0.1464909
vn 0.4685416 -0.8707299 0.1472552
vn 0.2911347 -0.9440578 0.1478901
vn 0.4025854 -0.9025937 0.1464909
vn 0.6188035 -0.7720947 0.1411847
vn 0.4685416 -0.8707299 0.1472552
vn -0.3225533 0.2276957 0.9187574
vn -0.02975787 0.4694886 0.8824376
vn -0.1608381 0.6215082 0.7667202
vn -0.3225533 0.2276957 0.9187574
vn -0.1608381 0.6215082 0.7667202
vn -0.2367029 0.6118928 0.7546918
vn 0.1446406 0.3663672 0.5977691
vn 0.5956169 0.1076942 0.563127
vn 0.2504646 -0.4711553 0.8457432
vn 0.2504646 -0.4711553 0.8457432
vn 0.5956169 0.1076942 0.563127
vn 0.4558658 -0.1559603 0.6664327
vn 0.1723958 -0.3741643 0.9111983
vn 0.06851916 -0.243992 0.9673544
vn -0.01141839 -0.490095 0.871595
vn -0.09547886 -0.3476306 0.9327584
vn -0.01141839 -0.490095 0.871595
vn 0.06851916 -0.243992 0.9673544
vn 0.7690262 -0.3309028 0.4223869
vn 0.4558658 -0.1559603 0.6664327
vn 0.6149019 -0.4543958 0.4694376
vn 0.4558658 -0.1559603 0.6664327
vn 0.5956169 0.1076942 0.563127
vn 0.6149019 -0.4543958 0.4694376
vn -0.7395876 0.6620144 0.1214375
vn -0.7330103 0.6680589 0.1280356
vn -0.7808332 0.6075935 0.1453598
vn -0.7395876 0.6620144 0.1214375
vn -0.7808332 0.6075935 0.1453598
vn -0.83505 0.5429831 0.08675814
vn -0.6897079 0.6939317 0.2012725
vn -0.8368467 0.4466121 0.3165835
vn -0.7409821 0.6371758 0.2112968
vn -0.7409821 0.6371758 0.2112968
vn -0.8368467 0.4466121 0.3165835
vn -0.7190543 0.6457235 0.256909
vn 0.9070095 0.4206669 -0.01495078
vn 0.8804451 0.4729708 -0.02962992
vn 0.8633694 0.5024912 0.04579413
vn 0.9070095 0.4206669 -0.01495078
vn 0.8967303 0.4422762 0.005162179
vn 0.8804451 0.4729708 -0.02962992
vn 0.2326283 -0.9713525 -0.0485729
vn 0.1424837 -0.9852232 -0.09505165
vn 0.04856074 -0.9916582 0.1194046
vn 0.2326283 -0.9713525 -0.0485729
vn 0.04856074 -0.9916582 0.1194046
vn 0.229219 -0.9601929 0.1596528
vn -0.656775 0.4074386 0.6345393
vn -0.7921766 0.346633 0.5022963
vn -0.7638347 0.3694508 0.5292095
vn -0.7638347 0.3694508 0.5292095
vn -0.7921766 0.346633 0.5022963
vn -0.853838 0.262463 0.449526
vn -0.6977973 0.0367803 0.7153503
vn -0.7619922 0.1406897 0.6321188
vn -0.6632195 0.1629637 0.7304673
vn -0.6632195 0.1629637 0.7304673
vn -0.7619922 0.1406897 0.6321188
vn -0.752575 0.3128769 0.5794296
vn -0.3225533 0.2276957 0.9187574
vn -0.7060504 0.1064333 0.7001178
vn -0.6883215 0.0906074 0.719725
vn -0.6883215 0.0906074 0.719725
vn -0.5052647 -0.1786146 0.8442779
vn -0.3225533 0.2276957 0.9187574
vn 0.08972019 -0.9517819 -0.2933643
vn -0.09799007 -0.927958 -0.359574
vn -0.05681095 -0.981537 -0.1826436
vn -0.3249708 -0.8945405 -0.3069084
vn -0.05681095 -0.981537 -0.1826436
vn -0.09799007 -0.927958 -0.359574
vn -0.7117611 -0.6999786 -0.04890078
vn -0.5188636 -0.8470875 -0.1077588
vn -0.5700157 -0.8206442 -0.009004831
vn -0.7117611 -0.6999786 -0.04890078
vn -0.8088418 -0.5758331 -0.1171295
vn -0.5188636 -0.8470875 -0.1077588
vn 0.810231 0.585855 0.01735866
vn 0.8070272 0.5827833 0.09524781
vn 0.8633694 0.5024912 0.04579413
vn 0.8070272 0.5827833 0.09524781
vn 0.7245605 0.67569 0.135857
vn 0.8633694 0.5024912 0.04579413
vn 0.8947492 -0.4171275 0.1594632
vn 0.9259537 -0.3724526 0.06235752
vn 0.6116766 -0.7890709 0.0567416
vn 0.6116766 -0.7890709 0.0567416
vn 0.9259537 -0.3724526 0.06235752
vn 0.7707906 -0.6346812 0.05136919
vn -0.517503 0.3000529 -0.8013481
vn -0.5119658 0.4802178 -0.7094322
vn -0.3682569 0.3359849 -0.866892
vn -0.517503 0.3000529 -0.8013481
vn -0.708115 -0.1666866 -0.6832806
vn -0.5119658 0.4802178 -0.7094322
vn 0.8647993 -0.4994845 0.05134034
vn 0.4877188 -0.8593112 -0.02124226
vn 0.6172175 -0.7830375 0.076774
vn 0.8647993 -0.4994845 0.05134034
vn 0.4727217 -0.844264 0.02755082
vn 0.4877188 -0.8593112 -0.02124226
vn 0.9923643 -0.03359771 0.1186718
vn 0.8928878 -0.4374915 0.1065432
vn 0.9924829 0.006842613 0.1221102
vn 0.8928878 -0.4374915 0.1065432
vn 0.6188035 -0.7720947 0.1411847
vn 0.9924829 0.006842613 0.1221102
vn 0.5879818 0.7147902 -0.1751252
vn 0.8260312 0.3597046 -0.3438037
vn 0.611842 0.7890399 -0.05537754
vn 0.8260312 0.3597046 -0.3438037
vn 0.8180344 0.5685828 -0.08679658
vn 0.611842 0.7890399 -0.05537754
vn 0.9733753 -0.2263249 0.03627639
vn 0.8647993 -0.4994845 0.05134034
vn 0.9923643 -0.03359771 0.1186718
vn 0.9763386 -0.2058503 0.02363911
vn 0.8647993 -0.4994845 0.05134034
vn 0.9733753 -0.2263249 0.03627639
vn -0.05681095 -0.981537 -0.1826436
vn -0.1658859 -0.9537243 0.2507844
vn 0.04856074 -0.9916582 0.1194046
vn 0.1424837 -0.9852232 -0.09505165
vn -0.05681095 -0.981537 -0.1826436
vn 0.04856074 -0.9916582 0.1194046
vn 0.149531 0.01681137 0.9884062
vn 0.2645724 -0.07284802 0.9615083
vn 0.2896404 -0.1302405 0.9471377
vn 0.2645724 -0.07284802 0.9615083
vn 0.2745562 -0.07105517 0.9587841
vn 0.2896404 -0.1302405 0.9471377
vn -0.09547886 -0.3476306 0.9327584
vn 0.01347794 -0.07936388 0.9967553
vn -0.209717 -0.2553189 0.943839
vn -0.1902648 -0.4863829 0.8527792
vn -0.09547886 -0.3476306 0.9327584
vn -0.209717 -0.2553189 0.943839
vn 0.8780878 -0.4746291 0.002326339
vn 0.8611304 -0.5044812 0.002999365
vn 0.8898537 -0.4470872 0.06593204
vn 0.8890132 -0.3928347 0.2274125
vn 0.8780878 -0.4746291 0.002326339
vn 0.8898537 -0.4470872 0.06593204
vn 0.8890132 -0.3928347 0.2274125
vn 0.8898537 -0.4470872 0.06593204
vn 0.870813 -0.3615281 0.3278155
vn 0.7686534 -0.2853846 0.5701678
vn 0.8890132 -0.3928347 0.2274125
vn 0.870813 -0.3615281 0.3278155
vn 0.6045067 0.6814779 0.4086057
vn 0.5611235 0.598535 0.5694837
vn 0.3933176 0.8609045 0.3173016
vn 0.6071205 0.7666682 0.1999761
vn 0.6045067 0.6814779 0.4086057
vn 0.3933176 0.8609045 0.3173016
vn 0.6071205 0.7666682 0.1999761
vn 0.3933176 0.8609045 0.3173016
vn 0.5088546 0.8583637 -0.01950908
vn 0.5828853 0.8020018 0.1158481
vn 0.6071205 0.7666682 0.1999761
vn 0.5088546 0.8583637 -0.01950908
vn 0.3933176 0.8609045 0.3173016
vn 0.00771907 0.9018357 0.4283398
vn 0.08851504 0.9939139 -0.01893634
vn 0.5088546 0.8583637 -0.01950908
vn 0.3933176 0.8609045 0.3173016
vn 0.08851504 0.9939139 -0.01893634
vn 0.3409276 -0.3394423 0.876131
vn 0.1555434 -0.4010034 0.9023439
vn 0.1645485 -0.3878501 0.9065045
vn 0.4311969 -0.302898 0.8492404
vn 0.3409276 -0.3394423 0.876131
vn 0.1645485 -0.3878501 0.9065045
vn 0.1919424 -0.9246709 0.3233793
vn 0.1542915 -0.9730899 0.15944
vn 0.1753473 -0.9315461 0.3128508
vn 0.2317732 -0.9031868 0.3564468
vn 0.1919424 -0.9246709 0.3233793
vn 0.1753473 -0.9315461 0.3128508
vn 0.009783 0.7721686 0.6335478
vn 0.03403977 0.7258674 0.6855243
vn 0.00771907 0.9018357 0.4283398
vn 0.3933176 0.8609045 0.3173016
vn 0.009783 0.7721686 0.6335478
vn 0.00771907 0.9018357 0.4283398
vn 0.165249 0.5033679 0.8475117
vn 0.06753623 0.529781 0.8448138
vn 0.03403977 0.7258674 0.6855243
vn 0.009783 0.7721686 0.6335478
vn 0.165249 0.5033679 0.8475117
vn 0.03403977 0.7258674 0.6855243
vn -0.1488108 -0.9562532 0.2443113
vn -0.250428 -0.91063 0.3232061
vn -0.1500579 -0.821053 0.5482044
vn 0.01830485 -0.831171 0.5531855
vn -0.1488108 -0.9562532 0.2443113
vn -0.1500579 -0.821053 0.5482044
vn -0.1270227 -0.9897234 0.01914042
vn -0.3333836 -0.9404915 0.01974052
vn -0.250428 -0.91063 0.3232061
vn -0.1488108 -0.9562532 0.2443113
vn -0.1270227 -0.9897234 0.01914042
vn -0.250428 -0.91063 0.3232061
vn 0.01830485 -0.831171 0.5531855
vn -0.1500579 -0.821053 0.5482044
vn 0.1062187 -0.702805 0.7019373
vn 0.2316822 -0.6356369 0.7351303
vn 0.01830485 -0.831171 0.5531855
vn 0.1062187 -0.702805 0.7019373
vn -0.2528308 0.8842546 0.3884081
vn -0.5028028 0.7450009 0.4347362
vn -0.5411842 0.7597486 0.3556429
vn -0.3250301 0.8718406 0.3617396
vn -0.2528308 0.8842546 0.3884081
vn -0.5411842 0.7597486 0.3556429
vn 0.07566321 0.6660417 0.740917
vn 0.04131916 0.7413765 0.6682409
vn -0.1638291 0.6971583 0.696536
vn -0.0885821 0.7278007 0.6785252
vn 0.07566321 0.6660417 0.740917
vn -0.1638291 0.6971583 0.696536
vn -0.0885821 0.7278007 0.6785252
vn -0.1638291 0.6971583 0.696536
vn -0.5028028 0.7450009 0.4347362
vn -0.2528308 0.8842546 0.3884081
vn -0.0885821 0.7278007 0.6785252
vn -0.5028028 0.7450009 0.4347362
vn 0.1542915 -0.9730899 0.15944
vn 0.06207889 -0.9793123 0.1823442
vn 0.1189426 -0.9438362 0.302319
vn 0.1753473 -0.9315461 0.3128508
vn 0.1542915 -0.9730899 0.15944
vn 0.1189426 -0.9438362 0.302319
vn 0.03403977 0.7258674 0.6855243
vn -0.0005299449 0.7326757 0.6790657
vn -0.08058754 0.9087199 0.4055687
vn 0.00771907 0.9018357 0.4283398
vn 0.03403977 0.7258674 0.6855243
vn -0.08058754 0.9087199 0.4055687
vn 0.00771907 0.9018357 0.4283398
vn -0.08058754 0.9087199 0.4055687
vn -0.1125531 0.9071933 0.4013341
vn 0.08851504 0.9939139 -0.01893634
vn 0.00771907 0.9018357 0.4283398
vn -0.1125531 0.9071933 0.4013341
vn 0.1114268 -0.4241655 0.8982515
vn 0.1629445 -0.4943069 0.8532184
vn 0.1842702 -0.4387319 0.8789844
vn 0.1645485 -0.3878501 0.9065045
vn 0.1114268 -0.4241655 0.8982515
vn 0.1842702 -0.4387319 0.8789844
vn 0.1612689 -0.9847652 0.01694506
vn 0.1632425 -0.984436 0.01692468
vn 0.1542915 -0.9730899 0.15944
vn 0.1596951 -0.9848904 0.02340025
vn 0.1612689 -0.9847652 0.01694506
vn 0.1542915 -0.9730899 0.15944
vn 0.1542915 -0.9730899 0.15944
vn 0.1632425 -0.984436 0.01692468
vn 0.06207889 -0.9793123 0.1823442
vn 0.1632425 -0.984436 0.01692468
vn -0.002693534 -0.9978497 0.01838255
vn 0.06207889 -0.9793123 0.1823442
vn -0.0005299449 0.7326757 0.6790657
vn -0.0885821 0.7278007 0.6785252
vn -0.2528308 0.8842546 0.3884081
vn -0.08058754 0.9087199 0.4055687
vn -0.0005299449 0.7326757 0.6790657
vn -0.2528308 0.8842546 0.3884081
vn 0.03403977 0.7258674 0.6855243
vn 0.06753623 0.529781 0.8448138
vn -0.0005299449 0.7326757 0.6790657
vn 0.02904953 0.4793351 0.8766663
vn 0.06538814 0.528713 0.8456535
vn -0.0005299449 0.7326757 0.6790657
vn 0.06538814 0.528713 0.8456535
vn 0.07566321 0.6660417 0.740917
vn -0.0885821 0.7278007 0.6785252
vn -0.0005299449 0.7326757 0.6790657
vn 0.06538814 0.528713 0.8456535
vn -0.0885821 0.7278007 0.6785252
vn -0.08058754 0.9087199 0.4055687
vn -0.2528308 0.8842546 0.3884081
vn -0.3250301 0.8718406 0.3617396
vn -0.1125531 0.9071933 0.4013341
vn -0.08058754 0.9087199 0.4055687
vn -0.2601689 0.8601586 0.4350697
vn 0.1629445 -0.4943069 0.8532184
vn 0.01830485 -0.831171 0.5531855
vn 0.2316822 -0.6356369 0.7351303
vn 0.1842702 -0.4387319 0.8789844
vn 0.1629445 -0.4943069 0.8532184
vn 0.3261826 -0.4598811 0.8251147
vn -0.002693534 -0.9978497 0.01838255
vn -0.1270227 -0.9897234 0.01914042
vn -0.1488108 -0.9562532 0.2443113
vn 0.06207889 -0.9793123 0.1823442
vn -0.002693534 -0.9978497 0.01838255
vn -0.1488108 -0.9562532 0.2443113
vn 0.06207889 -0.9793123 0.1823442
vn -0.1488108 -0.9562532 0.2443113
vn 0.01830485 -0.831171 0.5531855
vn 0.1189426 -0.9438362 0.302319
vn 0.06207889 -0.9793123 0.1823442
vn 0.01830485 -0.831171 0.5531855
vn -0.3891347 0.9157556 0.07779461
vn -0.3900149 0.9153824 0.07780784
vn -0.4942182 0.8373932 0.2253845
vn -0.5028028 0.7450009 0.4347362
vn -0.1638291 0.6971583 0.696536
vn -0.4942182 0.8373932 0.2253845
vn 0.02828896 0.9942242 0.08255899
vn 0.0275864 0.994246 0.08256364
vn 0.028382 0.9942213 0.08255839
vn -0.1638291 0.6971583 0.696536
vn 0.04131916 0.7413765 0.6682409
vn -0.06715378 0.5913253 0.8028011
vn -0.5028028 0.7450009 0.4347362
vn -0.4942182 0.8373932 0.2253845
vn -0.6391014 0.7162019 0.2738131
vn -0.5411842 0.7597486 0.3556429
vn -0.5028028 0.7450009 0.4347362
vn -0.6391014 0.7162019 0.2738131
vn -0.1500579 -0.821053 0.5482044
vn -0.2182879 -0.8850918 0.4069718
vn -0.03727961 -0.7245359 0.6866614
vn 0.1062187 -0.702805 0.7019373
vn -0.1500579 -0.821053 0.5482044
vn -0.03727961 -0.7245359 0.6866614
vn -0.3333836 -0.9404915 0.01974052
vn -0.2289742 -0.9712132 0.01954395
vn -0.2537026 -0.9308618 0.2557683
vn -0.250428 -0.91063 0.3232061
vn -0.3333836 -0.9404915 0.01974052
vn -0.2537026 -0.9308618 0.2557683
vn -0.250428 -0.91063 0.3232061
vn -0.2537026 -0.9308618 0.2557683
vn -0.2182879 -0.8850918 0.4069718
vn -0.1500579 -0.821053 0.5482044
vn -0.250428 -0.91063 0.3232061
vn -0.2182879 -0.8850918 0.4069718
vn -0.1188472 0.5066302 0.8533395
vn -0.1011234 0.666891 0.7370896
vn -0.1184368 0.5067331 0.8533347
vn -0.1318394 0.3263621 0.9357635
vn -0.1188472 0.5066302 0.8533395
vn -0.1184368 0.5067331 0.8533347
vn -0.4942182 0.8373932 0.2253845
vn -0.4028587 0.9086709 0.09011132
vn -0.4045947 0.9122322 -0.01383471
vn -0.6391014 0.7162019 0.2738131
vn -0.4942182 0.8373932 0.2253845
vn -0.4045947 0.9122322 -0.01383471
vn -0.4039997 0.9085872 0.0857318
vn -0.4057588 0.907681 0.08701956
vn -0.4028587 0.9086709 0.09011132
vn -0.4942182 0.8373932 0.2253845
vn -0.4039997 0.9085872 0.0857318
vn -0.4028587 0.9086709 0.09011132
vn -0.2289742 -0.9712132 0.01954395
vn 0.3391667 -0.9385175 0.01479596
vn 0.1404715 -0.987046 0.0455879
vn -0.2537026 -0.9308618 0.2557683
vn -0.2289742 -0.9712132 0.01954395
vn 0.1404715 -0.987046 0.0455879
vn -0.08063564 -0.9241269 0.3688371
vn 0.1152251 -0.9910744 -0.02389258
vn -0.03089854 -0.9963798 0.04839021
vn 0.1255724 -0.5953039 -0.7927453
vn 0.1259865 -0.5952119 -0.7927501
vn 0.1257743 -0.5952591 -0.7927476
vn -0.2537026 -0.9308618 0.2557683
vn 0.1404715 -0.987046 0.0455879
vn 0.1152251 -0.9910744 -0.02389258
vn -0.2182879 -0.8850918 0.4069718
vn -0.2537026 -0.9308618 0.2557683
vn 0.1152251 -0.9910744 -0.02389258
vn 0.2026102 -0.960947 0.1884974
vn 0.229219 -0.960193 -0.1596528
vn 0.2326283 -0.9713524 0.04857296
vn 0.2026102 -0.960947 0.1884974
vn 0.2326283 -0.9713524 0.04857296
vn 0.1424837 -0.9852231 0.09505188
vn 0.1495171 -0.7486769 0.3178406
vn 0.2401175 -0.8852938 0.02384889
vn 0.4064507 -0.8959211 0.05312771
vn 0.1930812 -0.9791053 -0.06382114
vn 0.1495171 -0.7486769 0.3178406
vn 0.4064507 -0.8959211 0.05312771
vn -0.3973412 0.5096493 -0.7610118
vn -0.616528 0.5904364 -0.5193278
vn -0.4881777 0.4240612 -0.7616896
vn -0.616528 0.5904364 -0.5193278
vn -0.7199018 0.5450449 -0.4259657
vn -0.4881777 0.4240612 -0.7616896
vn -0.6626316 0.734459 0.1465573
vn -0.8118939 0.5256345 -0.1299452
vn -0.5758162 0.7857597 0.2258435
vn -0.6626316 0.734459 0.1465573
vn -0.5758162 0.7857597 0.2258435
vn -0.8520054 0.5023074 0.1475354
vn 0.3055432 -0.7857018 -0.5378819
vn 0.3823281 -0.7539897 -0.5341586
vn 0.1770066 -0.9795569 0.09559232
vn 0.1770066 -0.9795569 0.09559232
vn 0.142361 -0.9898153 5.960464E-08
vn 0.3055432 -0.7857018 -0.5378819
vn 0.2274118 -0.8367342 -0.3863018
vn 0.3055432 -0.7857018 -0.5378819
vn 0.142361 -0.9898153 5.960464E-08
vn -0.1440437 0.9613655 -0.04891986
vn -0.1512029 0.8710332 -0.100944
vn -0.6302096 0.6029069 -0.1793911
vn -0.1512029 0.8710332 -0.100944
vn -0.5931496 0.6049917 -0.1273839
vn -0.6302096 0.6029069 -0.1793911
vn 0.4443416 -0.7352561 -0.3208773
vn 0.2650611 -0.7712835 -0.4222987
vn 0.3938526 -0.8859893 -0.03127265
vn 0.2650611 -0.7712835 -0.4222987
vn 0.2274118 -0.8367342 -0.3863018
vn 0.3938526 -0.8859893 -0.03127265
vn 0.9261036 -0.3749618 -0.04165456
vn 0.9750229 -0.1060626 -0.195141
vn 0.9558157 -0.2748723 -0.1042134
vn 0.9750229 -0.1060626 -0.195141
vn 0.986217 -0.0001554489 -0.1652297
vn 0.9558157 -0.2748723 -0.1042134
vn -1.069903E-05 0.2348928 -0.9720224
vn -1.098216E-05 0.2348926 -0.9720222
vn -1.037121E-05 0.2348928 -0.9720223
vn -1.098216E-05 0.2348926 -0.9720222
vn -1.069903E-05 0.2348928 -0.9720224
vn -1.083314E-05 0.2348928 -0.9720224
vn -1.098216E-05 0.2348926 -0.9720222
vn -1.083314E-05 0.2348928 -0.9720224
vn -1.102686E-05 0.2348925 -0.9720221
vn -1.110882E-05 0.2348924 -0.9720221
vn -1.098216E-05 0.2348926 -0.9720222
vn -1.102686E-05 0.2348925 -0.9720221
vn -1.092255E-05 0.2348931 -0.9720223
vn -1.098216E-05 0.2348926 -0.9720222
vn -1.110882E-05 0.2348924 -0.9720221
vn -1.110882E-05 0.2348924 -0.9720221
vn -1.110137E-05 0.2348925 -0.9720221
vn -1.092255E-05 0.2348931 -0.9720223
vn -1.087785E-05 0.2348929 -0.9720222
vn -1.063198E-05 0.234893 -0.9720227
vn -1.092255E-05 0.2348931 -0.9720223
vn -1.098216E-05 0.2348926 -0.9720222
vn -1.092255E-05 0.2348931 -0.9720223
vn -1.063198E-05 0.234893 -0.9720227
vn -0.9902376 0.116692 0.07623176
vn -0.9228712 0.3840169 -0.02897659
vn -0.9010481 0.4151675 0.1254903
vn -0.9914507 0.1247124 -0.03836522
vn -0.9228712 0.3840169 -0.02897659
vn -0.9902376 0.116692 0.07623176
vn 0.2026102 -0.960947 0.1884974
vn 0.1711122 -0.9397838 0.2958513
vn 0.1770066 -0.9795569 0.09559232
vn 0.1711122 -0.9397838 0.2958513
vn 0.1670837 -0.9108142 0.3774942
vn 0.1770066 -0.9795569 0.09559232
vn 0.1770066 -0.9795569 0.09559232
vn 0.1184634 -0.9840507 -0.132709
vn -0.01185423 -0.9999303 1.788139E-07
vn -0.03197056 -0.6568043 -0.7533838
vn 0.1080145 -0.5911934 -0.799265
vn 0.08862138 -0.6820238 -0.6347342
vn 0.08862138 -0.6820238 -0.6347342
vn 0.07016808 -0.582359 -0.6615255
vn -0.03197056 -0.6568043 -0.7533838
vn 0.6500889 0.7598584 -0.0004668236
vn 0.2356285 0.9708704 0.04348594
vn 0.6729267 0.7396689 0.007235944
vn 0.2356285 0.9708704 0.04348594
vn 0.2072213 0.9740351 0.09110588
vn 0.6729267 0.7396689 0.007235944
vn -0.1512029 0.8710332 -0.100944
vn -0.1440437 0.9613655 -0.04891986
vn 0.2049029 0.9787441 -0.008719444
vn 0.2660772 0.9630812 0.04097044
vn -0.1512029 0.8710332 -0.100944
vn 0.2049029 0.9787441 -0.008719444
vn -0.1082998 0.9918206 0.06747878
vn 0.118688 0.9927516 0.01870263
vn 0.1669642 0.9762762 0.1377925
vn 0.01768154 0.9958659 0.08899403
vn -0.1082998 0.9918206 0.06747878
vn 0.1669642 0.9762762 0.1377925
vn -0.8953537 0.1421446 -0.4220619
vn -0.8538382 0.2624629 -0.4495256
vn -0.9844242 0.175808 5.215406E-07
vn -0.9844242 0.175808 5.215406E-07
vn -0.8538382 0.2624629 -0.4495256
vn -0.9216465 0.3880298 4.172325E-07
vn 0.08862138 -0.6820238 -0.6347342
vn 0.2274118 -0.8367342 -0.3863018
vn 0.07016808 -0.582359 -0.6615255
vn 0.2274118 -0.8367342 -0.3863018
vn 0.2650611 -0.7712835 -0.4222987
vn 0.07016808 -0.582359 -0.6615255
vn -0.5058874 -0.6632683 -0.5515014
vn -0.02736989 -0.7208509 -0.6925508
vn -0.3475648 -0.7506017 -0.5619578
vn -0.5058874 -0.6632683 -0.5515014
vn -0.3475648 -0.7506017 -0.5619578
vn -0.5049285 -0.6581451 -0.5584739
vn -0.04469167 0.1847463 -0.9816079
vn 0.1086427 0.2469335 -0.9627528
vn 0.1788204 0.1083196 -0.9777856
vn -0.04469167 0.1847463 -0.9816079
vn 0.06687529 0.27267 -0.9595942
vn 0.1086427 0.2469335 -0.9627528
vn 0.7117895 0.6993668 -0.01806492
vn 0.536343 0.8414565 -0.0193994
vn 0.5701621 0.7892647 -0.2195997
vn 0.6626415 0.7109982 -0.2272513
vn 0.7117895 0.6993668 -0.01806492
vn 0.5701621 0.7892647 -0.2195997
vn 0.08538216 0.6005369 -0.7946833
vn 0.117235 0.547711 -0.828154
vn 0.1116751 0.4684502 -0.8761901
vn 0.08538216 0.6005369 -0.7946833
vn 0.2768639 0.743119 -0.6086632
vn 0.117235 0.547711 -0.828154
vn 0.1930812 -0.9791053 -0.06382114
vn 0.4683975 -0.8618141 -0.1946144
vn 0.3966737 -0.9024664 -0.1678888
vn 0.4683975 -0.8618141 -0.1946144
vn 0.4025319 -0.8978634 -0.1783061
vn 0.3966737 -0.9024664 -0.1678888
vn 0.5124893 -0.8438004 -0.1592001
vn 0.4025319 -0.8978634 -0.1783061
vn 0.4683975 -0.8618141 -0.1946144
vn -0.1654885 0.5690657 -0.8054681
vn -0.3225545 0.2276955 -0.918757
vn -0.160839 0.6215078 -0.7667202
vn -0.160839 0.6215078 -0.7667202
vn -0.3225545 0.2276955 -0.918757
vn -0.5243618 0.4086677 -0.7470179
vn 0.5954369 0.1184328 -0.5431373
vn 0.2851628 0.3565622 -0.5526883
vn 0.1897203 -0.3950588 -0.8988521
vn 0.5954369 0.1184328 -0.5431373
vn 0.1897203 -0.3950588 -0.8988521
vn 0.6726348 -0.1007639 -0.5469176
vn 0.06851823 -0.2439924 -0.9673541
vn 0.1723951 -0.3741645 -0.9111981
vn -0.01141921 -0.4900953 -0.8715948
vn -0.01141921 -0.4900953 -0.8715948
vn -0.09547962 -0.3476309 -0.932758
vn 0.06851823 -0.2439924 -0.9673541
vn 0.6726348 -0.1007639 -0.5469176
vn 0.7689233 -0.3245905 -0.4178658
vn 0.6147512 -0.445299 -0.4644276
vn 0.5954369 0.1184328 -0.5431373
vn 0.6726348 -0.1007639 -0.5469176
vn 0.6147512 -0.445299 -0.4644276
vn -0.7190473 0.6502737 -0.2451832
vn -0.7400925 0.6534863 -0.1588027
vn -0.7813313 0.5977495 -0.1794886
vn -0.7813313 0.5977495 -0.1794886
vn -0.7400925 0.6534863 -0.1588027
vn -0.7465575 0.647914 -0.1511781
vn -0.7509357 0.586943 -0.3026437
vn -0.6347451 0.7415508 -0.21112
vn -0.6328915 0.7145125 -0.2974777
vn -0.7509357 0.586943 -0.3026437
vn -0.6328915 0.7145125 -0.2974777
vn -0.7385836 0.6208081 -0.2628516
vn 0.8762267 0.481831 0.00789839
vn 0.9068007 0.4215084 -0.00638622
vn 0.8630317 0.4994391 -0.07573843
vn 0.6729267 0.7396689 0.007235944
vn 0.9068007 0.4215084 -0.00638622
vn 0.8762267 0.481831 0.00789839
vn 0.1424837 -0.9852231 0.09505188
vn 0.2326283 -0.9713524 0.04857296
vn 0.0485402 -0.9916583 -0.1194101
vn 0.0485402 -0.9916583 -0.1194101
vn 0.2326283 -0.9713524 0.04857296
vn 0.229219 -0.960193 -0.1596528
vn -0.792177 0.3466325 -0.5022953
vn -0.6567758 0.4074384 -0.6345382
vn -0.763835 0.3694505 -0.5292089
vn -0.792177 0.3466325 -0.5022953
vn -0.763835 0.3694505 -0.5292089
vn -0.8538382 0.2624629 -0.4495256
vn -0.7619928 0.1406897 -0.6321177
vn -0.697798 0.03678018 -0.7153493
vn -0.6632203 0.1629634 -0.7304662
vn -0.7619928 0.1406897 -0.6321177
vn -0.6632203 0.1629634 -0.7304662
vn -0.7525756 0.3128767 -0.5794284
vn -0.5243618 0.4086677 -0.7470179
vn -0.3225545 0.2276955 -0.918757
vn -0.6883223 0.09060723 -0.7197241
vn -0.5052655 -0.1786146 -0.8442772
vn -0.6883223 0.09060723 -0.7197241
vn -0.3225545 0.2276955 -0.918757
vn -0.09798965 -0.9279578 0.3595743
vn 0.08972037 -0.9517818 0.2933646
vn -0.05680531 -0.9815416 0.1826214
vn -0.05680531 -0.9815416 0.1826214
vn -0.3249706 -0.8945404 0.306909
vn -0.09798965 -0.9279578 0.3595743
vn -0.5183799 -0.8448424 0.132313
vn -0.7116163 -0.7020962 0.02553004
vn -0.4974632 -0.8658971 -0.05229646
vn -0.5607701 -0.812969 0.1568707
vn -0.7116163 -0.7020962 0.02553004
vn -0.5183799 -0.8448424 0.132313
vn 0.8181148 0.5704333 -0.07275653
vn 0.8098743 0.5842828 -0.05212384
vn 0.8630317 0.4994391 -0.07573843
vn 0.8017234 0.5768092 -0.1566224
vn 0.8181148 0.5704333 -0.07275653
vn 0.8630317 0.4994391 -0.07573843
vn 0.9261036 -0.3749618 -0.04165456
vn 0.9558157 -0.2748723 -0.1042134
vn 0.6120725 -0.7907168 -0.01158148
vn 0.9261036 -0.3749618 -0.04165456
vn 0.6120725 -0.7907168 -0.01158148
vn 0.7710679 -0.6363496 -0.02257359
vn -0.5963928 0.3003312 0.7421581
vn -0.501052 0.1030089 0.8592647
vn -0.3852553 0.2171898 0.896888
vn -0.7078403 -0.1280599 0.6917616
vn -0.501052 0.1030089 0.8592647
vn -0.5963928 0.3003312 0.7421581
vn 0.4877171 -0.8605087 -0.03545749
vn 0.8647332 -0.4952596 -0.08338666
vn 0.6171185 -0.7766898 -0.1261648
vn 0.4726363 -0.8418454 -0.08451706
vn 0.8647332 -0.4952596 -0.08338666
vn 0.4877171 -0.8605087 -0.03545749
vn 0.8927582 -0.4299433 -0.1346492
vn 0.9780984 -0.1843267 -0.09667429
vn 0.9859509 -0.07947911 -0.1469094
vn 0.973866 -0.1658216 -0.155198
vn 0.8927582 -0.4299433 -0.1346492
vn 0.9859509 -0.07947911 -0.1469094
vn 0.8126245 0.4208616 0.2981766
vn 0.5882763 0.6992074 0.2196602
vn 0.6119152 0.7840881 0.1037606
vn 0.8181412 0.5621133 0.1211334
vn 0.8126245 0.4208616 0.2981766
vn 0.6119152 0.7840881 0.1037606
vn 0.8647332 -0.4952596 -0.08338666
vn 0.9752254 -0.2181394 -0.03673044
vn 0.9780984 -0.1843267 -0.09667429
vn 0.8647332 -0.4952596 -0.08338666
vn 0.9762974 -0.2044784 -0.0390929
vn 0.9752254 -0.2181394 -0.03673044
vn -0.27999 -0.9330908 -0.2257179
vn -0.05680531 -0.9815416 0.1826214
vn 0.0485402 -0.9916583 -0.1194101
vn -0.05680531 -0.9815416 0.1826214
vn 0.1424837 -0.9852231 0.09505188
vn 0.0485402 -0.9916583 -0.1194101
vn 0.2505323 -0.1082518 -0.961935
vn 0.2528211 -0.08053732 -0.9640167
vn 0.1954504 -0.07539433 -0.9777049
vn 0.2607203 -0.1538053 -0.9529034
vn 0.2505323 -0.1082518 -0.961935
vn 0.1954504 -0.07539433 -0.9777049
vn 0.01347673 -0.07936418 -0.9967551
vn -0.09547962 -0.3476309 -0.932758
vn -0.209718 -0.2553192 -0.9438387
vn -0.09547962 -0.3476309 -0.932758
vn -0.1902655 -0.4863831 -0.8527788
vn -0.209718 -0.2553192 -0.9438387
vn 0.7603254 -0.306386 -0.570436
vn 0.4188407 -0.3340552 -0.8437223
vn 0.8071268 -0.3436033 -0.4769062
vn 0.439824 0.4672769 -0.7658397
vn 0.5563778 0.6108531 -0.5608539
vn 0.2332458 0.7086985 -0.6641335
vn 0.3823286 -0.7539896 0.5341586
vn 0.1770065 -0.979557 -0.09559214
vn 0.229219 -0.9601929 0.1596528
vn 0.4534599 -0.3802666 0.8060845
vn 0.3266459 -0.8847086 0.3325568
vn 0.3823286 -0.7539896 0.5341586
vn 0.229219 -0.9601929 0.1596528
vn 0.1770065 -0.979557 -0.09559214
vn 0.2026101 -0.9609469 -0.1884973
vn 0.3417282 -0.3499968 0.8721957
vn 0.2689041 -0.6472078 0.7133117
vn 0.4534599 -0.3802666 0.8060845
vn 0.1080153 -0.5911932 0.799265
vn 0.2689041 -0.6472078 0.7133117
vn 0.3417282 -0.3499968 0.8721957
vn 0.08972019 -0.9517819 -0.2933643
vn 0.1322939 -0.9380234 -0.3203303
vn -0.09799007 -0.927958 -0.359574
vn 0.7878023 0.5706863 -0.2235041
vn 0.8296131 0.2936546 -0.4716354
vn 0.8112518 0.5411423 -0.2127997
vn 0.8661324 -0.392941 0.305904
vn 0.9814653 -0.1865849 -0.003729776
vn 0.8738981 -0.4840066 0.002529234
vn 0.7931995 0.1475155 -0.5886559
vn 0.8296131 0.2936546 -0.4716354
vn 0.7301156 0.08352947 -0.6766136
vn 0.03447393 0.9728799 -0.2203912
vn 0.1192978 0.9225632 -0.3622314
vn 0.07228282 0.9946429 0.03967112
vn 0.8296131 0.2936546 -0.4716354
vn 0.9485357 0.2113401 -0.2278178
vn 0.8112518 0.5411423 -0.2127997
vn 0.3566393 0.7392007 0.5690979
vn 0.1678328 0.754348 0.6328801
vn 0.1171086 0.6444083 0.7546282
vn 0.3254328 0.1753986 0.928888
vn 0.7022249 0.2363281 0.6700096
vn 0.086842 0.2646729 0.9602834
vn 0.3086518 0.9275233 0.2017004
vn 0.3459694 0.9073597 0.2308782
vn 0.3515954 0.9338338 -0.01975089
vn 0.3515954 0.9338338 -0.01975089
vn 0.3459694 0.9073597 0.2308782
vn 0.3308141 0.9161521 0.2179546
vn 0.1400577 -0.9880927 -0.01128739
vn 0.4991401 -0.8502573 0.1551492
vn 0.3391667 -0.9385175 0.01479596
vn 0.4991401 -0.8502573 0.1551492
vn 0.5911165 -0.8040773 0.01048321
vn 0.3391667 -0.9385175 0.01479596
vn 0.7022249 0.2363281 0.6700096
vn 0.8461342 0.3492411 0.3985429
vn 0.8796196 0.290125 0.3724874
vn 0.8625218 0.4140454 0.2846942
vn 0.8796196 0.290125 0.3724874
vn 0.8461342 0.3492411 0.3985429
vn 0.1592631 0.358179 0.9196718
vn 0.1146638 0.2529946 0.9605129
vn 0.1589302 0.3583305 0.9196713
vn 0.5730911 0.7966583 0.1820708
vn 0.627303 0.7477365 0.2090576
vn 0.536343 0.8414565 -0.0193994
vn 0.1589302 0.3583305 0.9196713
vn 0.05645749 0.5306624 0.8450857
vn 0.1592631 0.358179 0.9196718
vn 0.4727217 -0.844264 0.02755082
vn 0.2211504 -0.8748839 -0.1842853
vn 0.4877188 -0.8593112 -0.02124226
vn 0.4727217 -0.844264 0.02755082
vn 0.5954758 -0.6918399 0.03547662
vn 0.2211504 -0.8748839 -0.1842853
vn 0.6349949 -0.7666814 0.09347171
vn 0.6188035 -0.7720947 0.1411847
vn 0.8928878 -0.4374915 0.1065432
vn 0.8928878 -0.4374915 0.1065432
vn 0.8647993 -0.4994845 0.05134034
vn 0.6172175 -0.7830375 0.076774
vn 0.6172175 -0.7830375 0.076774
vn 0.6349949 -0.7666814 0.09347171
vn 0.8928878 -0.4374915 0.1065432
vn 0.2211504 -0.8748839 -0.1842853
vn 0.4063527 -0.8908517 -0.110259
vn 0.4877188 -0.8593112 -0.02124226
vn 0.6172175 -0.7830375 0.076774
vn 0.4877188 -0.8593112 -0.02124226
vn 0.4063527 -0.8908517 -0.110259
vn 0.4063527 -0.8908517 -0.110259
vn 0.4685416 -0.8707299 0.1472552
vn 0.6172175 -0.7830375 0.076774
vn 0.4685416 -0.8707299 0.1472552
vn 0.6349949 -0.7666814 0.09347171
vn 0.6172175 -0.7830375 0.076774
vn 0.4238851 -0.9003641 0.08699059
vn 0.4025854 -0.9025937 0.1464909
vn 0.2911347 -0.9440578 0.1478901
vn 0.6188035 -0.7720947 0.1411847
vn 0.4025854 -0.9025937 0.1464909
vn 0.4238851 -0.9003641 0.08699059
vn 0.7707906 -0.6346812 0.05136919
vn 0.6188035 -0.7720947 0.1411847
vn 0.4238851 -0.9003641 0.08699059
vn 0.4238851 -0.9003641 0.08699059
vn 0.2911347 -0.9440578 0.1478901
vn 0.4537621 -0.8907428 0.003900766
vn 0.4476053 -0.8936248 0.02047461
vn 0.4238851 -0.9003641 0.08699059
vn 0.4537621 -0.8907428 0.003900766
vn 0.6116766 -0.7890709 0.0567416
vn 0.4476053 -0.8936248 0.02047461
vn 0.4537621 -0.8907428 0.003900766
vn 0.5531118 -0.6079091 0.3138262
vn 0.9007536 -0.1237653 0.3086472
vn 0.4994969 -0.6197276 0.3697547
vn 0.2823076 -0.8119382 0.3379891
vn 0.5531118 -0.6079091 0.3138262
vn 0.4994969 -0.6197276 0.3697547
vn 0.8647993 -0.4994845 0.05134034
vn 0.5954758 -0.6918399 0.03547662
vn 0.4727217 -0.844264 0.02755082
vn 0.4685416 -0.8707299 0.1472552
vn 0.6188035 -0.7720947 0.1411847
vn 0.6349949 -0.7666814 0.09347171
vn 0.5954758 -0.6918399 0.03547662
vn 0.8314527 -0.5093835 0.05724204
vn 0.7246986 -0.5489663 -0.1771718
vn -0.4556674 -0.8768752 -0.001300335
vn -0.5783867 -0.7226758 -0.1487288
vn -0.6280643 -0.7750958 0.06601816
vn 0.1678328 0.754348 0.6328801
vn 0.03705156 0.4683878 0.8822946
vn 0.1171086 0.6444083 0.7546282
vn 0.3291067 0.6810946 0.6538182
vn 0.3284344 0.5235057 0.785979
vn 0.4247745 0.6927902 0.5827595
vn 0.2818243 0.3565285 0.8906637
vn 0.3284344 0.5235057 0.785979
vn 0.3719997 0.1940527 0.9075713
vn 0.2818243 0.3565285 0.8906637
vn 0.2060333 0.02513784 0.9781868
vn 0.2966712 0.1135945 0.9481117
vn 0.08550349 0.3105351 0.9461406
vn -0.04986183 0.4088726 0.9109357
vn 0.1215327 0.2792749 0.9522897
vn -0.04986183 0.4088726 0.9109357
vn -0.3878271 0.5335129 0.7500654
vn -0.07297584 0.7543728 0.6518349
vn -0.04986183 0.4088726 0.9109357
vn 0.1079307 0.4472588 0.8876032
vn 0.1215327 0.2792749 0.9522897
vn -0.6090486 0.609305 0.5061929
vn -0.4943357 0.7350192 0.4633235
vn -0.3878271 0.5335129 0.7500654
vn -0.4943357 0.7350192 0.4633235
vn -0.4748666 0.8088276 0.3459186
vn -0.09999359 0.931787 0.3489645
vn -0.7622986 0.4361902 0.4764139
vn -0.7137454 0.5605561 0.4160827
vn -0.4771168 0.4519392 0.7526135
vn -0.4943357 0.7350192 0.4633235
vn -0.09999359 0.931787 0.3489645
vn -0.07297584 0.7543728 0.6518349
vn -0.4943357 0.7350192 0.4633235
vn -0.07297584 0.7543728 0.6518349
vn -0.3878271 0.5335129 0.7500654
vn 0.3320708 0.8678433 0.3691647
vn 0.2803663 0.8671616 0.4116145
vn 0.4176284 0.8466187 0.3294457
vn 0.4141729 0.7908448 0.4505839
vn 0.180856 0.9112495 0.3700227
vn 0.352188 0.8472295 0.3977017
vn -0.09999359 0.931787 0.3489645
vn 0.180856 0.9112495 0.3700227
vn -0.07297584 0.7543728 0.6518349
vn 0.3291067 0.6810946 0.6538182
vn 0.4247745 0.6927902 0.5827595
vn 0.2803663 0.8671616 0.4116145
vn -0.685654 0.6520628 0.3207496
vn -0.4748666 0.8088276 0.3459186
vn -0.4943357 0.7350192 0.4633235
vn 0.4949026 0.8194262 0.2877183
vn 0.3320708 0.8678433 0.3691647
vn 0.4176284 0.8466187 0.3294457
vn 0.2803663 0.8671616 0.4116145
vn 0.4481483 0.7985358 0.401876
vn 0.4176284 0.8466187 0.3294457
vn 0.2803663 0.8671616 0.4116145
vn 0.5039392 0.7327108 0.4573622
vn 0.4481483 0.7985358 0.401876
vn 0.4481483 0.7985358 0.401876
vn 0.5039392 0.7327108 0.4573622
vn 0.352188 0.8472295 0.3977017
vn 0.5039392 0.7327108 0.4573622
vn 0.4141729 0.7908448 0.4505839
vn 0.352188 0.8472295 0.3977017
vn 0.180856 0.9112495 0.3700227
vn 0.02296999 0.9870207 0.1589469
vn 0.352188 0.8472295 0.3977017
vn 0.180856 0.9112495 0.3700227
vn 0.1707327 0.9011641 0.3984404
vn -0.07297584 0.7543728 0.6518349
vn 0.6609133 0.5878593 0.4664914
vn 0.4141729 0.7908448 0.4505839
vn 0.4247745 0.6927902 0.5827595
vn -0.4716494 0.8815069 -0.01278156
vn -0.4748666 0.8088276 0.3459186
vn -0.685654 0.6520628 0.3207496
vn 0.9392315 -0.3195228 -0.02238944
vn 0.8578705 -0.3749925 0.2585921
vn 0.6534914 -0.6958789 -0.05753613
vn 0.7690262 -0.3309028 0.4223869
vn 0.6150713 -0.4298943 0.516202
vn 0.4558658 -0.1559603 0.6664327
vn 0.7690262 -0.3309028 0.4223869
vn 0.6149019 -0.4543958 0.4694376
vn 0.8578705 -0.3749925 0.2585921
vn 0.9392315 -0.3195228 -0.02238944
vn 0.9894178 -0.1372735 -0.007366747
vn 0.8578705 -0.3749925 0.2585921
vn 0.7690262 -0.3309028 0.4223869
vn 0.8578705 -0.3749925 0.2585921
vn 0.622866 -0.5788393 0.4043576
vn -0.5743575 -0.8112077 -0.1098035
vn -0.6829493 -0.7304665 4.768372E-07
vn -0.9014419 -0.432873 -0.004859239
vn -0.9764044 0.2016674 -0.07722828
vn -0.9677248 -0.0263623 0.2506262
vn -0.9014419 -0.432873 -0.004859239
vn -0.6274467 -0.5439862 0.5571272
vn -0.7659285 -0.5131851 0.3872921
vn -0.4311883 -0.2260766 0.87348
vn -0.6274467 -0.5439862 0.5571272
vn -0.1658859 -0.9537243 0.2507844
vn -0.7659285 -0.5131851 0.3872921
vn -0.6829493 -0.7304665 4.768372E-07
vn -0.9518982 -0.3064148 0.0001562834
vn -0.9014419 -0.432873 -0.004859239
vn -0.9677248 -0.0263623 0.2506262
vn -0.7659285 -0.5131851 0.3872921
vn -0.9014419 -0.432873 -0.004859239
vn 0.1348682 -0.7832232 0.6069376
vn 0.05438548 -0.6927889 0.7190877
vn 0.08038996 -0.5866171 0.8058654
vn -0.8520004 0.500448 -0.1511394
vn -0.7536361 0.6554821 -0.04362589
vn -0.9753399 0.2025886 0.08718131
vn -0.2868921 0.9482695 -0.129102
vn -0.7536361 0.6554821 -0.04362589
vn -0.8520004 0.500448 -0.1511394
vn 0.142361 -0.9898153 5.960464E-08
vn -0.01185423 -0.9999303 1.788139E-07
vn 0.1770065 -0.979557 -0.09559214
vn 0.5748489 0.8156846 -0.01920629
vn 0.4536043 0.7845644 0.4189875
vn 0.627303 0.7477365 0.2090576
vn -0.6855422 0.382332 0.5007674
vn -0.6250422 0.5589557 0.1046154
vn -0.7187266 0.3944975 0.3016664
vn -0.6250422 0.5589557 0.1046154
vn -0.1463432 0.7578962 0.1076136
vn -0.5932106 0.6089119 0.1648537
vn -0.1463432 0.7578962 0.1076136
vn -0.151163 0.8701911 0.1556029
vn -0.5932106 0.6089119 0.1648537
vn 0.6035938 -0.6371336 0.2516873
vn 0.6534914 -0.6958789 -0.05753613
vn 0.6149019 -0.4543958 0.4694376
vn 0.7690262 -0.3309028 0.4223869
vn 0.622866 -0.5788393 0.4043576
vn 0.6150713 -0.4298943 0.516202
vn 0.8578705 -0.3749925 0.2585921
vn 0.6149019 -0.4543958 0.4694376
vn 0.6534914 -0.6958789 -0.05753613
vn -0.5333159 -0.6102824 -0.3405159
vn -0.5672866 -0.6360145 -0.2314471
vn -0.5783867 -0.7226758 -0.1487288
vn -0.6280643 -0.7750958 0.06601816
vn -0.7956899 -0.5969384 0.1006644
vn -0.7117611 -0.6999786 -0.04890078
vn -0.5672866 -0.6360145 -0.2314471
vn -0.6280643 -0.7750958 0.06601816
vn -0.5783867 -0.7226758 -0.1487288
vn -0.5188636 -0.8470875 -0.1077588
vn -0.442889 -0.8939106 -0.06592143
vn -0.3664019 -0.9291699 -0.04100931
vn -0.4556674 -0.8768752 -0.001300335
vn -0.6280643 -0.7750958 0.06601816
vn -0.5700157 -0.8206442 -0.009004831
vn -0.02667248 -0.7531747 -0.3550565
vn -0.5783867 -0.7226758 -0.1487288
vn -0.4556674 -0.8768752 -0.001300335
vn 0.5173931 0.2378539 0.5696425
vn 0.4142041 0.5046225 0.5575389
vn 0.4801857 0.4775084 0.5528233
vn -0.442889 -0.8939106 -0.06592143
vn -0.4199783 -0.9045669 0.0733434
vn -0.2857192 -0.9538152 0.09275621
vn -0.442889 -0.8939106 -0.06592143
vn -0.2857192 -0.9538152 0.09275621
vn -0.3664019 -0.9291699 -0.04100931
vn -0.5188636 -0.8470875 -0.1077588
vn -0.3664019 -0.9291699 -0.04100931
vn -0.5700157 -0.8206442 -0.009004831
vn -0.6280643 -0.7750958 0.06601816
vn -0.7117611 -0.6999786 -0.04890078
vn -0.5700157 -0.8206442 -0.009004831
vn -0.5207909 -0.2446007 -0.5530075
vn -0.5672866 -0.6360145 -0.2314471
vn -0.5333159 -0.6102824 -0.3405159
vn 0.6736714 -0.7320649 0.09375232
vn 0.5345663 -0.8285989 0.1663246
vn 0.5349193 -0.8186094 0.1728047
vn 0.8947492 -0.4171275 0.1594632
vn 0.6116766 -0.7890709 0.0567416
vn 0.5349193 -0.8186094 0.1728047
vn 0.773258 -0.4581009 0.43475
vn 0.8555927 -0.4082668 0.3125976
vn 0.7718399 -0.5445681 0.3227481
vn 0.8640537 -0.49946 0.002913058
vn 0.7718399 -0.5445681 0.3227481
vn 0.8555927 -0.4082668 0.3125976
vn 0.8542871 -0.498059 0.1351092
vn 0.8640537 -0.49946 0.002913058
vn 0.8555927 -0.4082668 0.3125976
vn 0.8647993 -0.4994845 0.05134034
vn 0.8314527 -0.5093835 0.05724204
vn 0.5954758 -0.6918399 0.03547662
vn 0.8314527 -0.5093835 0.05724204
vn 0.9763386 -0.2058503 0.02363911
vn 0.9296463 -0.3158795 -0.09547918
vn 0.9496846 -0.2715264 0.149626
vn 0.9746048 0.06673113 0.2079422
vn 0.9773755 -0.2001961 -0.04986806
vn 0.1041182 -0.9466851 0.2988759
vn 0.5312178 -0.8448276 0.01168454
vn 0.1019772 -0.9926528 0.01752317
vn 0.9984675 -0.007089974 -0.007155219
vn 0.9986715 -0.01575447 0.001937769
vn 0.9842407 0.165232 -0.02005719
vn -0.5427316 -0.8375567 0.01937282
vn -0.6800636 -0.5836287 0.440348
vn -0.5279801 -0.7557678 0.3831007
vn -0.5427316 -0.8375567 0.01937282
vn -0.5279801 -0.7557678 0.3831007
vn -0.4341159 -0.8516405 0.2873958
vn -0.4341159 -0.8516405 0.2873958
vn -0.4024792 -0.8833854 0.232133
vn -0.2344273 -0.9699236 0.0195601
vn 0.7718399 -0.5445681 0.3227481
vn 0.5312178 -0.8448276 0.01168454
vn 0.472682 -0.7684334 0.427585
vn 0.1041182 -0.9466851 0.2988759
vn 0.1019772 -0.9926528 0.01752317
vn -0.2344273 -0.9699236 0.0195601
vn -0.4024792 -0.8833854 0.232133
vn -0.1525962 -0.9502342 0.264726
vn -0.2344273 -0.9699236 0.0195601
vn 0.8640537 -0.49946 0.002913058
vn 0.5312178 -0.8448276 0.01168454
vn 0.7718399 -0.5445681 0.3227481
vn 0.8474957 -0.3198834 0.4197334
vn 0.8555927 -0.4082668 0.3125976
vn 0.773258 -0.4581009 0.43475
vn 0.626355 -0.6150161 0.475774
vn 0.7718399 -0.5445681 0.3227481
vn 0.472682 -0.7684334 0.427585
vn 0.626355 -0.6150161 0.475774
vn 0.773258 -0.4581009 0.43475
vn 0.7718399 -0.5445681 0.3227481
vn 0.04963269 -0.2975172 0.9532166
vn 0.05723723 -0.2797711 0.9581722
vn 0.1705285 -0.2222804 0.9597811
vn -0.5279801 -0.7557678 0.3831007
vn -0.6800636 -0.5836287 0.440348
vn -0.5776227 -0.6678672 0.4660214
vn -0.1525962 -0.9502342 0.264726
vn -0.2478908 -0.8830939 0.3941078
vn 0.1041182 -0.9466851 0.2988759
vn 0.626355 -0.6150161 0.475774
vn 0.472682 -0.7684334 0.427585
vn 0.2852291 -0.8295495 0.4768666
vn 0.9773812 -0.1036324 0.1737788
vn 0.9923866 0.02829564 -0.1037321
vn 0.9878584 0.1050614 0.0001970828
vn -0.4024792 -0.8833854 0.232133
vn -0.4341159 -0.8516405 0.2873958
vn -0.2478908 -0.8830939 0.3941078
vn -0.4024792 -0.8833854 0.232133
vn -0.2478908 -0.8830939 0.3941078
vn -0.1525962 -0.9502342 0.264726
vn 0.1041182 -0.9466851 0.2988759
vn 0.2852291 -0.8295495 0.4768666
vn 0.472682 -0.7684334 0.427585
vn 0.1041182 -0.9466851 0.2988759
vn -0.2344273 -0.9699236 0.0195601
vn -0.1525962 -0.9502342 0.264726
vn 0.952221 -0.2703272 0.1282447
vn 0.9773812 -0.1036324 0.1737788
vn 0.9109592 -0.2480389 0.3116092
vn 0.9170372 0.377199 -0.06904125
vn 0.9878584 0.1050614 0.0001970828
vn 0.9973053 -0.04729606 -0.02338504
vn 0.9007536 -0.1237653 0.3086472
vn 0.9775611 -0.05959966 0.1379032
vn 0.9388074 -0.177071 0.1827363
vn 0.9957882 -0.06442143 0.01460538
vn 0.9775611 -0.05959966 0.1379032
vn 0.9973053 -0.04729606 -0.02338504
vn 0.9773812 -0.1036324 0.1737788
vn 0.9878584 0.1050614 0.0001970828
vn 0.9109592 -0.2480389 0.3116092
vn 0.9957882 -0.06442143 0.01460538
vn 0.9878584 0.1050614 0.0001970828
vn 0.9986715 -0.01575447 0.001937769
vn 0.9957882 -0.06442143 0.01460538
vn 0.9986715 -0.01575447 0.001937769
vn 0.9775611 -0.05959966 0.1379032
vn -0.6800636 -0.5836287 0.440348
vn -0.6808034 -0.5320363 0.5004543
vn -0.5776227 -0.6678672 0.4660214
vn 0.9007536 -0.1237653 0.3086472
vn 0.9388074 -0.177071 0.1827363
vn 0.7560247 -0.1840727 0.4393592
vn 0.9878584 0.1050614 0.0001970828
vn 0.9842407 0.165232 -0.02005719
vn 0.9986715 -0.01575447 0.001937769
vn 0.9878584 0.1050614 0.0001970828
vn 0.9957882 -0.06442143 0.01460538
vn 0.9973053 -0.04729606 -0.02338504
vn 0.9775611 -0.05959966 0.1379032
vn 0.9986715 -0.01575447 0.001937769
vn 0.9388074 -0.177071 0.1827363
vn 0.5954758 -0.6918399 0.03547662
vn 0.7246986 -0.5489663 -0.1771718
vn 0.6259533 -0.403295 -0.3778923
vn 0.6259533 -0.403295 -0.3778923
vn 0.566301 0.4286715 -0.699804
vn 0.5829967 -0.232846 -0.5303397
vn 0.5623856 -0.6771886 -0.05105388
vn 0.6259533 -0.403295 -0.3778923
vn 0.6345977 -0.5845748 -0.09499329
vn 0.5954758 -0.6918399 0.03547662
vn 0.6259533 -0.403295 -0.3778923
vn 0.5623856 -0.6771886 -0.05105388
vn 0.622866 -0.5788393 0.4043576
vn 0.6006766 -0.7563291 -0.0406757
vn 0.3938526 -0.8859893 -0.03127265
vn 0.8012086 -0.3818166 0.2752219
vn 0.7711164 -0.5562804 -0.07577801
vn 0.6035938 -0.6371336 0.2516873
vn 0.5996605 -0.3675023 0.5042591
vn 0.6035938 -0.6371336 0.2516873
vn 0.6149019 -0.4543958 0.4694376
vn 0.8578705 -0.3749925 0.2585921
vn 0.9894178 -0.1372735 -0.007366747
vn 0.622866 -0.5788393 0.4043576
vn 0.7560247 -0.1840727 0.4393592
vn 0.8012086 -0.3818166 0.2752219
vn 0.5996605 -0.3675023 0.5042591
vn 0.7711164 -0.5562804 -0.07577801
vn 0.6534914 -0.6958789 -0.05753613
vn 0.6035938 -0.6371336 0.2516873
vn 0.9296463 -0.3158795 -0.09547918
vn 0.9763386 -0.2058503 0.02363911
vn 0.9766347 -0.1463365 -0.1211074
vn 0.7106931 -0.1956167 -0.5051532
vn 0.566301 0.4286715 -0.699804
vn 0.7246986 -0.5489663 -0.1771718
vn 0.9763386 -0.2058503 0.02363911
vn 0.8314527 -0.5093835 0.05724204
vn 0.8647993 -0.4994845 0.05134034
vn 0.8314527 -0.5093835 0.05724204
vn 0.9296463 -0.3158795 -0.09547918
vn 0.7246986 -0.5489663 -0.1771718
vn 0.7246986 -0.5489663 -0.1771718
vn 0.9296463 -0.3158795 -0.09547918
vn 0.7106931 -0.1956167 -0.5051532
vn -0.1655642 -0.9654212 0.2013776
vn -0.2857192 -0.9538152 0.09275621
vn -0.2540134 -0.8739171 0.3947079
vn 0.9079138 0.4125775 0.07398373
vn 0.9070095 0.4206669 -0.01495078
vn 0.8633694 0.5024912 0.04579413
vn 0.9617546 -0.2596425 0.08725622
vn 0.9435972 -0.3308537 -0.005981445
vn 0.9259537 -0.3724526 0.06235752
vn 0.5826975 -0.8094661 0.07231134
vn 0.6116766 -0.7890709 0.0567416
vn 0.4537621 -0.8907428 0.003900766
vn -0.9011541 -0.3458477 0.2613643
vn -0.920169 -0.3822517 0.08469683
vn -0.940495 -0.3008718 0.1579426
vn -0.5188636 -0.8470875 -0.1077588
vn -0.8088418 -0.5758331 -0.1171295
vn -0.442889 -0.8939106 -0.06592143
vn -0.2857192 -0.9538152 0.09275621
vn -0.3238912 -0.8786815 0.3507359
vn -0.2540134 -0.8739171 0.3947079
vn -0.940495 -0.3008718 0.1579426
vn -0.920169 -0.3822517 0.08469683
vn -0.9753399 0.2025886 0.08718131
vn -0.8088418 -0.5758331 -0.1171295
vn -0.9271624 -0.3449178 -0.1456874
vn -0.920169 -0.3822517 0.08469683
vn 0.1348336 0.9901394 0.03802973
vn 0.03583962 0.9933773 0.1091768
vn 0.1005419 0.9910727 0.08757204
vn 0.5826975 -0.8094661 0.07231134
vn 0.5349193 -0.8186094 0.1728047
vn 0.6116766 -0.7890709 0.0567416
vn 0.1348336 0.9901394 0.03802973
vn 0.2683544 0.9590931 -0.08555698
vn 0.1692818 0.984141 0.05303538
vn 0.9435972 -0.3308537 -0.005981445
vn 0.7707906 -0.6346812 0.05136919
vn 0.9259537 -0.3724526 0.06235752
vn 0.8633694 0.5024912 0.04579413
vn 0.8804451 0.4729708 -0.02962992
vn 0.810231 0.585855 0.01735866
vn -0.2857192 -0.9538152 0.09275621
vn -0.4199783 -0.9045669 0.0733434
vn -0.3238912 -0.8786815 0.3507359
vn -0.7949954 0.6061214 0.02445567
vn -0.9037941 0.4263577 -0.03708541
vn -0.8658835 0.418341 -0.2742907
vn -0.7478798 -0.379184 -0.5448813
vn -0.6019498 -0.4959642 -0.6258406
vn -0.7014014 -0.6112933 -0.366548
vn -0.9046781 0.3950615 0.1596348
vn -0.9046775 0.3950621 0.1596394
vn -0.7949954 0.6061214 0.02445567
vn -0.9037941 0.4263577 -0.03708541
vn -0.9096567 0.3118299 -0.2743832
vn -0.8658835 0.418341 -0.2742907
vn -0.8985817 -0.2331812 0.3717218
vn -0.8901361 -0.2588765 0.3750222
vn -0.8794051 -0.1929772 0.4352096
vn -0.8985817 -0.2331812 0.3717218
vn -0.8794051 -0.1929772 0.4352096
vn -0.9133224 -0.1818407 0.3643854
vn -0.7949954 0.6061214 0.02445567
vn -0.783838 0.5122818 0.3509506
vn -0.9037941 0.4263577 -0.03708541
vn -0.511804 -0.1543297 -0.845127
vn -0.493048 -0.00734967 -0.8699713
vn -0.5818807 -0.09268641 -0.8079757
vn 0.8195981 -0.1299778 0.5118722
vn 0.9190444 0.1488638 0.2514307
vn 0.9400474 0.07810342 0.2714528
vn 0.9400474 0.07810342 0.2714528
vn 0.8748757 0.480235 -0.06299615
vn 0.9739251 -0.09416356 0.07577351
vn 0.9400474 0.07810342 0.2714528
vn 0.8629465 -0.2728777 0.3492404
vn 0.8195981 -0.1299778 0.5118722
vn -0.3679682 -0.6011163 0.7094074
vn -0.4445148 -0.5606802 0.6986027
vn -0.34285 -0.6396254 0.687992
vn 0.8949231 0.345158 0.06824115
vn 0.9431314 0.2195056 0.1944401
vn 0.9571552 0.2885205 0.0246923
vn 0.9204666 0.1892311 -0.2786407
vn 0.8949231 0.345158 0.06824115
vn 0.9571552 0.2885205 0.0246923
vn 0.9190444 0.1488638 0.2514307
vn 0.9431314 0.2195056 0.1944401
vn 0.8949231 0.345158 0.06824115
vn -0.517503 0.3000529 -0.8013481
vn -0.493048 -0.00734967 -0.8699713
vn -0.511804 -0.1543297 -0.845127
vn -0.6769337 -0.7135244 0.1676204
vn -0.763929 -0.5073607 0.3072799
vn -0.5235329 -0.7545007 0.3710334
vn -0.763929 -0.5073607 0.3072799
vn -0.5828338 -0.5709319 0.5255259
vn -0.5235329 -0.7545007 0.3710334
vn -0.08955154 0.975158 -0.2026049
vn -0.4915395 0.8666413 0.0855698
vn -0.2721012 0.9555106 -0.1138489
vn -0.708115 -0.1666866 -0.6832806
vn -0.8792424 0.2029684 -0.4309706
vn -0.7478798 -0.379184 -0.5448813
vn -0.7949954 0.6061214 0.02445567
vn -0.8658835 0.418341 -0.2742907
vn -0.7662904 0.5333464 -0.3582447
vn 0.1046924 -0.5111161 0.8531128
vn 0.2029244 -0.6314922 0.7369507
vn 0.0394721 -0.7551334 0.6543818
vn 0.9843889 0.09654811 0.1375701
vn 0.9746048 0.06673113 0.2079422
vn 0.987747 -0.1464276 0.01105089
vn 0.08882311 0.8057542 -0.5832948
vn 0.1192978 0.9225632 -0.3622314
vn 0.03447393 0.9728799 -0.2203912
vn 0.8284453 -0.3978635 0.3921489
vn 0.800665 -0.5970549 0.005144358
vn 0.9433839 -0.2679822 0.1898222
vn 0.987747 -0.1464276 0.01105089
vn 0.9433839 -0.2679822 0.1898222
vn 0.800665 -0.5970549 0.005144358
vn -0.2164557 0.1537286 -0.9641141
vn -0.517503 0.3000529 -0.8013481
vn -0.3682569 0.3359849 -0.866892
vn 0.423638 0.8027238 -0.419723
vn 0.272866 0.8514217 -0.4479144
vn 0.4279294 0.7497295 -0.5047608
vn -0.9206394 -0.3091295 0.2384587
vn -0.8901361 -0.2588765 0.3750222
vn -0.8985817 -0.2331812 0.3717218
vn 0.9739251 -0.09416356 0.07577351
vn 0.7203636 -0.6468427 0.09559727
vn 0.7880772 -0.5514596 0.06361407
vn -0.7886397 -0.5587518 -0.2566027
vn -0.7478798 -0.379184 -0.5448813
vn -0.7014014 -0.6112933 -0.366548
vn 0.272866 0.8514217 -0.4479144
vn -0.08955154 0.975158 -0.2026049
vn -0.2721012 0.9555106 -0.1138489
vn 0.8661324 -0.392941 0.305904
vn 0.800665 -0.5970549 0.005144358
vn 0.8284453 -0.3978635 0.3921489
vn 0.987747 -0.1464276 0.01105089
vn 0.9746048 0.06673113 0.2079422
vn 0.9433839 -0.2679822 0.1898222
vn 0.9485357 0.2113401 -0.2278178
vn 0.8296131 0.2936546 -0.4716354
vn 0.9626588 0.2117066 -0.1571461
vn 0.07228282 0.9946429 0.03967112
vn -0.09871522 0.9873959 0.1070117
vn 0.03447393 0.9728799 -0.2203912
vn 0.622866 -0.5788393 0.4043576
vn 0.07026964 -0.588765 0.6663878
vn 0.6150713 -0.4298943 0.516202
vn 0.07026964 -0.588765 0.6663878
vn 0.622866 -0.5788393 0.4043576
vn 0.2651501 -0.7767593 0.4241815
vn -0.6260513 -0.1428404 0.7665878
vn -0.6632195 0.1629637 0.7304673
vn -0.6673853 0.2253358 0.5757117
vn -0.6260513 -0.1428404 0.7665878
vn -0.6673853 0.2253358 0.5757117
vn -0.3246304 0.1426538 0.7319581
vn -0.6977973 0.0367803 0.7153503
vn -0.6632195 0.1629637 0.7304673
vn -0.6260513 -0.1428404 0.7665878
vn -0.6194628 0.3082125 0.6422505
vn -0.6673853 0.2253358 0.5757117
vn -0.6632195 0.1629637 0.7304673
vn 0.7707906 -0.6346812 0.05136919
vn 0.4476053 -0.8936248 0.02047461
vn 0.6116766 -0.7890709 0.0567416
vn 0.4476053 -0.8936248 0.02047461
vn 0.7707906 -0.6346812 0.05136919
vn 0.4238851 -0.9003641 0.08699059
vn -0.3130506 0.4051448 0.8589867
vn -0.3573641 0.6784752 0.6418435
vn -0.1608381 0.6215082 0.7667202
vn -0.7413494 0.4023496 0.3206863
vn -0.6673853 0.2253358 0.5757117
vn -0.6691554 0.4093786 0.5271009
vn -0.6691554 0.4093786 0.5271009
vn -0.6673853 0.2253358 0.5757117
vn -0.6194628 0.3082125 0.6422505
vn -0.1608381 0.6215082 0.7667202
vn -0.07427685 0.1565794 0.9848692
vn -0.3130506 0.4051448 0.8589867
vn -0.7486362 0.42283 0.3878556
vn -0.7413494 0.4023496 0.3206863
vn -0.6691554 0.4093786 0.5271009
vn -0.752575 0.3128769 0.5794296
vn -0.656775 0.4074386 0.6345393
vn -0.6632195 0.1629637 0.7304673
vn -0.7619922 0.1406897 0.6321188
vn -0.6977973 0.0367803 0.7153503
vn -0.6883215 0.0906074 0.719725
vn -0.6632195 0.1629637 0.7304673
vn -0.656775 0.4074386 0.6345393
vn -0.6194628 0.3082125 0.6422505
vn -0.6194628 0.3082125 0.6422505
vn -0.656775 0.4074386 0.6345393
vn -0.6691554 0.4093786 0.5271009
vn -0.6829493 -0.7304665 4.768372E-07
vn -0.5743575 -0.8112077 -0.1098035
vn -0.3249708 -0.8945405 -0.3069084
vn -0.3618923 -0.8570188 -0.3668161
vn -0.3249708 -0.8945405 -0.3069084
vn -0.09799007 -0.927958 -0.359574
vn -0.5743575 -0.8112077 -0.1098035
vn -0.05681095 -0.981537 -0.1826436
vn -0.3249708 -0.8945405 -0.3069084
vn -0.5743575 -0.8112077 -0.1098035
vn -0.1658859 -0.9537243 0.2507844
vn -0.05681095 -0.981537 -0.1826436
vn -0.3618923 -0.8570188 -0.3668161
vn -0.6829493 -0.7304665 4.768372E-07
vn -0.3249708 -0.8945405 -0.3069084
vn 0.3967301 0.3333644 0.8541691
vn 0.355099 0.244719 0.9014344
vn 0.2457941 0.2465876 0.9369954
vn 0.2029244 -0.6314922 0.7369507
vn 0.1046924 -0.5111161 0.8531128
vn 0.1940694 -0.4478317 0.8697785
vn 0.355099 0.244719 0.9014344
vn 0.1746175 0.3578888 0.9168127
vn 0.2457941 0.2465876 0.9369954
vn 0.1379545 0.2709572 0.9419981
vn 0.28031 0.253279 0.9258927
vn 0.2803056 0.2532834 0.9258929
vn 0.281399 -0.9275292 0.06454885
vn 0.2726205 -0.9621146 0.003864884
vn 0.3198772 -0.9149602 0.08948404
vn 0.5703585 -0.2077342 0.7946941
vn 0.5703583 -0.2077346 0.7946935
vn 0.5515505 -0.1394083 0.8132648
vn 0.2029244 -0.6314922 0.7369507
vn 0.1092571 -0.8832323 0.4144827
vn 0.0394721 -0.7551334 0.6543818
vn -0.6600271 -0.2816419 0.6964498
vn -0.660027 -0.2816422 0.6964498
vn -0.66513 -0.2724802 0.6952391
vn 0.728537 0.6826856 0.0199604
vn 0.8748757 0.480235 -0.06299615
vn 0.4616094 0.8421085 -0.2689887
vn 0.9574805 0.2724983 0.09100971
vn 0.8748757 0.480235 -0.06299615
vn 0.728537 0.6826856 0.0199604
vn 0.9739251 -0.09416356 0.07577351
vn 0.8748757 0.480235 -0.06299615
vn 0.9574805 0.2724983 0.09100971
vn 0.9190444 0.1488638 0.2514307
vn 0.8748757 0.480235 -0.06299615
vn 0.9400474 0.07810342 0.2714528
vn 0.8748757 0.480235 -0.06299615
vn 0.9190444 0.1488638 0.2514307
vn 0.8949231 0.345158 0.06824115
vn -0.9423522 -0.2924836 0.1625623
vn -0.9003685 -0.4264923 -0.08626109
vn -0.8743008 -0.4789423 -0.07882166
vn -0.8003366 -0.599542 -0.003403127
vn -0.5176176 -0.8546821 0.03989369
vn -0.5083851 -0.8123559 -0.1067465
vn 0.6985555 0.71232 0.05950123
vn 0.728537 0.6826856 0.0199604
vn 0.4596742 0.8827915 0.09278089
vn -0.8003366 -0.599542 -0.003403127
vn -0.5083851 -0.8123559 -0.1067465
vn -0.4883415 -0.8128982 -0.1631072
vn 0.9647512 0.1646294 0.2049515
vn 0.9800894 -0.01921225 0.1973511
vn 0.9574805 0.2724983 0.09100971
vn -0.002306968 0.997645 0.03361714
vn 0.4596742 0.8827915 0.09278089
vn 0.4616094 0.8421085 -0.2689887
vn 0.3198772 -0.9149602 0.08948404
vn 0.6736714 -0.7320649 0.09375232
vn 0.281399 -0.9275292 0.06454885
vn 0.4596742 0.8827915 0.09278089
vn 0.728537 0.6826856 0.0199604
vn 0.4616094 0.8421085 -0.2689887
vn 0.2689041 -0.6472078 0.7133117
vn 0.1080153 -0.5911932 0.799265
vn 0.08867759 -0.6856824 0.6372086
vn 0.1723958 -0.3741643 0.9111983
vn 0.3417282 -0.3499968 0.8721957
vn 0.2525465 -0.1024405 0.9621474
vn -0.01141839 -0.490095 0.871595
vn 0.1080153 -0.5911932 0.799265
vn 0.1723958 -0.3741643 0.9111983
vn -0.209717 -0.2553189 0.943839
vn 0.01347794 -0.07936388 0.9967553
vn -0.3225533 0.2276957 0.9187574
vn 0.06851916 -0.243992 0.9673544
vn 0.01347794 -0.07936388 0.9967553
vn -0.09547886 -0.3476306 0.9327584
vn 0.1322939 -0.9380234 -0.3203303
vn 0.08972019 -0.9517819 -0.2933643
vn 0.2026101 -0.9609469 -0.1884973
vn 0.8012086 -0.3818166 0.2752219
vn 0.6035938 -0.6371336 0.2516873
vn 0.5996605 -0.3675023 0.5042591
vn 0.9986715 -0.01575447 0.001937769
vn 0.9984675 -0.007089974 -0.007155219
vn 0.9388074 -0.177071 0.1827363
vn 0.9984675 -0.007089974 -0.007155219
vn 0.9265229 -0.3740643 -0.0002886355
vn 0.9388074 -0.177071 0.1827363
vn 0.05016011 0.9371799 0.3366206
vn 0.2304958 0.916816 0.3118424
vn 0.2711109 0.9077896 0.315305
vn 0.2601171 0.1730475 0.9490588
vn 0.4316034 0.1850332 0.8813078
vn 0.4015808 0.256155 0.8779016
vn 0.3152839 0.2804018 0.9051016
vn 0.08550349 0.3105351 0.9461406
vn 0.4015808 0.256155 0.8779016
vn 0.2304958 0.916816 0.3118424
vn 0.3045143 0.8966964 0.3112302
vn 0.2711109 0.9077896 0.315305
vn 0.4316034 0.1850332 0.8813078
vn 0.3152839 0.2804018 0.9051016
vn 0.4015808 0.256155 0.8779016
vn 0.9775611 -0.05959966 0.1379032
vn 0.9007536 -0.1237653 0.3086472
vn 0.9973053 -0.04729606 -0.02338504
vn 0.9265229 -0.3740643 -0.0002886355
vn 0.7711164 -0.5562804 -0.07577801
vn 0.8012086 -0.3818166 0.2752219
vn -0.2478908 -0.8830939 0.3941078
vn 0.2852291 -0.8295495 0.4768666
vn 0.1041182 -0.9466851 0.2988759
vn -0.5427316 -0.8375567 0.01937282
vn -0.4341159 -0.8516405 0.2873958
vn -0.2344273 -0.9699236 0.0195601
vn -0.5776227 -0.6678672 0.4660214
vn -0.6854705 -0.545765 0.478748
vn -0.6825802 -0.5494035 0.478794
vn 0.9388074 -0.177071 0.1827363
vn 0.9265229 -0.3740643 -0.0002886355
vn 0.8012086 -0.3818166 0.2752219
vn 0.9898173 0.1149942 -0.05835371
vn 0.9842407 0.165232 -0.02005719
vn 0.9878584 0.1050614 0.0001970828
vn 0.472682 -0.7684334 0.427585
vn 0.5312178 -0.8448276 0.01168454
vn 0.1041182 -0.9466851 0.2988759
vn 0.1692818 0.984141 0.05303538
vn 0.229997 0.9683692 0.09677345
vn 0.1348336 0.9901394 0.03802973
vn 0.5879818 0.7147902 -0.1751252
vn 0.611842 0.7890399 -0.05537754
vn 0.2913346 0.9207166 -0.01676732
vn 0.25712 0.6641406 -0.176481
vn 0.2521644 0.8186983 -0.1019226
vn 0.550355 0.5678125 -0.1662589
vn 0.1191459 0.9901844 -0.06713808
vn 0.1348336 0.9901394 0.03802973
vn -0.00199616 0.9956498 -0.08719367
vn 0.2049721 0.9762985 0.06949306
vn 0.2356368 0.9716957 0.01686275
vn 0.06261671 0.9694859 0.07864314
vn 0.3070765 0.8362517 -0.07702702
vn 0.2913346 0.9207166 -0.01676732
vn -0.1463432 0.7578962 0.1076136
vn -0.1349047 0.8641915 0.1696258
vn 0.25712 0.6641406 -0.176481
vn 0.10038 0.7200145 0.2617551
vn 0.2072466 0.9762744 -0.04910225
vn 0.5717895 0.8191649 0.03445941
vn 0.1672103 0.9708118 -0.1656011
vn 0.550355 0.5678125 -0.1662589
vn 0.5879818 0.7147902 -0.1751252
vn 0.2913273 0.6730684 0.078991
vn 0.1930979 0.9018984 -0.3782876
vn 0.2521644 0.8186983 -0.1019226
vn 0.1477484 0.849735 -0.2249717
vn 0.2913273 0.6730684 0.078991
vn 0.3070765 0.8362517 -0.07702702
vn -0.1463432 0.7578962 0.1076136
vn 0.2913273 0.6730684 0.078991
vn -0.1463432 0.7578962 0.1076136
vn 0.10038 0.7200145 0.2617551
vn 0.2913273 0.6730684 0.078991
vn 0.25712 0.6641406 -0.176481
vn 0.550355 0.5678125 -0.1662589
vn 0.229997 0.9683692 0.09677345
vn 0.1508694 0.9815775 0.1172458
vn 0.1348336 0.9901394 0.03802973
vn 0.2049721 0.9762985 0.06949306
vn 0.611842 0.7890399 -0.05537754
vn 0.2356368 0.9716957 0.01686275
vn 0.1672103 0.9708118 -0.1656011
vn -0.2868921 0.9482695 -0.129102
vn 0.2072466 0.9762744 -0.04910225
vn -0.1598879 0.9653417 0.2046804
vn 0.03583962 0.9933773 0.1091768
vn 0.1508694 0.9815775 0.1172458
vn -0.002306968 0.997645 0.03361714
vn -0.1598879 0.9653417 0.2046804
vn 0.1508694 0.9815775 0.1172458
vn 0.2072466 0.9762744 -0.04910225
vn -0.2868921 0.9482695 -0.129102
vn 0.2356368 0.9716957 0.01686275
vn 0.3070765 0.8362517 -0.07702702
vn 0.5879818 0.7147902 -0.1751252
vn 0.2913346 0.9207166 -0.01676732
vn 0.611842 0.7890399 -0.05537754
vn 0.2660878 0.9637651 0.01885229
vn 0.2913346 0.9207166 -0.01676732
vn 0.1191459 0.9901844 -0.06713808
vn 0.2683544 0.9590931 -0.08555698
vn 0.1348336 0.9901394 0.03802973
vn 0.2521644 0.8186983 -0.1019226
vn 0.5015132 0.6573439 -0.2546139
vn 0.550355 0.5678125 -0.1662589
vn 0.6288317 0.02502108 0.7761864
vn 0.6370119 0.009339452 0.7698892
vn 0.4871674 -0.03762621 0.872193
vn 0.2706853 0.1948168 0.9426477
vn 0.551845 0.008326948 0.8333749
vn 0.3948234 -0.05881858 0.9165483
vn 0.551845 0.008326948 0.8333749
vn 0.6370119 0.009339452 0.7698892
vn 0.3948234 -0.05881858 0.9165483
vn -0.7096201 0.7043045 0.01985824
vn -0.8024143 0.483775 -0.3494178
vn -0.6732652 0.7394009 -9.75728E-05
vn -0.7638347 0.3694508 0.5292095
vn -0.853838 0.262463 0.449526
vn -0.9216465 0.3880298 4.172325E-07
vn -0.3838912 0.7595803 0.5250392
vn -0.4994554 0.7929993 0.3488509
vn -0.3461039 0.7425427 0.5734484
vn -0.7880373 0.613439 -0.00244534
vn -0.7622986 0.4361902 0.4764139
vn -0.9216465 0.3880298 4.172325E-07
vn -0.5806893 0.4056029 0.7056345
vn -0.656775 0.4074386 0.6345393
vn -0.7638347 0.3694508 0.5292095
vn -0.7619922 0.1406897 0.6321188
vn -0.7060504 0.1064333 0.7001178
vn -0.8953534 0.1421447 0.4220626
vn -0.7096201 0.7043045 0.01985824
vn -0.4994554 0.7929993 0.3488509
vn -0.3838912 0.7595803 0.5250392
vn -0.685654 0.6520628 0.3207496
vn -0.6090486 0.609305 0.5061929
vn -0.7137454 0.5605561 0.4160827
vn -0.4771168 0.4519392 0.7526135
vn -0.5806893 0.4056029 0.7056345
vn -0.7622986 0.4361902 0.4764139
vn -0.7638347 0.3694508 0.5292095
vn -0.7622986 0.4361902 0.4764139
vn -0.5806893 0.4056029 0.7056345
vn -0.853838 0.262463 0.449526
vn -0.7921766 0.346633 0.5022963
vn -0.7619922 0.1406897 0.6321188
vn -0.8953534 0.1421447 0.4220626
vn -0.9966426 0.08187129 5.364418E-07
vn -0.9844242 0.175808 5.215406E-07
vn 0.2297282 -0.9732553 5.960464E-08
vn 0.142361 -0.9898153 5.960464E-08
vn 0.2274656 -0.8406324 0.3871008
vn 0.5996605 -0.3675023 0.5042591
vn 0.5173931 0.2378539 0.5696425
vn 0.7560247 -0.1840727 0.4393592
vn 0.8012086 -0.3818166 0.2752219
vn 0.7560247 -0.1840727 0.4393592
vn 0.9388074 -0.177071 0.1827363
vn 0.5996605 -0.3675023 0.5042591
vn 0.6149019 -0.4543958 0.4694376
vn 0.5173931 0.2378539 0.5696425
vn 0.5173931 0.2378539 0.5696425
vn 0.4801857 0.4775084 0.5528233
vn 0.7560247 -0.1840727 0.4393592
vn 0.3719997 0.1940527 0.9075713
vn 0.2060333 0.02513784 0.9781868
vn 0.2818243 0.3565285 0.8906637
vn 0.2645724 -0.07284802 0.9615083
vn 0.2966712 0.1135945 0.9481117
vn 0.2060333 0.02513784 0.9781868
vn 0.03888283 0.1794766 0.9829249
vn 0.07982199 0.3050992 0.9487843
vn 0.2818243 0.3565285 0.8906637
vn 0.6353762 -0.7351322 0.2220718
vn 0.6500771 -0.7250451 0.2235951
vn 0.6283051 -0.7403842 0.2217476
vn -0.3405191 -0.2309651 0.9107105
vn -0.272764 -0.3568865 0.8925319
vn -0.2993417 -0.3075426 0.9024509
vn -0.5504787 -0.8177192 -0.1452946
vn -0.5542138 -0.8146836 -0.1457032
vn -0.5570498 -0.7548353 -0.3355624
vn 0.07982199 0.3050992 0.9487843
vn 0.1215327 0.2792749 0.9522897
vn 0.2818243 0.3565285 0.8906637
vn 0.149531 0.01681137 0.9884062
vn 0.2966712 0.1135945 0.9481117
vn 0.2645724 -0.07284802 0.9615083
vn 0.1345482 0.4452496 0.8852407
vn 0.1079307 0.4472588 0.8876032
vn -0.07297584 0.7543728 0.6518349
vn -0.04986183 0.4088726 0.9109357
vn -0.07297584 0.7543728 0.6518349
vn 0.1079307 0.4472588 0.8876032
vn 0.4316034 0.1850332 0.8813078
vn 0.01666512 0.2937621 0.9554727
vn 0.3152839 0.2804018 0.9051016
vn 0.6609133 0.5878593 0.4664914
vn 0.4247745 0.6927902 0.5827595
vn 0.2818243 0.3565285 0.8906637
vn 0.1045359 0.187637 0.9764688
vn 0.08550349 0.3105351 0.9461406
vn 0.1215327 0.2792749 0.9522897
vn -0.3945812 -0.1191759 0.9107205
vn -0.3943881 -0.1196907 0.9107563
vn -0.3809348 -0.0676834 0.9218265
vn -0.9368492 -0.0008964539 0.3435605
vn -0.983669 -0.1018186 0.1259327
vn -0.9834955 -0.1083103 0.1262111
vn -0.5542138 -0.8146836 -0.1457032
vn -0.5504787 -0.8177192 -0.1452946
vn -0.5550383 -0.7448176 0.3620133
vn -0.6906061 -0.1301493 -0.7081648
vn -0.6192899 -0.1913801 -0.7592012
vn -0.61742 -0.170796 -0.7655842
vn -0.7423238 0.5031126 0.4377906
vn -0.7434537 0.5017353 0.4377608
vn -0.7442065 0.500818 0.4377409
vn -0.5267407 0.6911601 -0.4909554
vn -0.5222123 0.7983022 -0.2917135
vn -0.5216484 0.7986115 -0.2916831
vn 0.2870651 0.7012624 0.65029
vn 0.3944605 0.7750979 0.4900084
vn 0.545946 0.6885458 0.4738032
vn 0.4866584 -0.09764099 0.8671169
vn 0.3504474 -0.386212 0.8521894
vn 0.3520796 -0.384868 0.8522588
vn -0.6497215 -0.3264892 0.6840398
vn -0.4584833 -0.3763 0.8036507
vn -0.3405191 -0.2309651 0.9107105
vn -0.272764 -0.3568865 0.8925319
vn -0.3405191 -0.2309651 0.9107105
vn -0.4584833 -0.3763 0.8036507
vn -0.6192899 -0.1913801 -0.7592012
vn -0.5796971 -0.2259569 -0.7813681
vn -0.61742 -0.170796 -0.7655842
vn -0.6192899 -0.1913801 -0.7592012
vn -0.6205521 -0.2392564 -0.7450954
vn -0.5796971 -0.2259569 -0.7813681
vn 0.9822512 0.1664877 -0.04369658
vn 0.9822769 0.1661793 -0.04368202
vn 0.948416 0.2653911 -0.1580219
vn 0.4794694 0.6877453 0.5439492
vn 0.355752 0.4878577 0.7955309
vn 0.3967301 0.3333644 0.8541691
vn 0.1476131 0.9050378 0.3942116
vn 0.1495967 0.9044433 0.3943869
vn 0.1518343 0.9037725 0.3945849
vn 0.3504474 -0.386212 0.8521894
vn -0.1327828 -0.5596535 0.81709
vn 0.3520796 -0.384868 0.8522588
vn 0.3944605 0.7750979 0.4900084
vn 0.4832739 0.8172414 0.3085035
vn 0.545946 0.6885458 0.4738032
vn 0.8742695 -0.4282517 -0.2176686
vn 0.8733723 -0.4297372 -0.2176764
vn 0.8754559 -0.4262878 -0.2176585
vn 0.3285085 0.2902473 0.8979162
vn 0.355099 0.244719 0.9014344
vn 0.3967301 0.3333644 0.8541691
vn 0.01666512 0.2937621 0.9554727
vn 0.08550349 0.3105351 0.9461406
vn 0.3152839 0.2804018 0.9051016
vn 0.4015808 0.256155 0.8779016
vn 0.08550349 0.3105351 0.9461406
vn 0.1045359 0.187637 0.9764688
vn 0.992402 0.06196107 0.07170707
vn 0.9822769 0.1661793 -0.04368202
vn 0.9822512 0.1664877 -0.04369658
vn -0.4445148 -0.5606802 0.6986027
vn -0.57728 -0.4324785 0.692611
vn -0.34285 -0.6396254 0.687992
vn 0.05754317 -0.3676779 0.9276912
vn 0.2670815 -0.08443123 0.9596266
vn 0.1995778 -0.09241658 0.9752612
vn 0.3602303 0.06109393 0.930298
vn 0.2670815 -0.08443123 0.9596266
vn 0.3910486 -0.06973034 0.9170797
vn 0.8473266 0.3901286 0.354165
vn 0.8474444 0.3897661 0.3541889
vn 0.8467724 0.3918352 0.3540532
vn 0.2578143 0.9246011 0.2701809
vn 0.2550539 0.9257051 0.2699254
vn 0.3269596 0.9420162 -0.006373405
vn -0.1246288 0.2622874 0.9567934
vn -0.1238352 0.2623931 0.9568495
vn -0.124263 0.2623361 0.9568194
vn 0.2670815 -0.08443123 0.9596266
vn 0.3602303 0.06109393 0.930298
vn 0.1995778 -0.09241658 0.9752612
vn -0.983669 -0.1018186 0.1259327
vn -0.9715026 -0.1973949 -0.09944893
vn -0.9834955 -0.1083103 0.1262111
vn -0.5259136 -0.562807 0.6343643
vn -0.5227313 -0.5658246 0.6347301
vn -0.5550383 -0.7448176 0.3620133
vn 0.6864047 0.4165571 0.5928005
vn 0.4588287 0.2355897 0.8557928
vn 0.2966712 0.1135945 0.9481117
vn -0.4997312 0.5519978 -0.6649846
vn -0.3091995 0.4783469 -0.820726
vn -0.5267407 0.6911601 -0.4909554
vn 0.2457941 0.2465876 0.9369954
vn 0.1746175 0.3578888 0.9168127
vn 0.146189 0.3376121 0.9295002
vn -0.3091995 0.4783469 -0.820726
vn -0.09990057 0.3728901 -0.9220832
vn -0.09790725 0.3734963 -0.9219561
vn 0.2645724 -0.07284802 0.9615083
vn 0.2060333 0.02513784 0.9781868
vn 0.3719997 0.1940527 0.9075713
vn -0.1627433 0.3219612 0.9324235
vn -0.15902 0.3227991 0.9326727
vn 0.1045359 0.187637 0.9764688
vn 0.2818243 0.3565285 0.8906637
vn 0.2966712 0.1135945 0.9481117
vn 0.4588287 0.2355897 0.8557928
vn 0.2818243 0.3565285 0.8906637
vn 0.4588287 0.2355897 0.8557928
vn 0.03888283 0.1794766 0.9829249
vn 0.1678328 0.754348 0.6328801
vn 0.132609 0.735106 0.6632705
vn 0.03705156 0.4683878 0.8822946
vn -0.7559425 -0.511198 0.4040427
vn -0.7557586 -0.5115066 0.4040693
vn -0.7561927 -0.5107781 0.4040065
vn 0.355752 0.4878577 0.7955309
vn 0.3285085 0.2902473 0.8979162
vn 0.3967301 0.3333644 0.8541691
vn 0.2818243 0.3565285 0.8906637
vn 0.1215327 0.2792749 0.9522897
vn 0.1345482 0.4452496 0.8852407
vn -0.1327828 -0.5596535 0.81709
vn -0.4321969 -0.4234597 0.7952542
vn -0.432871 -0.4227934 0.7951757
vn 0.04329094 -0.7727314 0.6291107
vn 0.04836145 -0.7725207 0.6294883
vn 0.05044231 -0.7724344 0.6296434
vn 0.7937905 0.4559346 0.3984429
vn 0.7946561 0.4538427 0.3985944
vn 0.545946 0.6885458 0.4738032
vn 0.9087235 0.1273677 0.3902069
vn 0.9084789 0.1342494 0.3899071
vn 0.9085221 0.1330318 0.3899601
vn 0.8433993 -0.3243273 0.4233354
vn 0.8448684 -0.3213875 0.4233272
vn 0.843002 -0.3251222 0.4233376
vn 0.3701397 0.8822573 -0.282342
vn 0.3269596 0.9420162 -0.006373405
vn 0.3717211 0.881471 -0.2821894
vn -0.3809348 -0.0676834 0.9218265
vn -0.36631 -0.01556247 0.9301196
vn 0.03888283 0.1794766 0.9829249
vn 0.04361981 -0.5185161 0.8528976
vn 0.05053411 -0.5171583 0.8540961
vn 0.04200535 -0.5186884 0.8527817
vn 0.6021913 0.08339065 0.7931206
vn 0.6370119 0.009339452 0.7698892
vn 0.6288317 0.02502108 0.7761864
vn 0.113708 0.2645192 0.9575068
vn -0.08584854 0.3643834 0.9270172
vn 0.03705156 0.4683878 0.8822946
vn 0.03705156 0.4683878 0.8822946
vn -0.02113988 0.3201426 0.9469486
vn 0.1171086 0.6444083 0.7546282
vn 0.8988243 0.3910685 0.188229
vn 0.8947499 0.4238209 0.1264021
vn 0.7832232 0.6103655 0.1009036
vn 0.113708 0.2645192 0.9575068
vn 0.03705156 0.4683878 0.8822946
vn 0.1811752 0.1006501 0.9782133
vn 0.4141729 0.7908448 0.4505839
vn 0.5039392 0.7327108 0.4573622
vn 0.4247745 0.6927902 0.5827595
vn 0.4247745 0.6927902 0.5827595
vn 0.5039392 0.7327108 0.4573622
vn 0.2803663 0.8671616 0.4116145
vn 0.9746048 0.06673113 0.2079422
vn 0.9496846 -0.2715264 0.149626
vn 0.8502188 -0.2724586 0.4486037
vn 0.8588371 -0.4618866 0.2176434
vn 0.9148417 -0.4000337 -0.03722271
vn 0.9497265 -0.1850703 0.2494276
vn 0.200614 0.903471 0.3773052
vn 0.2854951 0.7649472 0.5768024
vn 0.4949026 0.8194262 0.2877183
vn 0.5256081 0.7803531 0.3368621
vn 0.200614 0.903471 0.3773052
vn 0.364835 0.9302341 -0.009425044
vn 0.9496846 -0.2715264 0.149626
vn 0.8588371 -0.4618866 0.2176434
vn 0.8502188 -0.2724586 0.4486037
vn 0.9433839 -0.2679822 0.1898222
vn 0.9746048 0.06673113 0.2079422
vn 0.8502188 -0.2724586 0.4486037
vn 0.8284453 -0.3978635 0.3921489
vn 0.5963266 -0.1957155 0.7779458
vn 0.8502188 -0.2724586 0.4486037
vn 0.9773755 -0.2001961 -0.04986806
vn 0.9452999 -0.2526485 -0.2018479
vn 0.9148417 -0.4000337 -0.03722271
vn 0.8284453 -0.3978635 0.3921489
vn 0.9497265 -0.1850703 0.2494276
vn 0.8661324 -0.392941 0.305904
vn 0.8738981 -0.4840066 0.002529234
vn 0.800665 -0.5970549 0.005144358
vn 0.8661324 -0.392941 0.305904
vn 0.9490551 -0.2794405 0.137774
vn 0.9452999 -0.2526485 -0.2018479
vn 0.9550522 -0.2066029 -0.2075069
vn 0.9746048 0.06673113 0.2079422
vn 0.9843889 0.09654811 0.1375701
vn 0.9709843 0.1020115 0.2113434
vn 0.2699218 0.3932711 0.878696
vn 0.09678781 0.6293517 0.7707179
vn 0.01168871 0.6539078 0.7560788
vn 0.086842 0.2646729 0.9602834
vn 0.113708 0.2645192 0.9575068
vn 0.3254328 0.1753986 0.928888
vn 0.9148417 -0.4000337 -0.03722271
vn 0.8588371 -0.4618866 0.2176434
vn 0.9496846 -0.2715264 0.149626
vn 0.4446016 0.8936924 0.0485903
vn 0.200614 0.903471 0.3773052
vn 0.4949026 0.8194262 0.2877183
vn 0.7245077 0.5711896 0.3816208
vn 0.8159727 0.5467438 0.1818731
vn 0.8195017 0.5409509 0.1819543
vn 0.200614 0.903471 0.3773052
vn 0.4446016 0.8936924 0.0485903
vn 0.364835 0.9302341 -0.009425044
vn 0.2706853 0.1948168 0.9426477
vn 0.1243056 0.5003477 0.8566373
vn 0.2010496 0.1820633 0.962453
vn 0.1243056 0.5003477 0.8566373
vn 0.09678781 0.6293517 0.7707179
vn 0.2010496 0.1820633 0.962453
vn 0.6475995 0.7252429 0.2264127
vn 0.7455493 0.644444 0.1617001
vn 0.6120212 0.7882867 -0.01897365
vn 0.9773755 -0.2001961 -0.04986806
vn 0.9148417 -0.4000337 -0.03722271
vn 0.9496846 -0.2715264 0.149626
vn 0.9746048 0.06673113 0.2079422
vn 0.9709843 0.1020115 0.2113434
vn 0.8684513 0.4599957 0.1791675
vn 0.8588371 -0.4618866 0.2176434
vn 0.8284453 -0.3978635 0.3921489
vn 0.8502188 -0.2724586 0.4486037
vn 0.8588371 -0.4618866 0.2176434
vn 0.9497265 -0.1850703 0.2494276
vn 0.8284453 -0.3978635 0.3921489
vn 0.9497265 -0.1850703 0.2494276
vn 0.9814653 -0.1865849 -0.003729776
vn 0.8661324 -0.392941 0.305904
vn 0.9452999 -0.2526485 -0.2018479
vn 0.8993312 -0.02043164 -0.4347516
vn 0.9550522 -0.2066029 -0.2075069
vn 0.9843889 0.09654811 0.1375701
vn 0.9490551 -0.2794405 0.137774
vn 0.9709843 0.1020115 0.2113434
vn 0.2706853 0.1948168 0.9426477
vn 0.2010496 0.1820633 0.962453
vn 0.4871674 -0.03762621 0.872193
vn 0.5862437 0.6436751 0.4906839
vn 0.2699218 0.3932711 0.878696
vn 0.5256081 0.7803531 0.3368621
vn 0.09678781 0.6293517 0.7707179
vn 0.2854951 0.7649472 0.5768024
vn 0.200614 0.903471 0.3773052
vn 0.09678781 0.6293517 0.7707179
vn 0.200614 0.903471 0.3773052
vn 0.01168871 0.6539078 0.7560788
vn 0.2699218 0.3932711 0.878696
vn 0.4634143 0.2023079 0.8624692
vn 0.2010496 0.1820633 0.962453
vn -0.08584854 0.3643834 0.9270172
vn 0.113708 0.2645192 0.9575068
vn 0.086842 0.2646729 0.9602834
vn 0.3254328 0.1753986 0.928888
vn 0.113708 0.2645192 0.9575068
vn 0.1811752 0.1006501 0.9782133
vn 0.9843889 0.09654811 0.1375701
vn 0.987747 -0.1464276 0.01105089
vn 0.6120212 0.7882867 -0.01897365
vn 0.627303 0.7477365 0.2090576
vn 0.6999483 0.7073954 -0.07645559
vn 0.5748489 0.8156846 -0.01920629
vn 0.6999483 0.7073954 -0.07645559
vn 0.6120212 0.7882867 -0.01897365
vn 0.5748489 0.8156846 -0.01920629
vn 0.536343 0.8414565 -0.0193994
vn 0.627303 0.7477365 0.2090576
vn 0.4536043 0.7845644 0.4189875
vn 0.7301156 0.08352947 -0.6766136
vn 0.8218474 0.2888987 -0.4879543
vn 0.7931995 0.1475155 -0.5886559
vn 0.8783904 0.4735759 -0.01512557
vn 0.8625218 0.4140454 0.2846942
vn 0.8720513 0.3923712 0.2863681
vn 0.9347281 0.2829694 0.2061195
vn 0.8947499 0.4238209 0.1264021
vn 0.8988243 0.3910685 0.188229
vn 0.8720513 0.3923712 0.2863681
vn 0.8625218 0.4140454 0.2846942
vn 0.8988243 0.3910685 0.188229
vn 0.9626588 0.2117066 -0.1571461
vn 0.6999483 0.7073954 -0.07645559
vn 0.627303 0.7477365 0.2090576
vn 0.03447393 0.9728799 -0.2203912
vn -0.09871522 0.9873959 0.1070117
vn -0.159979 0.9836336 0.05463457
vn 0.4991401 -0.8502573 0.1551492
vn 0.1400577 -0.9880927 -0.01128739
vn 0.11583 -0.9895551 0.0586552
vn 0.3320708 0.8678433 0.3691647
vn 0.3291067 0.6810946 0.6538182
vn 0.2803663 0.8671616 0.4116145
vn 0.215502 0.9660635 0.1281521
vn 0.1426622 0.9739002 0.1653976
vn 0.3086518 0.9275233 0.2017004
vn 0.7301156 0.08352947 -0.6766136
vn 0.8296131 0.2936546 -0.4716354
vn 0.6708924 0.3202594 -0.6671721
vn 0.9626588 0.2117066 -0.1571461
vn 0.9949469 -0.01132786 -0.07807106
vn 0.9485357 0.2113401 -0.2278178
vn -0.0269134 0.3297604 0.9434763
vn 0.1146638 0.2529946 0.9605129
vn -0.02704409 0.329747 0.9434775
vn 0.8218474 0.2888987 -0.4879543
vn 0.6999483 0.7073954 -0.07645559
vn 0.7931995 0.1475155 -0.5886559
vn 0.04219395 0.6793391 -0.7313266
vn 0.04252881 0.6793134 -0.7313285
vn 0.08762801 0.7562263 -0.646604
vn 0.8625218 0.4140454 0.2846942
vn 0.9347281 0.2829694 0.2061195
vn 0.8988243 0.3910685 0.188229
vn 0.7117895 0.6993668 -0.01806492
vn 0.8783904 0.4735759 -0.01512557
vn 0.7248549 0.6701367 0.1472821
vn 0.03447393 0.9728799 -0.2203912
vn 0.08762801 0.7562263 -0.646604
vn 0.08882311 0.8057542 -0.5832948
vn 0.3291067 0.6810946 0.6538182
vn 0.1291402 0.5777864 0.8056409
vn 0.2706853 0.1948168 0.9426477
vn 0.1291402 0.5777864 0.8056409
vn 0.1243056 0.5003477 0.8566373
vn 0.2706853 0.1948168 0.9426477
vn 0.6475995 0.7252429 0.2264127
vn 0.7245077 0.5711896 0.3816208
vn 0.7455493 0.644444 0.1617001
vn 0.9547052 0.2624044 0.1257859
vn 0.8945082 0.1158345 0.4280812
vn 0.8796196 0.290125 0.3724874
vn 0.8945082 0.1158345 0.4280812
vn 0.7022249 0.2363281 0.6700096
vn 0.8796196 0.290125 0.3724874
vn -0.4341159 -0.8516405 0.2873958
vn -0.5279801 -0.7557678 0.3831007
vn -0.5776227 -0.6678672 0.4660214
vn 0.04963269 -0.2975172 0.9532166
vn 0.1705285 -0.2222804 0.9597811
vn 0.04199707 -0.3151389 0.9478831
vn 0.9547052 0.2624044 0.1257859
vn 0.8796196 0.290125 0.3724874
vn 0.8783904 0.4735759 -0.01512557
vn 0.2728064 -0.9210307 0.2713101
vn 0.4991401 -0.8502573 0.1551492
vn 0.11583 -0.9895551 0.0586552
vn 0.07067026 0.06855577 0.9951289
vn -0.07344329 0.2030928 0.9763195
vn 0.086842 0.2646729 0.9602834
vn 0.086842 0.2646729 0.9602834
vn -0.07344329 0.2030928 0.9763195
vn -0.08584854 0.3643834 0.9270172
vn 0.217829 -0.1021286 0.9705099
vn 0.1705285 -0.2222804 0.9597811
vn 0.2177238 -0.1023113 0.9705141
vn 0.6370119 0.009339452 0.7698892
vn 0.551845 0.008326948 0.8333749
vn 0.4871674 -0.03762621 0.872193
vn 0.3948234 -0.05881858 0.9165483
vn 0.2745562 -0.07105517 0.9587841
vn 0.2645724 -0.07284802 0.9615083
vn 0.4019993 0.1452828 0.9036744
vn 0.5121837 -0.04003298 0.8573461
vn 0.6370119 0.009339452 0.7698892
vn 0.5121837 -0.04003298 0.8573461
vn 0.3948234 -0.05881858 0.9165483
vn 0.6370119 0.009339452 0.7698892
vn 0.3719997 0.1940527 0.9075713
vn 0.2706853 0.1948168 0.9426477
vn 0.3948234 -0.05881858 0.9165483
vn 0.4871674 -0.03762621 0.872193
vn 0.551845 0.008326948 0.8333749
vn 0.2706853 0.1948168 0.9426477
vn 0.3948234 -0.05881858 0.9165483
vn 0.5121837 -0.04003298 0.8573461
vn 0.320867 -0.1612483 0.9330226
vn -0.4341159 -0.8516405 0.2873958
vn -0.5776227 -0.6678672 0.4660214
vn -0.2478908 -0.8830939 0.3941078
vn 0.4634143 0.2023079 0.8624692
vn 0.2699218 0.3932711 0.878696
vn 0.7120613 0.2523797 0.6544833
vn 0.06639034 -0.1668788 0.9837038
vn 0.4871674 -0.03762621 0.872193
vn 0.2010496 0.1820633 0.962453
vn 0.06761226 0.9752287 0.2015273
vn 0.1426622 0.9739002 0.1653976
vn 0.0686664 0.9751524 0.201521
vn 0.3521602 0.9028113 0.2392369
vn 0.3459694 0.9073597 0.2308782
vn 0.3086518 0.9275233 0.2017004
vn 0.2854951 0.7649472 0.5768024
vn 0.3291067 0.6810946 0.6538182
vn 0.4949026 0.8194262 0.2877183
vn 0.4837755 0.8738877 -0.01961452
vn 0.4803047 0.8725415 -0.07952911
vn 0.489412 0.8708487 -0.01959985
vn 0.489412 0.8708487 -0.01959985
vn 0.6737668 0.7296999 0.1092833
vn 0.364835 0.9302341 -0.009425044
vn 0.6999483 0.7073954 -0.07645559
vn 0.6475995 0.7252429 0.2264127
vn 0.6120212 0.7882867 -0.01897365
vn 0.3566393 0.7392007 0.5690979
vn 0.7245077 0.5711896 0.3816208
vn 0.6475995 0.7252429 0.2264127
vn 0.8796196 0.290125 0.3724874
vn 0.8625218 0.4140454 0.2846942
vn 0.8783904 0.4735759 -0.01512557
vn 0.2745562 -0.07105517 0.9587841
vn 0.3948234 -0.05881858 0.9165483
vn 0.320867 -0.1612483 0.9330226
vn 0.0410341 -0.9351043 0.3469815
vn 0.2728064 -0.9210307 0.2713101
vn 0.11583 -0.9895551 0.0586552
vn 0.4239343 0.9046257 -0.01974368
vn 0.4446016 0.8936924 0.0485903
vn 0.6583887 0.7518301 -0.01864314
vn 0.6583887 0.7518301 -0.01864314
vn 0.4446016 0.8936924 0.0485903
vn 0.4949026 0.8194262 0.2877183
vn -0.5052647 -0.1786146 0.8442779
vn -0.209717 -0.2553189 0.943839
vn -0.3225533 0.2276957 0.9187574
vn -0.01141839 -0.490095 0.871595
vn -0.09547886 -0.3476306 0.9327584
vn -0.1902648 -0.4863829 0.8527792
vn 0.3417282 -0.3499968 0.8721957
vn 0.3558459 -0.0598473 0.932627
vn 0.2525465 -0.1024405 0.9621474
vn 0.06851916 -0.243992 0.9673544
vn 0.2525465 -0.1024405 0.9621474
vn 0.01347794 -0.07936388 0.9967553
vn 0.3558459 -0.0598473 0.932627
vn 0.3417282 -0.3499968 0.8721957
vn 0.4534599 -0.3802666 0.8060845
vn 0.2667227 0.04174155 0.9628696
vn 0.2525465 -0.1024405 0.9621474
vn 0.3558459 -0.0598473 0.932627
vn 0.2667227 0.04174155 0.9628696
vn 0.3558459 -0.0598473 0.932627
vn -0.07427685 0.1565794 0.9848692
vn -0.02975787 0.4694886 0.8824376
vn -0.07427685 0.1565794 0.9848692
vn -0.1608381 0.6215082 0.7667202
vn 0.01347794 -0.07936388 0.9967553
vn 0.2525465 -0.1024405 0.9621474
vn 0.2667227 0.04174155 0.9628696
vn 0.2525465 -0.1024405 0.9621474
vn 0.06851916 -0.243992 0.9673544
vn 0.1723958 -0.3741643 0.9111983
vn -0.9214621 0.2074379 0.2967926
vn -0.9647599 -0.08169341 0.2179418
vn -0.9537942 -0.1304808 0.2099396
vn -0.4556674 -0.8768752 -0.001300335
vn 0.2911347 -0.9440578 0.1478901
vn 0.1930959 -0.9811772 0.002422214
vn 0.650135 0.7583587 0.0470919
vn 0.611842 0.7890399 -0.05537754
vn 0.8371142 0.5448666 0.04858422
vn -0.9882758 0.1520539 0.01177327
vn -0.9831246 -0.1728335 -0.05950176
vn -0.9969912 0.06890418 0.02203392
vn 0.2049721 0.9762985 0.06949306
vn 0.2660878 0.9637651 0.01885229
vn 0.611842 0.7890399 -0.05537754
vn -0.7504812 0.6591499 -0.006653547
vn -0.4716494 0.8815069 -0.01278156
vn -0.685654 0.6520628 0.3207496
vn -0.9831246 -0.1728335 -0.05950176
vn -0.7956899 -0.5969384 0.1006644
vn -0.9647599 -0.08169341 0.2179418
vn -0.7880373 0.613439 -0.00244534
vn -0.685654 0.6520628 0.3207496
vn -0.7137454 0.5605561 0.4160827
vn -0.9647599 -0.08169341 0.2179418
vn -0.9256463 0.0237149 0.310411
vn -0.9537942 -0.1304808 0.2099396
vn 0.1930959 -0.9811772 0.002422214
vn 0.4685416 -0.8707299 0.1472552
vn 0.4063527 -0.8908517 -0.110259
vn 0.8647993 -0.4994845 0.05134034
vn 0.8928878 -0.4374915 0.1065432
vn 0.9923643 -0.03359771 0.1186718
vn 0.611842 0.7890399 -0.05537754
vn 0.8180344 0.5685828 -0.08679658
vn 0.8371142 0.5448666 0.04858422
vn -0.7907274 0.5489595 0.2337349
vn -0.8989407 0.4319623 0.07016778
vn -0.9214621 0.2074379 0.2967926
vn -0.09999359 0.931787 0.3489645
vn -0.4748666 0.8088276 0.3459186
vn -0.4716494 0.8815069 -0.01278156
vn -0.685654 0.6520628 0.3207496
vn -0.4943357 0.7350192 0.4633235
vn -0.6090486 0.609305 0.5061929
vn 0.08550349 0.3105351 0.9461406
vn -0.3878271 0.5335129 0.7500654
vn -0.04986183 0.4088726 0.9109357
vn -0.03196979 -0.6568041 0.7533842
vn -0.01141839 -0.490095 0.871595
vn 0.07026964 -0.588765 0.6663878
vn 0.2274656 -0.8406324 0.3871008
vn 0.3938526 -0.8859893 -0.03127265
vn 0.2297282 -0.9732553 5.960464E-08
vn -0.752575 0.3128769 0.5794296
vn -0.7619922 0.1406897 0.6321188
vn -0.7921766 0.346633 0.5022963
vn -0.3246304 0.1426538 0.7319581
vn -0.290296 -0.2737893 0.9169343
vn -0.6260513 -0.1428404 0.7665878
vn 0.2504646 -0.4711553 0.8457432
vn 0.4558658 -0.1559603 0.6664327
vn -0.3139008 -0.5573461 0.7686564
vn -0.3246304 0.1426538 0.7319581
vn 0.1446406 0.3663672 0.5977691
vn -0.290296 -0.2737893 0.9169343
vn -0.7921766 0.346633 0.5022963
vn -0.656775 0.4074386 0.6345393
vn -0.752575 0.3128769 0.5794296
vn 0.01148494 0.1452811 0.8170185
vn 0.1446406 0.3663672 0.5977691
vn -0.3246304 0.1426538 0.7319581
vn 0.1723958 -0.3741643 0.9111983
vn 0.1080153 -0.5911932 0.799265
vn 0.3417282 -0.3499968 0.8721957
vn -0.03196979 -0.6568041 0.7533842
vn 0.1080153 -0.5911932 0.799265
vn -0.01141839 -0.490095 0.871595
vn 0.2689041 -0.6472078 0.7133117
vn 0.08867759 -0.6856824 0.6372086
vn 0.2274656 -0.8406324 0.3871008
vn -0.8283185 -0.3873065 0.4029112
vn -0.5026999 -0.8017464 0.3168081
vn -0.7125024 -0.5406259 0.44673
vn -0.5218435 0.7655852 0.3038236
vn -0.851416 0.4481964 0.2684197
vn -0.6897079 0.6939317 0.2012725
vn -0.6769337 -0.7135244 0.1676204
vn -0.5026999 -0.8017464 0.3168081
vn -0.9423522 -0.2924836 0.1625623
vn -0.3742031 -0.6299351 0.680555
vn -0.4445148 -0.5606802 0.6986027
vn -0.3679682 -0.6011163 0.7094074
vn 0.8748757 0.480235 -0.06299615
vn 0.8949231 0.345158 0.06824115
vn 0.9204666 0.1892311 -0.2786407
vn -0.002306968 0.997645 0.03361714
vn -0.6897079 0.6939317 0.2012725
vn -0.1598879 0.9653417 0.2046804
vn -0.683264 0.4465561 0.5777019
vn -0.8283185 -0.3873065 0.4029112
vn -0.8946561 0.1650617 0.4132721
vn 0.1508694 0.9815775 0.1172458
vn 0.4596742 0.8827915 0.09278089
vn -0.002306968 0.997645 0.03361714
vn -0.8003366 -0.599542 -0.003403127
vn -0.763929 -0.5073607 0.3072799
vn -0.6769337 -0.7135244 0.1676204
vn -0.8946561 0.1650617 0.4132721
vn -0.8283185 -0.3873065 0.4029112
vn -0.8368467 0.4466121 0.3165835
vn -0.7125024 -0.5406259 0.44673
vn -0.8969896 -0.3001799 0.3245031
vn -0.8283185 -0.3873065 0.4029112
vn -0.5026999 -0.8017464 0.3168081
vn -0.5235329 -0.7545007 0.3710334
vn -0.7125024 -0.5406259 0.44673
vn -0.002306968 0.997645 0.03361714
vn -0.118004 0.9279816 -0.3035767
vn -0.6897079 0.6939317 0.2012725
vn -0.5026999 -0.8017464 0.3168081
vn -0.8429928 -0.314547 0.4363765
vn -0.9423522 -0.2924836 0.1625623
vn -0.7886397 -0.5587518 -0.2566027
vn -0.6322046 -0.7085495 -0.31349
vn -0.6322035 -0.7085506 -0.3134895
vn 0.7203636 -0.6468427 0.09559727
vn 0.9739251 -0.09416356 0.07577351
vn 0.6736714 -0.7320649 0.09375232
vn 0.9204666 0.1892311 -0.2786407
vn 0.4616094 0.8421085 -0.2689887
vn 0.8748757 0.480235 -0.06299615
vn 0.4472805 0.7158586 -0.4989075
vn 0.4616094 0.8421085 -0.2689887
vn 0.3448458 0.6088828 -0.7037932
vn 0.2026101 -0.9609469 -0.1884973
vn -0.05681095 -0.981537 -0.1826436
vn 0.1424837 -0.9852232 -0.09505165
vn 0.9079138 0.4125775 0.07398373
vn 0.8633694 0.5024912 0.04579413
vn 0.7245605 0.67569 0.135857
vn -0.1852143 -0.9825448 0.01743579
vn -0.3664019 -0.9291699 -0.04100931
vn -0.2857192 -0.9538152 0.09275621
vn 0.1348336 0.9901394 0.03802973
vn 0.08540905 0.9942978 -0.06387085
vn -0.00199616 0.9956498 -0.08719367
vn -0.493048 -0.00734967 -0.8699713
vn -0.517503 0.3000529 -0.8013481
vn -0.4500349 0.1512434 -0.8801104
vn -0.9423522 -0.2924836 0.1625623
vn -0.9884393 0.05650832 0.1406942
vn -0.9884393 0.05650832 0.1406942
vn 0.4563168 0.6902492 -0.5615449
vn 0.3934241 0.7344462 -0.5191108
vn 0.4279294 0.7497295 -0.5047608
vn -0.517503 0.3000529 -0.8013481
vn -0.8792424 0.2029684 -0.4309706
vn -0.708115 -0.1666866 -0.6832806
vn -0.9423522 -0.2924836 0.1625623
vn -0.7886397 -0.5587518 -0.2566027
vn -0.9003685 -0.4264923 -0.08626109
vn -0.002306968 0.997645 0.03361714
vn 0.4616094 0.8421085 -0.2689887
vn 0.4472805 0.7158586 -0.4989075
vn 0.281399 -0.9275292 0.06454885
vn 0.6736714 -0.7320649 0.09375232
vn 0.5349193 -0.8186094 0.1728047
vn 0.6583887 0.7518301 -0.01864314
vn 0.4949026 0.8194262 0.2877183
vn 0.4176284 0.8466187 0.3294457
vn -0.9014419 -0.432873 -0.004859239
vn -0.9518982 -0.3064148 0.0001562834
vn -0.9764044 0.2016674 -0.07722828
vn 0.0410341 -0.9351043 0.3469815
vn 0.11583 -0.9895551 0.0586552
vn -0.03133351 -0.9974771 -0.01124394
vn -0.8969896 -0.3001799 0.3245031
vn -0.7125024 -0.5406259 0.44673
vn -0.8929362 -0.3177735 0.3188815
vn 0.1191459 0.9901844 -0.06713808
vn 0.1672103 0.9708118 -0.1656011
vn 0.2683544 0.9590931 -0.08555698
vn 0.9435972 -0.3308537 -0.005981445
vn 0.9924829 0.006842613 0.1221102
vn 0.7707906 -0.6346812 0.05136919
vn -0.736701 0.6386099 -0.2202907
vn -0.8520004 0.500448 -0.1511394
vn -0.9831246 -0.1728335 -0.05950176
vn -0.9271624 -0.3449178 -0.1456874
vn -0.8088418 -0.5758331 -0.1171295
vn -0.9831246 -0.1728335 -0.05950176
vn -0.7907274 0.5489595 0.2337349
vn -0.9214621 0.2074379 0.2967926
vn -0.6970625 0.5174507 0.2832358
vn -0.9969912 0.06890418 0.02203392
vn -0.9831246 -0.1728335 -0.05950176
vn -0.9647599 -0.08169341 0.2179418
vn 0.650135 0.7583587 0.0470919
vn 0.8371142 0.5448666 0.04858422
vn 0.5717895 0.8191649 0.03445941
vn -0.4556674 -0.8768752 -0.001300335
vn 0.1930959 -0.9811772 0.002422214
vn -0.02667248 -0.7531747 -0.3550565
vn 0.2356368 0.9716957 0.01686275
vn 0.04122701 0.9981616 0.003706813
vn 0.06261671 0.9694859 0.07864314
vn 0.9763386 -0.2058503 0.02363911
vn 0.9782815 -0.2071658 -0.006788731
vn 0.9766347 -0.1463365 -0.1211074
vn -0.6250422 0.5589557 0.1046154
vn -0.5932106 0.6089119 0.1648537
vn -0.7187266 0.3944975 0.3016664
vn 0.2913346 0.9207166 -0.01676732
vn -0.151163 0.8701911 0.1556029
vn -0.1463432 0.7578962 0.1076136
vn -0.9923678 -0.08020617 0.0358132
vn -0.993485 -0.0804645 0.04790595
vn -0.9895706 -0.09599248 0.03408703
vn 0.03838918 0.9137583 0.20148
vn -0.1018128 0.9916569 0.05401802
vn -0.1584706 0.8534625 0.03644735
vn -0.5940528 0.4569211 0.4186373
vn -0.6250422 0.5589557 0.1046154
vn -0.6855422 0.382332 0.5007674
vn 0.5015132 0.6573439 -0.2546139
vn 0.1930979 0.9018984 -0.3782876
vn 0.7106931 -0.1956167 -0.5051532
vn 0.25712 0.6641406 -0.176481
vn 0.2913273 0.6730684 0.078991
vn 0.10038 0.7200145 0.2617551
vn 0.550355 0.5678125 -0.1662589
vn 0.5015132 0.6573439 -0.2546139
vn 0.8260312 0.3597046 -0.3438037
vn -0.1018128 0.9916569 0.05401802
vn 0.1930979 0.9018984 -0.3782876
vn 0.1477484 0.849735 -0.2249717
vn -0.7486362 0.42283 0.3878556
vn -0.6691554 0.4093786 0.5271009
vn -0.6256263 0.5127623 0.5204211
vn 0.04856074 -0.9916582 0.1194046
vn -0.1658859 -0.9537243 0.2507844
vn 0.1348682 -0.7832232 0.6069376
vn 0.3558459 -0.0598473 0.932627
vn 0.4534599 -0.3802666 0.8060845
vn 0.2837809 -0.3805546 0.8801408
vn -0.9877939 0.09370089 -0.1244299
vn -0.8024143 0.483775 -0.3494178
vn -0.9764044 0.2016674 -0.07722828
vn 0.489412 0.8708487 -0.01959985
vn 0.364835 0.9302341 -0.009425044
vn 0.4239343 0.9046257 -0.01974368
vn 0.3719997 0.1940527 0.9075713
vn 0.3284344 0.5235057 0.785979
vn 0.3291067 0.6810946 0.6538182
vn 0.229219 -0.9601929 0.1596528
vn 0.1348682 -0.7832232 0.6069376
vn 0.3823286 -0.7539896 0.5341586
vn 0.1348682 -0.7832232 0.6069376
vn 0.08038996 -0.5866171 0.8058654
vn 0.2837809 -0.3805546 0.8801408
vn -0.3573641 0.6784752 0.6418435
vn -0.7096201 0.7043045 0.01985824
vn -0.3838912 0.7595803 0.5250392
vn -0.4311883 -0.2260766 0.87348
vn -0.5253016 -0.06509662 0.8484229
vn -0.07427685 0.1565794 0.9848692
vn -0.7622986 0.4361902 0.4764139
vn -0.7638347 0.3694508 0.5292095
vn -0.9216465 0.3880298 4.172325E-07
vn -0.6260513 -0.1428404 0.7665878
vn -0.3139008 -0.5573461 0.7686564
vn -0.5052647 -0.1786146 0.8442779
vn -0.853838 0.262463 0.449526
vn -0.7619922 0.1406897 0.6321188
vn -0.8953534 0.1421447 0.4220626
vn -0.1902648 -0.4863829 0.8527792
vn -0.209717 -0.2553189 0.943839
vn -0.5052647 -0.1786146 0.8442779
vn -0.9014419 -0.432873 -0.004859239
vn -0.7659285 -0.5131851 0.3872921
vn -0.5743575 -0.8112077 -0.1098035
vn -0.9677248 -0.0263623 0.2506262
vn -0.9764044 0.2016674 -0.07722828
vn -0.8653196 0.4480665 0.2246289
vn -0.01141839 -0.490095 0.871595
vn -0.1902648 -0.4863829 0.8527792
vn 0.07026964 -0.588765 0.6663878
vn -0.3139008 -0.5573461 0.7686564
vn -0.1320807 -0.390609 0.7488117
vn -0.1902648 -0.4863829 0.8527792
vn 0.2026101 -0.9609469 -0.1884973
vn 0.08972019 -0.9517819 -0.2933643
vn -0.05681095 -0.981537 -0.1826436
vn -0.7117611 -0.6999786 -0.04890078
vn -0.7956899 -0.5969384 0.1006644
vn -0.9831246 -0.1728335 -0.05950176
vn 0.5188771 0.1851293 0.5765302
vn 0.4142041 0.5046225 0.5575389
vn 0.5173931 0.2378539 0.5696425
vn 0.8639232 -0.07250643 0.4130158
vn 0.9007536 -0.1237653 0.3086472
vn 0.7560247 -0.1840727 0.4393592
vn -0.7504812 0.6591499 -0.006653547
vn -0.685654 0.6520628 0.3207496
vn -0.7880373 0.613439 -0.00244534
vn 0.9617546 -0.2596425 0.08725622
vn 0.9259537 -0.3724526 0.06235752
vn 0.9751742 -0.09514131 0.1999587
vn 0.9647512 0.1646294 0.2049515
vn 0.9751742 -0.09514131 0.1999587
vn 0.9800894 -0.01921225 0.1973511
vn 0.6985555 0.71232 0.05950123
vn 0.7245605 0.67569 0.135857
vn 0.8330034 0.5482126 -0.0746299
vn -0.8088418 -0.5758331 -0.1171295
vn -0.9828261 -0.1798893 -0.04114495
vn -0.9828241 -0.1796491 -0.04202703
vn 0.4596742 0.8827915 0.09278089
vn 0.7245605 0.67569 0.135857
vn 0.6985555 0.71232 0.05950123
vn 0.1348336 0.9901394 0.03802973
vn 0.1508694 0.9815775 0.1172458
vn 0.03583962 0.9933773 0.1091768
vn -0.9753399 0.2025886 0.08718131
vn -0.83505 0.5429831 0.08675814
vn -0.7808332 0.6075935 0.1453598
vn -0.4771168 0.4519392 0.7526135
vn 0.01666512 0.2937621 0.9554727
vn -0.5806893 0.4056029 0.7056345
vn -0.6769337 -0.7135244 0.1676204
vn -0.5235329 -0.7545007 0.3710334
vn -0.5026999 -0.8017464 0.3168081
vn -0.7478798 -0.379184 -0.5448813
vn -0.511804 -0.1543297 -0.845127
vn -0.6019498 -0.4959642 -0.6258406
vn 0.1435548 0.2702619 0.9413646
vn 0.28031 0.253279 0.9258927
vn 0.1379545 0.2709572 0.9419981
vn 0.9739251 -0.09416356 0.07577351
vn 0.9574805 0.2724983 0.09100971
vn 0.9937098 0.09272851 0.06252834
vn 0.9739251 -0.09416356 0.07577351
vn 0.8629465 -0.2728777 0.3492404
vn 0.9400474 0.07810342 0.2714528
vn -0.8429928 -0.314547 0.4363765
vn -0.5026999 -0.8017464 0.3168081
vn -0.8283185 -0.3873065 0.4029112
vn -0.9423522 -0.2924836 0.1625623
vn -0.9778612 0.08327985 0.19197
vn -0.6769337 -0.7135244 0.1676204
vn 0.4472805 0.7158586 -0.4989075
vn 0.3364642 0.7717028 -0.5173926
vn 0.4279294 0.7497295 -0.5047608
vn -0.7478798 -0.379184 -0.5448813
vn -0.7866118 -0.2375434 -0.5699267
vn -0.708115 -0.1666866 -0.6832806
vn -0.6897079 0.6939317 0.2012725
vn -0.8946561 0.1650617 0.4132721
vn -0.8368467 0.4466121 0.3165835
vn 0.9647512 0.1646294 0.2049515
vn 0.9574805 0.2724983 0.09100971
vn 0.728537 0.6826856 0.0199604
vn 0.2854951 0.7649472 0.5768024
vn 0.1291402 0.5777864 0.8056409
vn 0.3291067 0.6810946 0.6538182
vn 0.3291067 0.6810946 0.6538182
vn 0.3320708 0.8678433 0.3691647
vn 0.4949026 0.8194262 0.2877183
vn -0.9877939 0.09370089 -0.1244299
vn -0.9764044 0.2016674 -0.07722828
vn -0.9518982 -0.3064148 0.0001562834
vn 0.2699218 0.3932711 0.878696
vn 0.2010496 0.1820633 0.962453
vn 0.09678781 0.6293517 0.7707179
vn -0.2540134 -0.8739171 0.3947079
vn -0.3238912 -0.8786815 0.3507359
vn -0.7125024 -0.5406259 0.44673
vn 0.1508694 0.9815775 0.1172458
vn 0.7245605 0.67569 0.135857
vn 0.4596742 0.8827915 0.09278089
vn -0.6991549 0.655159 0.286268
vn -0.7808332 0.6075935 0.1453598
vn -0.7190543 0.6457235 0.256909
vn -0.7125024 -0.5406259 0.44673
vn -0.9011541 -0.3458477 0.2613643
vn -0.8929362 -0.3177735 0.3188815
vn 0.02296999 0.9870207 0.1589469
vn 0.180856 0.9112495 0.3700227
vn -0.09999359 0.931787 0.3489645
vn 0.5717895 0.8191649 0.03445941
vn 0.2683544 0.9590931 -0.08555698
vn 0.1672103 0.9708118 -0.1656011
vn 0.9924829 0.006842613 0.1221102
vn 0.9800784 -0.1719104 0.09912011
vn 0.7707906 -0.6346812 0.05136919
vn -0.8520004 0.500448 -0.1511394
vn -0.9271624 -0.3449178 -0.1456874
vn -0.9831246 -0.1728335 -0.05950176
vn -0.8088418 -0.5758331 -0.1171295
vn -0.7117611 -0.6999786 -0.04890078
vn -0.9831246 -0.1728335 -0.05950176
vn 0.8967303 0.4422762 0.005162179
vn 0.9924829 0.006842613 0.1221102
vn 0.8804451 0.4729708 -0.02962992
vn -0.7956899 -0.5969384 0.1006644
vn -0.6280643 -0.7750958 0.06601816
vn -0.5672866 -0.6360145 -0.2314471
vn -0.8945413 0.3010581 0.3300372
vn -0.9256463 0.0237149 0.310411
vn -0.9647599 -0.08169341 0.2179418
vn 0.9924829 0.006842613 0.1221102
vn 0.5717895 0.8191649 0.03445941
vn 0.9923643 -0.03359771 0.1186718
vn 0.611842 0.7890399 -0.05537754
vn 0.650135 0.7583587 0.0470919
vn 0.2356368 0.9716957 0.01686275
vn -0.553539 -0.6293311 -0.29147
vn -0.5333159 -0.6102824 -0.3405159
vn -0.5783867 -0.7226758 -0.1487288
vn 0.5954758 -0.6918399 0.03547662
vn 0.5531118 -0.6079091 0.3138262
vn 0.6465552 -0.5949253 0.3676893
vn -0.6970625 0.5174507 0.2832358
vn -0.7187266 0.3944975 0.3016664
vn -0.5932106 0.6089119 0.1648537
vn 0.2913346 0.9207166 -0.01676732
vn 0.2660878 0.9637651 0.01885229
vn -0.151163 0.8701911 0.1556029
vn -0.9537942 -0.1304808 0.2099396
vn -0.9811681 -0.1221552 0.1014149
vn -0.9895706 -0.09599248 0.03408703
vn 0.5879818 0.7147902 -0.1751252
vn 0.550355 0.5678125 -0.1662589
vn 0.8260312 0.3597046 -0.3438037
vn 0.5879818 0.7147902 -0.1751252
vn 0.3070765 0.8362517 -0.07702702
vn 0.2913273 0.6730684 0.078991
vn -0.5940528 0.4569211 0.4186373
vn -0.1463432 0.7578962 0.1076136
vn -0.6250422 0.5589557 0.1046154
vn 0.566301 0.4286715 -0.699804
vn 0.6259533 -0.403295 -0.3778923
vn 0.7246986 -0.5489663 -0.1771718
vn 0.9296463 -0.3158795 -0.09547918
vn 0.9766347 -0.1463365 -0.1211074
vn 0.7106931 -0.1956167 -0.5051532
vn -0.9895706 -0.09599248 0.03408703
vn -0.9871628 -0.1057482 0.06138024
vn -0.9923678 -0.08020617 0.0358132
vn -0.1018128 0.9916569 0.05401802
vn -0.1349047 0.8641915 0.1696258
vn -0.1584706 0.8534625 0.03644735
vn -0.1584706 0.8534625 0.03644735
vn -0.1349047 0.8641915 0.1696258
vn -0.09291036 0.7649674 0.05218416
vn -0.7445724 0.4397712 0.1842187
vn -0.7413494 0.4023496 0.3206863
vn -0.6855422 0.382332 0.5007674
vn 0.1930979 0.9018984 -0.3782876
vn 0.566301 0.4286715 -0.699804
vn 0.7106931 -0.1956167 -0.5051532
vn 0.1477484 0.849735 -0.2249717
vn 0.2521644 0.8186983 -0.1019226
vn 0.25712 0.6641406 -0.176481
vn 0.5015132 0.6573439 -0.2546139
vn 0.7106931 -0.1956167 -0.5051532
vn 0.8260312 0.3597046 -0.3438037
vn 0.5015132 0.6573439 -0.2546139
vn 0.2521644 0.8186983 -0.1019226
vn 0.1930979 0.9018984 -0.3782876
vn 0.6259533 -0.403295 -0.3778923
vn 0.7048028 -0.4179569 -0.2849227
vn 0.6345977 -0.5845748 -0.09499329
vn -0.6508335 0.1538346 0.5158759
vn -0.6673853 0.2253358 0.5757117
vn -0.6509235 -0.03862166 0.5805451
vn 0.03838918 0.9137583 0.20148
vn 0.05016011 0.9371799 0.3366206
vn -0.1018128 0.9916569 0.05401802
vn 0.264856 0.9198919 0.2678446
vn 0.3045143 0.8966964 0.3112302
vn 0.3006309 0.9092929 0.271003
vn 0.9293764 0.3544542 0.05947706
vn 0.9029273 0.4107578 0.05516183
vn 0.9097868 0.3961556 0.05628097
vn 0.5188771 0.1851293 0.5765302
vn 0.5173931 0.2378539 0.5696425
vn 0.5956169 0.1076942 0.563127
vn -0.6256263 0.5127623 0.5204211
vn -0.656775 0.4074386 0.6345393
vn -0.5806893 0.4056029 0.7056345
vn 0.6149019 -0.4543958 0.4694376
vn 0.5956169 0.1076942 0.563127
vn 0.5173931 0.2378539 0.5696425
vn -0.7659285 -0.5131851 0.3872921
vn -0.5253016 -0.06509662 0.8484229
vn -0.4311883 -0.2260766 0.87348
vn 0.04856074 -0.9916582 0.1194046
vn 0.1348682 -0.7832232 0.6069376
vn 0.229219 -0.9601929 0.1596528
vn -0.1658859 -0.9537243 0.2507844
vn 0.05438548 -0.6927889 0.7190877
vn 0.1348682 -0.7832232 0.6069376
vn 0.4534599 -0.3802666 0.8060845
vn 0.3823286 -0.7539896 0.5341586
vn 0.2837809 -0.3805546 0.8801408
vn 0.271044 -0.2598795 0.9265192
vn 0.2380565 -0.2935157 0.9244831
vn 0.2896404 -0.1302405 0.9471377
vn 0.1705285 -0.2222804 0.9597811
vn 0.3565565 -0.1810755 0.916211
vn 0.320867 -0.1612483 0.9330226
vn 0.4019993 0.1452828 0.9036744
vn 0.6370119 0.009339452 0.7698892
vn 0.6021913 0.08339065 0.7931206
vn 0.3948234 -0.05881858 0.9165483
vn 0.2645724 -0.07284802 0.9615083
vn 0.3719997 0.1940527 0.9075713
vn 0.03705156 0.4683878 0.8822946
vn 0.4019993 0.1452828 0.9036744
vn -0.02113988 0.3201426 0.9469486
vn 0.1280138 0.06660473 0.9895003
vn 0.07067026 0.06855577 0.9951289
vn 0.086842 0.2646729 0.9602834
vn 0.8555927 -0.4082668 0.3125976
vn 0.8758513 -0.2941175 0.3781547
vn 0.8542871 -0.498059 0.1351092
vn -0.3573641 0.6784752 0.6418435
vn -0.3838912 0.7595803 0.5250392
vn -0.1608381 0.6215082 0.7667202
vn -0.8024143 0.483775 -0.3494178
vn -0.7096201 0.7043045 0.01985824
vn -0.9764044 0.2016674 -0.07722828
vn 0.364835 0.9302341 -0.009425044
vn 0.4446016 0.8936924 0.0485903
vn 0.4239343 0.9046257 -0.01974368
vn 0.3291067 0.6810946 0.6538182
vn 0.2706853 0.1948168 0.9426477
vn 0.3719997 0.1940527 0.9075713
vn 0.4247745 0.6927902 0.5827595
vn 0.3284344 0.5235057 0.785979
vn 0.2818243 0.3565285 0.8906637
vn 0.01347794 -0.07936388 0.9967553
vn -0.02975787 0.4694886 0.8824376
vn -0.3225533 0.2276957 0.9187574
vn -0.07427685 0.1565794 0.9848692
vn 0.3558459 -0.0598473 0.932627
vn 0.2837809 -0.3805546 0.8801408
vn 0.1348682 -0.7832232 0.6069376
vn 0.2837809 -0.3805546 0.8801408
vn 0.3823286 -0.7539896 0.5341586
vn -0.4311883 -0.2260766 0.87348
vn -0.07427685 0.1565794 0.9848692
vn 0.2837809 -0.3805546 0.8801408
vn -0.6732652 0.7394009 -9.75728E-05
vn -0.4994554 0.7929993 0.3488509
vn -0.7096201 0.7043045 0.01985824
vn -0.3130506 0.4051448 0.8589867
vn -0.07427685 0.1565794 0.9848692
vn -0.5253016 -0.06509662 0.8484229
vn -0.3405191 -0.2309651 0.9107105
vn 0.149531 0.01681137 0.9884062
vn 0.2601171 0.1730475 0.9490588
vn 0.1215327 0.2792749 0.9522897
vn 0.1079307 0.4472588 0.8876032
vn 0.1345482 0.4452496 0.8852407
vn -0.4771168 0.4519392 0.7526135
vn -0.3878271 0.5335129 0.7500654
vn 0.08550349 0.3105351 0.9461406
vn 0.08550349 0.3105351 0.9461406
vn 0.01666512 0.2937621 0.9554727
vn -0.4771168 0.4519392 0.7526135
vn -0.656775 0.4074386 0.6345393
vn -0.6256263 0.5127623 0.5204211
vn -0.6691554 0.4093786 0.5271009
vn -0.09091532 0.9386339 0.3312977
vn 0.05016011 0.9371799 0.3366206
vn -0.08008468 0.8995697 0.2490299
vn -0.7880373 0.613439 -0.00244534
vn -0.7137454 0.5605561 0.4160827
vn -0.7622986 0.4361902 0.4764139
vn -0.4716494 0.8815069 -0.01278156
vn 0.02296999 0.9870207 0.1589469
vn -0.09999359 0.931787 0.3489645
vn 0.4141729 0.7908448 0.4505839
vn 0.1707327 0.9011641 0.3984404
vn 0.180856 0.9112495 0.3700227
vn -0.3573641 0.6784752 0.6418435
vn -0.3130506 0.4051448 0.8589867
vn -0.5597095 0.2289225 0.7964424
vn -0.594818 -0.4693525 0.6526105
vn -0.3139008 -0.5573461 0.7686564
vn -0.6260513 -0.1428404 0.7665878
vn 0.4558658 -0.1559603 0.6664327
vn -0.1320807 -0.390609 0.7488117
vn -0.3139008 -0.5573461 0.7686564
vn -0.6977973 0.0367803 0.7153503
vn -0.6260513 -0.1428404 0.7665878
vn -0.5052647 -0.1786146 0.8442779
vn -0.3139008 -0.5573461 0.7686564
vn -0.1902648 -0.4863829 0.8527792
vn -0.5052647 -0.1786146 0.8442779
vn -0.7060504 0.1064333 0.7001178
vn -0.7619922 0.1406897 0.6321188
vn -0.6883215 0.0906074 0.719725
vn -0.6883215 0.0906074 0.719725
vn -0.6977973 0.0367803 0.7153503
vn -0.5052647 -0.1786146 0.8442779
vn -0.1608381 0.6215082 0.7667202
vn -0.3838912 0.7595803 0.5250392
vn -0.2367029 0.6118928 0.7546918
vn -0.7659285 -0.5131851 0.3872921
vn -0.7535114 -0.6540469 0.06666303
vn -0.5743575 -0.8112077 -0.1098035
vn -0.9764044 0.2016674 -0.07722828
vn -0.7096201 0.7043045 0.01985824
vn -0.8653196 0.4480665 0.2246289
vn -0.1723322 -0.3571985 0.7594858
vn 0.07026964 -0.588765 0.6663878
vn -0.1902648 -0.4863829 0.8527792
vn 0.4311969 -0.302898 0.8492404
vn 0.7686534 -0.2853846 0.5701678
vn 0.3409276 -0.3394423 0.876131
vn 0.4519129 0.4940201 0.7416416
vn 0.165249 0.5033679 0.8475117
vn 0.5611235 0.598535 0.5694837
vn 0.1770066 -0.9795569 0.09559232
vn 0.3823281 -0.7539897 -0.5341586
vn 0.229219 -0.960193 -0.1596528
vn 0.3055432 -0.7857018 -0.5378819
vn 0.4534591 -0.3802671 -0.8060848
vn 0.3823281 -0.7539897 -0.5341586
vn 0.1770066 -0.9795569 0.09559232
vn 0.229219 -0.960193 -0.1596528
vn 0.2026102 -0.960947 0.1884974
vn 0.3055432 -0.7857018 -0.5378819
vn 0.3417276 -0.3499969 -0.8721958
vn 0.4534591 -0.3802671 -0.8060848
vn 0.3055432 -0.7857018 -0.5378819
vn 0.1080145 -0.5911934 -0.799265
vn 0.3417276 -0.3499969 -0.8721958
vn 0.01477802 -0.9209685 0.3893585
vn 0.08972037 -0.9517818 0.2933646
vn -0.09798965 -0.9279578 0.3595743
vn 0.8717596 0.4186014 0.2473468
vn 0.7621669 0.4779887 0.4330245
vn 0.8141266 0.548385 0.1808871
vn 0.9814653 -0.1865849 -0.003729776
vn 0.86168 -0.4041669 -0.303845
vn 0.8738981 -0.4840066 0.002529234
vn 0.6980996 0.1166045 0.705083
vn 0.9088913 0.1986086 0.3621461
vn 0.7398874 0.108168 0.6623579
vn 0.124325 0.9352331 0.3262649
vn -0.006721586 0.994695 -0.08154076
vn 0.0714322 0.9924904 -0.07728869
vn 0.9014698 0.3305723 0.2729356
vn 0.8717596 0.4186014 0.2473468
vn 0.8141266 0.548385 0.1808871
vn 0.1583818 0.7305067 -0.6625862
vn 0.1735048 0.8038114 -0.5666697
vn 0.2136337 0.624575 -0.7500221
vn 0.1965319 0.1651723 -0.9663329
vn 0.4580072 0.1624414 -0.8734252
vn 0.07275252 0.2291398 -0.9705356
vn 0.3391301 0.9005952 -0.2649757
vn 0.3054277 0.9193914 -0.2401699
vn 0.3515954 0.9338338 -0.01975089
vn 0.3391301 0.9005952 -0.2649757
vn 0.3515954 0.9338338 -0.01975089
vn 0.327353 0.9074242 -0.2563164
vn 0.5051057 -0.8502243 -0.1346862
vn 0.1404715 -0.987046 0.0455879
vn 0.3391667 -0.9385175 0.01479596
vn 0.5911165 -0.8040773 0.01048321
vn 0.5051057 -0.8502243 -0.1346862
vn 0.3391667 -0.9385175 0.01479596
vn 0.4580072 0.1624414 -0.8734252
vn 0.841758 0.1506566 -0.5155815
vn 0.8740141 0.2759869 -0.3957033
vn 0.8740141 0.2759869 -0.3957033
vn 0.8581657 0.4030578 -0.3122886
vn 0.8680937 0.397978 -0.2905413
vn 0.2395697 0.1343634 -0.9613664
vn 0.08289722 0.3154424 -0.9450711
vn 0.1454003 0.3242089 -0.934453
vn 0.6239872 0.7393688 -0.2455566
vn 0.5701621 0.7892647 -0.2195997
vn 0.536343 0.8414565 -0.0193994
vn 0.04398042 0.4991958 -0.8647709
vn 0.1454003 0.3242089 -0.934453
vn 0.08289722 0.3154424 -0.9450711
vn 0.2401175 -0.8852938 0.02384889
vn 0.4726363 -0.8418454 -0.08451706
vn 0.4877171 -0.8605087 -0.03545749
vn 0.5952897 -0.6852587 -0.08469099
vn 0.4726363 -0.8418454 -0.08451706
vn 0.2401175 -0.8852938 0.02384889
vn 0.5124893 -0.8438004 -0.1592001
vn 0.6348931 -0.7600527 -0.1386671
vn 0.8927582 -0.4299433 -0.1346492
vn 0.8647332 -0.4952596 -0.08338666
vn 0.8927582 -0.4299433 -0.1346492
vn 0.6171185 -0.7766898 -0.1261648
vn 0.6348931 -0.7600527 -0.1386671
vn 0.6171185 -0.7766898 -0.1261648
vn 0.8927582 -0.4299433 -0.1346492
vn 0.4064507 -0.8959211 0.05312771
vn 0.2401175 -0.8852938 0.02384889
vn 0.4877171 -0.8605087 -0.03545749
vn 0.4877171 -0.8605087 -0.03545749
vn 0.6171185 -0.7766898 -0.1261648
vn 0.4064507 -0.8959211 0.05312771
vn 0.4683975 -0.8618141 -0.1946144
vn 0.4064507 -0.8959211 0.05312771
vn 0.6171185 -0.7766898 -0.1261648
vn 0.6348931 -0.7600527 -0.1386671
vn 0.4683975 -0.8618141 -0.1946144
vn 0.6171185 -0.7766898 -0.1261648
vn 0.4025319 -0.8978634 -0.1783061
vn 0.4241504 -0.9029866 -0.06849962
vn 0.3966737 -0.9024664 -0.1678888
vn 0.4025319 -0.8978634 -0.1783061
vn 0.5124893 -0.8438004 -0.1592001
vn 0.4241504 -0.9029866 -0.06849962
vn 0.5124893 -0.8438004 -0.1592001
vn 0.7710679 -0.6363496 -0.02257359
vn 0.4241504 -0.9029866 -0.06849962
vn 0.3966737 -0.9024664 -0.1678888
vn 0.4241504 -0.9029866 -0.06849962
vn 0.3372578 -0.9405349 0.04055732
vn 0.4241504 -0.9029866 -0.06849962
vn 0.4480605 -0.8937081 0.02284873
vn 0.3372578 -0.9405349 0.04055732
vn 0.4480605 -0.8937081 0.02284873
vn 0.6120725 -0.7907168 -0.01158148
vn 0.3372578 -0.9405349 0.04055732
vn 0.9003975 -0.1034202 -0.3096359
vn 0.5708805 -0.6334191 -0.2094758
vn 0.779684 -0.2073334 -0.4714787
vn 0.5708805 -0.6334191 -0.2094758
vn 0.2401175 -0.8852938 0.02384889
vn 0.2817994 -0.7484746 -0.2504275
vn 0.5952897 -0.6852587 -0.08469099
vn 0.8647332 -0.4952596 -0.08338666
vn 0.4726363 -0.8418454 -0.08451706
vn 0.5124893 -0.8438004 -0.1592001
vn 0.4683975 -0.8618141 -0.1946144
vn 0.6348931 -0.7600527 -0.1386671
vn 0.8313291 -0.5042265 -0.09268951
vn 0.5952897 -0.6852587 -0.08469099
vn 0.7247508 -0.5633161 0.1304772
vn -0.578318 -0.7264045 0.1028084
vn -0.4556916 -0.8752894 -0.05374891
vn -0.6281215 -0.7705831 -0.1079876
vn 0.02405214 0.4355996 -0.8993766
vn 0.1583818 0.7305067 -0.6625862
vn 0.2136337 0.624575 -0.7500221
vn 0.3168135 0.4941251 -0.8094184
vn 0.3193907 0.6564631 -0.6831698
vn 0.4160389 0.6707636 -0.6139937
vn 0.3168135 0.4941251 -0.8094184
vn 0.2194895 0.2925921 -0.9306313
vn 0.3586728 0.1604068 -0.9194284
vn 0.1917312 -0.01093537 -0.9813513
vn 0.2194895 0.2925921 -0.9306313
vn 0.1670369 -0.008479357 -0.985887
vn -0.06223209 0.3777725 -0.9234111
vn 0.07544684 0.285552 -0.9547916
vn 0.1086427 0.2469335 -0.9627528
vn -0.3973412 0.5096493 -0.7610118
vn -0.06223209 0.3777725 -0.9234111
vn -0.08247069 0.7305431 -0.6772903
vn 0.09540759 0.4158353 -0.9041567
vn -0.06223209 0.3777725 -0.9234111
vn 0.1086427 0.2469335 -0.9627528
vn -0.5012285 0.7176141 -0.4827921
vn -0.616528 0.5904364 -0.5193278
vn -0.3973412 0.5096493 -0.7610118
vn -0.4800639 0.7956882 -0.3684795
vn -0.5012285 0.7176141 -0.4827921
vn -0.1053257 0.9183422 -0.381518
vn -0.7199018 0.5450449 -0.4259657
vn -0.7659288 0.4270382 -0.4779874
vn -0.4881777 0.4240612 -0.7616896
vn -0.1053257 0.9183422 -0.381518
vn -0.5012285 0.7176141 -0.4827921
vn -0.08247069 0.7305431 -0.6772903
vn -0.08247069 0.7305431 -0.6772903
vn -0.5012285 0.7176141 -0.4827921
vn -0.3973412 0.5096493 -0.7610118
vn 0.2740967 0.8513532 -0.4472916
vn 0.3264406 0.8535711 -0.4056545
vn 0.4125489 0.8338112 -0.3664341
vn 0.1751921 0.8969684 -0.4059025
vn 0.4073409 0.7736182 -0.4853749
vn 0.4185624 0.7934724 -0.4418232
vn 0.1751921 0.8969684 -0.4059025
vn -0.1053257 0.9183422 -0.381518
vn -0.08247069 0.7305431 -0.6772903
vn 0.4160389 0.6707636 -0.6139937
vn 0.3193907 0.6564631 -0.6831698
vn 0.2740967 0.8513532 -0.4472916
vn -0.4800639 0.7956882 -0.3684795
vn -0.6904318 0.6400082 -0.3344854
vn -0.5012285 0.7176141 -0.4827921
vn 0.3264406 0.8535711 -0.4056545
vn 0.4904434 0.8081434 -0.3248659
vn 0.4125489 0.8338112 -0.3664341
vn 0.3752178 0.8174537 -0.4370142
vn 0.2740967 0.8513532 -0.4472916
vn 0.4125489 0.8338112 -0.3664341
vn 0.4970142 0.71525 -0.4913188
vn 0.2740967 0.8513532 -0.4472916
vn 0.3752178 0.8174537 -0.4370142
vn 0.4970142 0.71525 -0.4913188
vn 0.5677 0.7013737 -0.4310352
vn 0.4185624 0.7934724 -0.4418232
vn 0.4073409 0.7736182 -0.4853749
vn 0.4970142 0.71525 -0.4913188
vn 0.4185624 0.7934724 -0.4418232
vn 0.1767892 0.9168597 -0.3579317
vn 0.1751921 0.8969684 -0.4059025
vn 0.1205513 0.9116593 -0.3928692
vn 0.3088521 0.6398333 -0.7037218
vn 0.1751921 0.8969684 -0.4059025
vn -0.08247069 0.7305431 -0.6772903
vn 0.4073409 0.7736182 -0.4853749
vn 0.3088521 0.6398333 -0.7037218
vn 0.4160389 0.6707636 -0.6139937
vn -0.4800639 0.7956882 -0.3684795
vn -0.4716494 0.8815069 -0.01278156
vn -0.6904318 0.6400082 -0.3344854
vn 0.8578057 -0.37104 -0.257002
vn 0.9392315 -0.3195228 -0.02238944
vn 0.6534914 -0.6958789 -0.05753613
vn 0.6149549 -0.4227205 -0.5111184
vn 0.7689233 -0.3245905 -0.4178658
vn 0.6726348 -0.1007639 -0.5469176
vn 0.6147512 -0.445299 -0.4644276
vn 0.7689233 -0.3245905 -0.4178658
vn 0.8578057 -0.37104 -0.257002
vn 0.9894178 -0.1372735 -0.007366747
vn 0.9392315 -0.3195228 -0.02238944
vn 0.8578057 -0.37104 -0.257002
vn 0.8578057 -0.37104 -0.257002
vn 0.7689233 -0.3245905 -0.4178658
vn 0.8794689 -0.2885004 -0.3137105
vn -0.6829493 -0.7304665 4.768372E-07
vn -0.574048 -0.8114126 0.1099066
vn -0.9013827 -0.4329933 0.005105227
vn -0.9175375 -0.08961904 -0.387419
vn -0.9763891 0.2017085 0.07731325
vn -0.9013827 -0.4329933 0.005105227
vn -0.7654431 -0.5137018 -0.3875667
vn -0.4350629 -0.6679394 -0.6038033
vn -0.5735053 -0.2161821 -0.7901632
vn -0.27999 -0.9330908 -0.2257179
vn -0.4350629 -0.6679394 -0.6038033
vn -0.7654431 -0.5137018 -0.3875667
vn -0.9518982 -0.3064148 0.0001562834
vn -0.6829493 -0.7304665 4.768372E-07
vn -0.9013827 -0.4329933 0.005105227
vn -0.7654431 -0.5137018 -0.3875667
vn -0.9175375 -0.08961904 -0.387419
vn -0.9013827 -0.4329933 0.005105227
vn 0.1011596 -0.5648434 -0.8189749
vn 0.1348272 -0.7832787 -0.6068751
vn 0.07560974 -0.4720769 -0.8783097
vn -0.9070807 0.4083948 -0.1020596
vn -0.8520054 0.5023074 0.1475354
vn -0.9539206 0.2997558 -0.01342994
vn -0.1082998 0.9918206 0.06747878
vn -0.6626316 0.734459 0.1465573
vn -0.8520054 0.5023074 0.1475354
vn -0.01185423 -0.9999303 1.788139E-07
vn 0.142361 -0.9898153 5.960464E-08
vn 0.1770066 -0.9795569 0.09559232
vn 0.4472324 0.7684962 -0.4541425
vn 0.5748489 0.8156846 -0.01920629
vn 0.6239872 0.7393688 -0.2455566
vn -0.6248371 0.547546 -0.07573646
vn -0.6539999 0.3868185 -0.5166065
vn -0.727301 0.4011247 -0.2540661
vn -0.1461481 0.7466097 -0.06428051
vn -0.6248371 0.547546 -0.07573646
vn -0.5931496 0.6049917 -0.1273839
vn -0.1512029 0.8710332 -0.100944
vn -0.1461481 0.7466097 -0.06428051
vn -0.5931496 0.6049917 -0.1273839
vn 0.6534914 -0.6958789 -0.05753613
vn 0.603453 -0.6288075 -0.2505811
vn 0.6147512 -0.445299 -0.4644276
vn 0.8794689 -0.2885004 -0.3137105
vn 0.7689233 -0.3245905 -0.4178658
vn 0.6149549 -0.4227205 -0.5111184
vn 0.6147512 -0.445299 -0.4644276
vn 0.8578057 -0.37104 -0.257002
vn 0.6534914 -0.6958789 -0.05753613
vn -0.5672196 -0.6392664 0.1907396
vn -0.5223159 -0.6166843 0.3204601
vn -0.578318 -0.7264045 0.1028084
vn -0.7957747 -0.5916176 -0.1293317
vn -0.6281215 -0.7705831 -0.1079876
vn -0.7116163 -0.7020962 0.02553004
vn -0.6281215 -0.7705831 -0.1079876
vn -0.5672196 -0.6392664 0.1907396
vn -0.578318 -0.7264045 0.1028084
vn -0.4423289 -0.8896968 0.1130531
vn -0.5183799 -0.8448424 0.132313
vn -0.4233919 -0.9001617 0.1021838
vn -0.6281215 -0.7705831 -0.1079876
vn -0.4556916 -0.8752894 -0.05374891
vn -0.4974632 -0.8658971 -0.05229646
vn -0.578318 -0.7264045 0.1028084
vn -0.5438231 -0.6514627 0.2282079
vn -0.4556916 -0.8752894 -0.05374891
vn 0.4137387 0.530131 -0.5191081
vn 0.5170704 0.256209 -0.5424616
vn 0.4797073 0.5043463 -0.516254
vn -0.4195316 -0.9075124 -0.02037489
vn -0.4423289 -0.8896968 0.1130531
vn -0.2852641 -0.9577332 -0.03704399
vn -0.2852641 -0.9577332 -0.03704399
vn -0.4423289 -0.8896968 0.1130531
vn -0.4233919 -0.9001617 0.1021838
vn -0.4233919 -0.9001617 0.1021838
vn -0.5183799 -0.8448424 0.132313
vn -0.4974632 -0.8658971 -0.05229646
vn -0.7116163 -0.7020962 0.02553004
vn -0.6281215 -0.7705831 -0.1079876
vn -0.4974632 -0.8658971 -0.05229646
vn -0.5672196 -0.6392664 0.1907396
vn -0.5206374 -0.2534773 0.5281676
vn -0.5223159 -0.6166843 0.3204601
vn 0.5565705 -0.814762 -0.1624569
vn 0.673981 -0.7359109 -0.05197364
vn 0.563948 -0.8150854 -0.126951
vn 0.6120725 -0.7907168 -0.01158148
vn 0.5565705 -0.814762 -0.1624569
vn 0.563948 -0.8150854 -0.126951
vn 0.8511012 -0.4196242 -0.3098067
vn 0.7669945 -0.4738711 -0.4289038
vn 0.7671955 -0.5562623 -0.3137527
vn 0.7671955 -0.5562623 -0.3137527
vn 0.8640537 -0.49946 0.002913058
vn 0.8511012 -0.4196242 -0.3098067
vn 0.8640537 -0.49946 0.002913058
vn 0.8542871 -0.498059 0.1351092
vn 0.8511012 -0.4196242 -0.3098067
vn 0.8313291 -0.5042265 -0.09268951
vn 0.8647332 -0.4952596 -0.08338666
vn 0.5952897 -0.6852587 -0.08469099
vn 0.9762974 -0.2044784 -0.0390929
vn 0.8313291 -0.5042265 -0.09268951
vn 0.9297054 -0.3225482 0.07129225
vn 0.9714495 0.05874956 -0.2244554
vn 0.9474635 -0.2771308 -0.1533758
vn 0.9268383 0.2881804 -0.2363304
vn 0.5312178 -0.8448276 0.01168454
vn 0.09999838 -0.9570683 -0.2653313
vn 0.1019772 -0.9926528 0.01752317
vn 0.9986085 -0.0157578 -0.01213636
vn 0.9984675 -0.007089974 -0.007155219
vn 0.9842407 0.165232 -0.02005719
vn -0.686358 -0.5991344 -0.4086089
vn -0.5427316 -0.8375567 0.01937282
vn -0.5334026 -0.7691433 -0.3472916
vn -0.5334026 -0.7691433 -0.3472916
vn -0.5427316 -0.8375567 0.01937282
vn -0.4380848 -0.8614948 -0.2495046
vn -0.4056181 -0.8912045 -0.1935784
vn -0.4380848 -0.8614948 -0.2495046
vn -0.2344273 -0.9699236 0.0195601
vn 0.5312178 -0.8448276 0.01168454
vn 0.7671955 -0.5562623 -0.3137527
vn 0.4665241 -0.7838108 -0.4058859
vn 0.1019772 -0.9926528 0.01752317
vn 0.09999838 -0.9570683 -0.2653313
vn -0.2344273 -0.9699236 0.0195601
vn -0.1562013 -0.9592872 -0.2273322
vn -0.4056181 -0.8912045 -0.1935784
vn -0.2344273 -0.9699236 0.0195601
vn 0.5312178 -0.8448276 0.01168454
vn 0.8640537 -0.49946 0.002913058
vn 0.7671955 -0.5562623 -0.3137527
vn 0.8511012 -0.4196242 -0.3098067
vn 0.8561863 -0.3218306 -0.4000687
vn 0.7669945 -0.4738711 -0.4289038
vn 0.7671955 -0.5562623 -0.3137527
vn 0.619417 -0.6323014 -0.4620007
vn 0.4665241 -0.7838108 -0.4058859
vn 0.7669945 -0.4738711 -0.4289038
vn 0.619417 -0.6323014 -0.4620007
vn 0.7671955 -0.5562623 -0.3137527
vn 0.1243462 -0.2280772 -0.9655451
vn 0.04320641 -0.3148693 -0.9479622
vn 0.09257744 -0.2695642 -0.9583717
vn -0.686358 -0.5991344 -0.4086089
vn -0.5334026 -0.7691433 -0.3472916
vn -0.5841739 -0.6844116 -0.4326571
vn -0.2533846 -0.8969269 -0.3576925
vn -0.1562013 -0.9592872 -0.2273322
vn 0.09999838 -0.9570683 -0.2653313
vn 0.4665241 -0.7838108 -0.4058859
vn 0.619417 -0.6323014 -0.4620007
vn 0.2784624 -0.8466094 -0.4501347
vn 0.993363 0.07423271 0.0639624
vn 0.974774 -0.110181 -0.1840906
vn 0.9877793 0.1053266 -0.0108006
vn -0.4380848 -0.8614948 -0.2495046
vn -0.4056181 -0.8912045 -0.1935784
vn -0.2533846 -0.8969269 -0.3576925
vn -0.2533846 -0.8969269 -0.3576925
vn -0.4056181 -0.8912045 -0.1935784
vn -0.1562013 -0.9592872 -0.2273322
vn 0.2784624 -0.8466094 -0.4501347
vn 0.09999838 -0.9570683 -0.2653313
vn 0.4665241 -0.7838108 -0.4058859
vn -0.2344273 -0.9699236 0.0195601
vn 0.09999838 -0.9570683 -0.2653313
vn -0.1562013 -0.9592872 -0.2273322
vn 0.974774 -0.110181 -0.1840906
vn 0.9503388 -0.2750588 -0.132093
vn 0.9094785 -0.2514823 -0.3150616
vn 0.9877793 0.1053266 -0.0108006
vn 0.9170467 0.3787658 0.0576981
vn 0.997289 -0.0467391 0.01989868
vn 0.9774277 -0.05127646 -0.1371316
vn 0.9003975 -0.1034202 -0.3096359
vn 0.9386742 -0.1690774 -0.1810517
vn 0.9774277 -0.05127646 -0.1371316
vn 0.995747 -0.06163765 -0.017141
vn 0.997289 -0.0467391 0.01989868
vn 0.9877793 0.1053266 -0.0108006
vn 0.974774 -0.110181 -0.1840906
vn 0.9094785 -0.2514823 -0.3150616
vn 0.9877793 0.1053266 -0.0108006
vn 0.995747 -0.06163765 -0.017141
vn 0.9986085 -0.0157578 -0.01213636
vn 0.9986085 -0.0157578 -0.01213636
vn 0.995747 -0.06163765 -0.017141
vn 0.9774277 -0.05127646 -0.1371316
vn -0.6901007 -0.5564395 -0.4594626
vn -0.686358 -0.5991344 -0.4086089
vn -0.5841739 -0.6844116 -0.4326571
vn 0.9386742 -0.1690774 -0.1810517
vn 0.9003975 -0.1034202 -0.3096359
vn 0.7557916 -0.1704383 -0.4304239
vn 0.9842407 0.165232 -0.02005719
vn 0.9877793 0.1053266 -0.0108006
vn 0.9986085 -0.0157578 -0.01213636
vn 0.995747 -0.06163765 -0.017141
vn 0.9877793 0.1053266 -0.0108006
vn 0.997289 -0.0467391 0.01989868
vn 0.9986085 -0.0157578 -0.01213636
vn 0.9774277 -0.05127646 -0.1371316
vn 0.9386742 -0.1690774 -0.1810517
vn 0.7247508 -0.5633161 0.1304772
vn 0.5952897 -0.6852587 -0.08469099
vn 0.6259409 -0.4123099 0.341551
vn 0.5696152 0.4383786 0.6902876
vn 0.6259409 -0.4123099 0.341551
vn 0.6607097 -0.3418268 0.3880823
vn 0.6259409 -0.4123099 0.341551
vn 0.5708805 -0.6334191 -0.2094758
vn 0.5570713 -0.6156768 0.09706932
vn 0.6259409 -0.4123099 0.341551
vn 0.5952897 -0.6852587 -0.08469099
vn 0.5708805 -0.6334191 -0.2094758
vn 0.6006766 -0.7563291 -0.0406757
vn 0.4443416 -0.7352561 -0.3208773
vn 0.3938526 -0.8859893 -0.03127265
vn 0.7711164 -0.5562804 -0.07577801
vn 0.8010378 -0.3717353 -0.2729152
vn 0.603453 -0.6288075 -0.2505811
vn 0.603453 -0.6288075 -0.2505811
vn 0.599454 -0.3552387 -0.4968959
vn 0.6147512 -0.445299 -0.4644276
vn 0.9894178 -0.1372735 -0.007366747
vn 0.8578057 -0.37104 -0.257002
vn 0.8794689 -0.2885004 -0.3137105
vn 0.8010378 -0.3717353 -0.2729152
vn 0.7557916 -0.1704383 -0.4304239
vn 0.599454 -0.3552387 -0.4968959
vn 0.6534914 -0.6958789 -0.05753613
vn 0.7711164 -0.5562804 -0.07577801
vn 0.603453 -0.6288075 -0.2505811
vn 0.9762974 -0.2044784 -0.0390929
vn 0.9297054 -0.3225482 0.07129225
vn 0.9507201 -0.1349443 0.2389889
vn 0.5696152 0.4383786 0.6902876
vn 0.7111079 -0.2605676 0.4825516
vn 0.7247508 -0.5633161 0.1304772
vn 0.8313291 -0.5042265 -0.09268951
vn 0.9762974 -0.2044784 -0.0390929
vn 0.8647332 -0.4952596 -0.08338666
vn 0.9297054 -0.3225482 0.07129225
vn 0.8313291 -0.5042265 -0.09268951
vn 0.7247508 -0.5633161 0.1304772
vn 0.9297054 -0.3225482 0.07129225
vn 0.7247508 -0.5633161 0.1304772
vn 0.7111079 -0.2605676 0.4825516
vn -0.2852641 -0.9577332 -0.03704399
vn -0.1756995 -0.983025 -0.05284321
vn -0.1666094 -0.9723072 -0.1572969
vn 0.9068007 0.4215084 -0.00638622
vn 0.916115 0.400722 -0.01243216
vn 0.8630317 0.4994391 -0.07573843
vn 0.9437742 -0.3299739 0.02014777
vn 0.9614306 -0.272943 0.03394774
vn 0.9261036 -0.3749618 -0.04165456
vn 0.6120725 -0.7907168 -0.01158148
vn 0.5830894 -0.8119947 -0.02591294
vn 0.3372578 -0.9405349 0.04055732
vn -0.9412953 -0.3359864 -0.03279814
vn -0.9064329 -0.3656419 -0.2113879
vn -0.9274995 -0.3260671 -0.1828226
vn -0.5607701 -0.812969 0.1568707
vn -0.5183799 -0.8448424 0.132313
vn -0.4423289 -0.8896968 0.1130531
vn -0.3237437 -0.8976903 -0.2989023
vn -0.2852641 -0.9577332 -0.03704399
vn -0.1666094 -0.9723072 -0.1572969
vn -0.9412953 -0.3359864 -0.03279814
vn -0.9274995 -0.3260671 -0.1828226
vn -0.8962159 -0.4365138 0.07905114
vn -0.8962159 -0.4365138 0.07905114
vn -0.8970817 -0.4229018 0.1280409
vn -0.9412953 -0.3359864 -0.03279814
vn 0.03515449 0.9854019 -0.166577
vn 0.1342234 0.9863421 -0.09546703
vn 0.09265968 0.9932601 -0.0696373
vn 0.563948 -0.8150854 -0.126951
vn 0.5830894 -0.8119947 -0.02591294
vn 0.6120725 -0.7907168 -0.01158148
vn 0.2385864 0.9710904 -0.007225454
vn 0.1342234 0.9863421 -0.09546703
vn 0.1686596 0.9795023 -0.1101362
vn 0.7710679 -0.6363496 -0.02257359
vn 0.9437742 -0.3299739 0.02014777
vn 0.9261036 -0.3749618 -0.04165456
vn 0.8762267 0.481831 0.00789839
vn 0.8630317 0.4994391 -0.07573843
vn 0.8098743 0.5842828 -0.05212384
vn -0.4195316 -0.9075124 -0.02037489
vn -0.2852641 -0.9577332 -0.03704399
vn -0.3237437 -0.8976903 -0.2989023
vn -0.9828055 -0.08345116 0.1647099
vn -0.9902376 0.116692 0.07623176
vn -0.9189626 -0.03999853 0.3923087
vn -0.15941 -0.8374451 0.5227576
vn -0.3762774 -0.6271972 0.6819386
vn -0.2039429 -0.8460865 0.4924898
vn -0.9883221 -0.06940772 -0.1356573
vn -0.9914507 0.1247124 -0.03836522
vn -0.9902376 0.116692 0.07623176
vn -0.9012113 -0.153016 0.4054678
vn -0.9828055 -0.08345116 0.1647099
vn -0.9189626 -0.03999853 0.3923087
vn -0.6669506 -0.6609277 -0.3440239
vn -0.6858505 -0.6988385 -0.2030599
vn -0.6976578 -0.6632261 -0.2709339
vn -0.6976578 -0.6632261 -0.2709339
vn -0.6858505 -0.6988385 -0.2030599
vn -0.7239766 -0.6613528 -0.1961392
vn -0.9883221 -0.06940772 -0.1356573
vn -0.9902376 0.116692 0.07623176
vn -0.9828055 -0.08345116 0.1647099
vn -0.2885575 -0.2167237 0.9326123
vn -0.2885578 -0.2167243 0.9326125
vn -0.2728454 -0.330451 0.9035259
vn 0.8624409 0.3763041 -0.3385157
vn 0.8187051 0.05948448 -0.5711261
vn 0.94337 0.1424718 -0.2995939
vn 0.8748751 0.4829788 0.03642851
vn 0.94337 0.1424718 -0.2995939
vn 0.9955117 -0.02453233 -0.09141378
vn 0.8240061 0.04220426 -0.5650082
vn 0.94337 0.1424718 -0.2995939
vn 0.8187051 0.05948448 -0.5711261
vn -0.02736989 -0.7208509 -0.6925508
vn -0.08487701 -0.792136 -0.6044142
vn -0.041217 -0.8096541 -0.5854581
vn 0.6645677 0.6889119 -0.2893982
vn 0.7810991 0.5989974 -0.1763167
vn 0.6610539 0.7232034 -0.1999631
vn 0.7810991 0.5989974 -0.1763167
vn 0.7833376 0.6074343 0.1319349
vn 0.6610539 0.7232034 -0.1999631
vn 0.7445626 0.5287652 -0.4074742
vn 0.8624409 0.3763041 -0.3385157
vn 0.7810991 0.5989974 -0.1763167
vn -0.2885575 -0.2167237 0.9326123
vn -0.501052 0.1030089 0.8592647
vn -0.2885578 -0.2167243 0.9326125
vn -0.6027524 -0.7026964 -0.3780323
vn -0.6767923 -0.7217633 -0.1276159
vn -0.4807012 -0.7838192 -0.3909945
vn -0.389142 -0.822441 -0.4075781
vn -0.6027524 -0.7026964 -0.3780323
vn -0.4807012 -0.7838192 -0.3909945
vn -0.7427593 0.6639644 -0.08637464
vn -0.7427595 0.6639643 -0.08637434
vn -0.9010481 0.4151675 0.1254903
vn -0.8011048 -0.2102052 0.5603968
vn -0.7078403 -0.1280599 0.6917616
vn -0.3762774 -0.6271972 0.6819386
vn -0.9189626 -0.03999853 0.3923087
vn -0.9902376 0.116692 0.07623176
vn -0.9010481 0.4151675 0.1254903
vn 0.3215763 -0.6351815 -0.7022353
vn -0.02736989 -0.7208509 -0.6925508
vn 0.3468225 -0.712388 -0.6100968
vn 0.9714495 0.05874956 -0.2244554
vn 0.9555196 0.1803666 -0.2275721
vn 0.987747 -0.1464276 0.01105089
vn 0.124325 0.9352331 0.3262649
vn 0.05620301 0.8092412 0.5826397
vn 0.09769937 0.8265728 0.5518942
vn 0.800665 -0.5970549 0.005144358
vn 0.8227351 -0.4122575 -0.3892909
vn 0.9405802 -0.2750548 -0.1935788
vn 0.9405802 -0.2750548 -0.1935788
vn 0.987747 -0.1464276 0.01105089
vn 0.800665 -0.5970549 0.005144358
vn -0.501052 0.1030089 0.8592647
vn -0.2565188 0.08575785 0.9627274
vn -0.3852553 0.2171898 0.896888
vn -0.07107767 0.9211214 0.382733
vn -0.1552373 0.9240227 0.3494061
vn 0.04588506 0.9276047 0.3707365
vn -0.6499625 -0.7572596 -0.06408751
vn -0.6499625 -0.7572596 -0.06408751
vn -0.6858505 -0.6988385 -0.2030599
vn 0.9322976 -0.3519216 -0.08350953
vn 0.9955117 -0.02453233 -0.09141378
vn 0.9511607 -0.2719342 -0.1461061
vn -0.3762774 -0.6271972 0.6819386
vn -0.3187951 -0.7591428 0.5675154
vn -0.2039429 -0.8460865 0.4924898
vn -0.1552373 0.9240227 0.3494061
vn -0.07107767 0.9211214 0.382733
vn -0.3010555 0.8698949 0.3907041
vn 0.800665 -0.5970549 0.005144358
vn 0.86168 -0.4041669 -0.303845
vn 0.8227351 -0.4122575 -0.3892909
vn 0.9714495 0.05874956 -0.2244554
vn 0.987747 -0.1464276 0.01105089
vn 0.9405802 -0.2750548 -0.1935788
vn 0.8717596 0.4186014 0.2473468
vn 0.9014698 0.3305723 0.2729356
vn 0.9088913 0.1986086 0.3621461
vn -0.1005295 0.982817 -0.1418148
vn 0.0714322 0.9924904 -0.07728869
vn -0.006721586 0.994695 -0.08154076
vn 0.07016808 -0.582359 -0.6615255
vn 0.264879 -0.6942118 -0.5135047
vn 0.6149549 -0.4227205 -0.5111184
vn 0.264879 -0.6942118 -0.5135047
vn 0.07016808 -0.582359 -0.6615255
vn 0.2650611 -0.7712835 -0.4222987
vn -0.6632203 0.1629634 -0.7304662
vn -0.6260522 -0.1428404 -0.7665867
vn -0.6549445 0.2918299 -0.5441377
vn -0.6549445 0.2918299 -0.5441377
vn -0.6260522 -0.1428404 -0.7665867
vn -0.3246679 0.14552 -0.7159206
vn -0.6632203 0.1629634 -0.7304662
vn -0.697798 0.03678018 -0.7153493
vn -0.6260522 -0.1428404 -0.7665867
vn -0.6549445 0.2918299 -0.5441377
vn -0.6194335 0.3070792 -0.6363448
vn -0.6632203 0.1629634 -0.7304662
vn 0.4480605 -0.8937081 0.02284873
vn 0.7710679 -0.6363496 -0.02257359
vn 0.6120725 -0.7907168 -0.01158148
vn 0.7710679 -0.6363496 -0.02257359
vn 0.4480605 -0.8937081 0.02284873
vn 0.4241504 -0.9029866 -0.06849962
vn -0.2649929 0.7930988 -0.5484287
vn -0.3130513 0.4051447 -0.8589863
vn -0.160839 0.6215078 -0.7667202
vn -0.6549445 0.2918299 -0.5441377
vn -0.7514153 0.3026792 -0.3901933
vn -0.6691077 0.4071657 -0.5204831
vn -0.6549445 0.2918299 -0.5441377
vn -0.6691077 0.4071657 -0.5204831
vn -0.6194335 0.3070792 -0.6363448
vn -0.074278 0.1565791 -0.9848691
vn -0.160839 0.6215078 -0.7667202
vn -0.3130513 0.4051447 -0.8589863
vn -0.7514153 0.3026792 -0.3901933
vn -0.7478963 0.4012809 -0.3996179
vn -0.6691077 0.4071657 -0.5204831
vn -0.6567758 0.4074384 -0.6345382
vn -0.7525756 0.3128767 -0.5794284
vn -0.6632203 0.1629634 -0.7304662
vn -0.697798 0.03678018 -0.7153493
vn -0.7619928 0.1406897 -0.6321177
vn -0.6883223 0.09060723 -0.7197241
vn -0.6567758 0.4074384 -0.6345382
vn -0.6632203 0.1629634 -0.7304662
vn -0.6194335 0.3070792 -0.6363448
vn -0.6567758 0.4074384 -0.6345382
vn -0.6194335 0.3070792 -0.6363448
vn -0.6691077 0.4071657 -0.5204831
vn -0.574048 -0.8114126 0.1099066
vn -0.6829493 -0.7304665 4.768372E-07
vn -0.3249706 -0.8945404 0.306909
vn -0.3249706 -0.8945404 0.306909
vn -0.361892 -0.8570187 0.3668168
vn -0.09798965 -0.9279578 0.3595743
vn -0.05680531 -0.9815416 0.1826214
vn -0.574048 -0.8114126 0.1099066
vn -0.3249706 -0.8945404 0.306909
vn -0.27999 -0.9330908 -0.2257179
vn -0.574048 -0.8114126 0.1099066
vn -0.05680531 -0.9815416 0.1826214
vn -0.6829493 -0.7304665 4.768372E-07
vn -0.361892 -0.8570187 0.3668168
vn -0.3249706 -0.8945404 0.306909
vn 0.3435915 0.2162094 -0.9134077
vn 0.3856483 0.306123 -0.8696167
vn 0.282225 0.1687077 -0.9441388
vn -0.02736989 -0.7208509 -0.6925508
vn 0.3215763 -0.6351815 -0.7022353
vn 0.2594662 -0.4600523 -0.8491353
vn 0.1625302 0.3278694 -0.9302298
vn 0.3435915 0.2162094 -0.9134077
vn 0.282225 0.1687077 -0.9441388
vn -1.063198E-05 0.234893 -0.9720227
vn -1.037121E-05 0.2348928 -0.9720223
vn -1.098216E-05 0.2348926 -0.9720222
vn 0.726945 -0.6866921 0.002454638
vn 0.6612946 -0.7470727 -0.02415282
vn 0.7736979 -0.6238564 -0.1104372
vn 0.4991105 0.003308892 -0.866533
vn 0.4991106 0.003308654 -0.8665331
vn 0.499111 0.003308654 -0.8665329
vn 0.4185792 -0.8331476 -0.3614663
vn 0.3215763 -0.6351815 -0.7022353
vn 0.3468225 -0.712388 -0.6100968
vn -0.4960138 -0.663583 -0.5600257
vn -0.5058874 -0.6632683 -0.5515014
vn -0.5049285 -0.6581451 -0.5584739
vn 0.8748751 0.4829788 0.03642851
vn 0.7281914 0.6806525 -0.05955434
vn 0.5200162 0.8390098 0.1427582
vn 0.8748751 0.4829788 0.03642851
vn 0.9573604 0.2671356 -0.1066111
vn 0.7281914 0.6806525 -0.05955434
vn 0.8748751 0.4829788 0.03642851
vn 0.9955117 -0.02453233 -0.09141378
vn 0.9573604 0.2671356 -0.1066111
vn 0.8748751 0.4829788 0.03642851
vn 0.8624409 0.3763041 -0.3385157
vn 0.94337 0.1424718 -0.2995939
vn 0.8624409 0.3763041 -0.3385157
vn 0.8748751 0.4829788 0.03642851
vn 0.7810991 0.5989974 -0.1763167
vn -0.4862772 -0.8373806 0.2496572
vn -0.6681747 -0.7438849 0.01336199
vn -0.717376 -0.6818352 0.1430867
vn -0.003540218 -0.9956252 0.0933798
vn -0.3700655 -0.9134052 0.169541
vn -0.1510987 -0.9580196 0.2289528
vn 0.7281914 0.6806525 -0.05955434
vn 0.7135066 0.6733776 -0.19076
vn 0.4590827 0.8761771 -0.1439577
vn -0.1510987 -0.9580196 0.2289528
vn -0.3700655 -0.9134052 0.169541
vn -0.5391227 -0.8182952 0.1993521
vn 0.986217 -0.0001554489 -0.1652297
vn 0.9724243 0.1940108 -0.1289555
vn 0.9573604 0.2671356 -0.1066111
vn 0.4590827 0.8761771 -0.1439577
vn -0.002865255 0.9939972 -0.09095019
vn 0.5200162 0.8390098 0.1427582
vn 0.673981 -0.7359109 -0.05197364
vn 0.7736979 -0.6238564 -0.1104372
vn 0.6612946 -0.7470727 -0.02415282
vn 0.7281914 0.6806525 -0.05955434
vn 0.4590827 0.8761771 -0.1439577
vn 0.5200162 0.8390098 0.1427582
vn 0.1080145 -0.5911934 -0.799265
vn 0.3055432 -0.7857018 -0.5378819
vn 0.08862138 -0.6820238 -0.6347342
vn 0.3417276 -0.3499969 -0.8721958
vn 0.1723951 -0.3741645 -0.9111981
vn 0.2525457 -0.1024407 -0.9621475
vn 0.1080145 -0.5911934 -0.799265
vn -0.01141921 -0.4900953 -0.8715948
vn 0.1723951 -0.3741645 -0.9111981
vn 0.01347673 -0.07936418 -0.9967551
vn -0.209718 -0.2553192 -0.9438387
vn -0.3225545 0.2276955 -0.918757
vn 0.01347673 -0.07936418 -0.9967551
vn 0.06851823 -0.2439924 -0.9673541
vn -0.09547962 -0.3476309 -0.932758
vn 0.08972037 -0.9517818 0.2933646
vn 0.1711122 -0.9397838 0.2958513
vn 0.2026102 -0.960947 0.1884974
vn 0.603453 -0.6288075 -0.2505811
vn 0.8010378 -0.3717353 -0.2729152
vn 0.599454 -0.3552387 -0.4968959
vn 0.9984675 -0.007089974 -0.007155219
vn 0.9986085 -0.0157578 -0.01213636
vn 0.9386742 -0.1690774 -0.1810517
vn 0.9265229 -0.3740643 -0.0002886355
vn 0.9984675 -0.007089974 -0.007155219
vn 0.9386742 -0.1690774 -0.1810517
vn 0.2518468 0.9122812 -0.307997
vn 0.1302396 0.9276017 -0.3412514
vn 0.04314226 0.9230387 -0.06646365
vn 0.4279693 0.1769564 -0.8852704
vn 0.5618875 0.1608571 -0.8090851
vn 0.2985527 0.2139624 -0.9295495
vn 0.07544684 0.285552 -0.9547916
vn 0.3084768 0.2643522 -0.9126767
vn 0.2985527 0.2139624 -0.9295495
vn 0.337711 0.7713981 -0.08870274
vn 0.2518468 0.9122812 -0.307997
vn 0.04314226 0.9230387 -0.06646365
vn 0.3084768 0.2643522 -0.9126767
vn 0.4279693 0.1769564 -0.8852704
vn 0.2985527 0.2139624 -0.9295495
vn 0.9003975 -0.1034202 -0.3096359
vn 0.9774277 -0.05127646 -0.1371316
vn 0.997289 -0.0467391 0.01989868
vn 0.7711164 -0.5562804 -0.07577801
vn 0.9265229 -0.3740643 -0.0002886355
vn 0.8010378 -0.3717353 -0.2729152
vn 0.2784624 -0.8466094 -0.4501347
vn -0.2533846 -0.8969269 -0.3576925
vn 0.09999838 -0.9570683 -0.2653313
vn -0.4380848 -0.8614948 -0.2495046
vn -0.5427316 -0.8375567 0.01937282
vn -0.2344273 -0.9699236 0.0195601
vn -0.6901007 -0.5564395 -0.4594626
vn -0.5841739 -0.6844116 -0.4326571
vn -0.6893112 -0.5665073 -0.4482459
vn 0.9265229 -0.3740643 -0.0002886355
vn 0.9386742 -0.1690774 -0.1810517
vn 0.8010378 -0.3717353 -0.2729152
vn 0.9942206 0.0796472 0.04029286
vn 0.993363 0.07423271 0.0639624
vn 0.9877793 0.1053266 -0.0108006
vn 0.5312178 -0.8448276 0.01168454
vn 0.4665241 -0.7838108 -0.4058859
vn 0.09999838 -0.9570683 -0.2653313
vn 0.2581226 0.9497802 -0.1768932
vn 0.1686596 0.9795023 -0.1101362
vn 0.1342234 0.9863421 -0.09546703
vn 0.6119152 0.7840881 0.1037606
vn 0.5882763 0.6992074 0.2196602
vn 0.2914069 0.9149641 0.07281953
vn 0.2523284 0.7569555 0.1584612
vn 0.2575806 0.6352758 0.196352
vn 0.5507838 0.53864 0.1988752
vn 0.1342234 0.9863421 -0.09546703
vn 0.118688 0.9927516 0.01870263
vn -0.1082998 0.9918206 0.06747878
vn 0.2356285 0.9708704 0.04348594
vn 0.2049029 0.9787441 -0.008719444
vn -0.1440437 0.9613655 -0.04891986
vn 0.2914069 0.9149641 0.07281953
vn 0.3073113 0.822233 0.1261113
vn -0.1461481 0.7466097 -0.06428051
vn 0.2575806 0.6352758 0.196352
vn 0.006942511 0.8686136 0.04361045
vn 0.05155343 0.7246034 -0.1952837
vn 0.6729267 0.7396689 0.007235944
vn 0.2072213 0.9740351 0.09110588
vn 0.1669642 0.9762762 0.1377925
vn 0.5882763 0.6992074 0.2196602
vn 0.5507838 0.53864 0.1988752
vn 0.2916703 0.6544542 -0.05141997
vn 0.2523284 0.7569555 0.1584612
vn 0.2270494 0.6530966 0.4679213
vn 0.006942511 0.8686136 0.04361045
vn 0.3073113 0.822233 0.1261113
vn 0.2916703 0.6544542 -0.05141997
vn -0.1461481 0.7466097 -0.06428051
vn -0.1461481 0.7466097 -0.06428051
vn 0.2916703 0.6544542 -0.05141997
vn 0.05155343 0.7246034 -0.1952837
vn 0.2575806 0.6352758 0.196352
vn 0.2916703 0.6544542 -0.05141997
vn 0.5507838 0.53864 0.1988752
vn 0.1501829 0.973214 -0.1740704
vn 0.2581226 0.9497802 -0.1768932
vn 0.1342234 0.9863421 -0.09546703
vn 0.6119152 0.7840881 0.1037606
vn 0.2049029 0.9787441 -0.008719444
vn 0.2356285 0.9708704 0.04348594
vn 0.01768154 0.9958659 0.08899403
vn 0.1669642 0.9762762 0.1377925
vn 0.2072213 0.9740351 0.09110588
vn 0.03515449 0.9854019 -0.166577
vn -0.05058774 0.9793212 -0.1940603
vn 0.1501829 0.973214 -0.1740704
vn -0.05058774 0.9793212 -0.1940603
vn -0.002865255 0.9939972 -0.09095019
vn 0.1501829 0.973214 -0.1740704
vn 0.01768154 0.9958659 0.08899403
vn 0.2072213 0.9740351 0.09110588
vn 0.2356285 0.9708704 0.04348594
vn 0.5882763 0.6992074 0.2196602
vn 0.3073113 0.822233 0.1261113
vn 0.2914069 0.9149641 0.07281953
vn 0.2660772 0.9630812 0.04097044
vn 0.6119152 0.7840881 0.1037606
vn 0.2914069 0.9149641 0.07281953
vn 0.2385864 0.9710904 -0.007225454
vn 0.118688 0.9927516 0.01870263
vn 0.1342234 0.9863421 -0.09546703
vn 0.5016567 0.4172857 0.4278052
vn 0.2523284 0.7569555 0.1584612
vn 0.5507838 0.53864 0.1988752
vn 0.6257079 -0.01917797 -0.778924
vn 0.6174332 -0.003727794 -0.7856737
vn 0.5667545 -0.03352296 -0.8227503
vn 0.5396231 -0.02250558 -0.8410802
vn 0.2568571 0.1599137 -0.953027
vn 0.3814268 -0.09259427 -0.9194272
vn 0.6257079 -0.01917797 -0.778924
vn 0.5396231 -0.02250558 -0.8410802
vn 0.3814268 -0.09259427 -0.9194272
vn -0.7521935 0.5541309 0.3565722
vn -0.7094191 0.7045082 -0.0198133
vn -0.6732652 0.7394009 -9.75728E-05
vn -0.8538382 0.2624629 -0.4495256
vn -0.763835 0.3694505 -0.5292089
vn -0.9216465 0.3880298 4.172325E-07
vn -0.4702083 0.7386987 -0.4829377
vn -0.383983 0.7595932 -0.5249533
vn -0.5243618 0.4086677 -0.7470179
vn -0.7659288 0.4270382 -0.4779874
vn -0.7880373 0.613439 -0.00244534
vn -0.9216465 0.3880298 4.172325E-07
vn -0.6567758 0.4074384 -0.6345382
vn -0.5818869 0.4025888 -0.7060808
vn -0.763835 0.3694505 -0.5292089
vn -0.5243618 0.4086677 -0.7470179
vn -0.7619928 0.1406897 -0.6321177
vn -0.8953537 0.1421446 -0.4220619
vn -0.4702083 0.7386987 -0.4829377
vn -0.7094191 0.7045082 -0.0198133
vn -0.383983 0.7595932 -0.5249533
vn -0.616528 0.5904364 -0.5193278
vn -0.6904318 0.6400082 -0.3344854
vn -0.7199018 0.5450449 -0.4259657
vn -0.5818869 0.4025888 -0.7060808
vn -0.4881777 0.4240612 -0.7616896
vn -0.7659288 0.4270382 -0.4779874
vn -0.7659288 0.4270382 -0.4779874
vn -0.763835 0.3694505 -0.5292089
vn -0.5818869 0.4025888 -0.7060808
vn -0.792177 0.3466325 -0.5022953
vn -0.8538382 0.2624629 -0.4495256
vn -0.7619928 0.1406897 -0.6321177
vn -0.9966426 0.08187129 5.364418E-07
vn -0.8953537 0.1421446 -0.4220619
vn -0.9844242 0.175808 5.215406E-07
vn 0.142361 -0.9898153 5.960464E-08
vn 0.2297282 -0.9732553 5.960464E-08
vn 0.2274118 -0.8367342 -0.3863018
vn 0.5170704 0.256209 -0.5424616
vn 0.599454 -0.3552387 -0.4968959
vn 0.7557916 -0.1704383 -0.4304239
vn 0.7557916 -0.1704383 -0.4304239
vn 0.8010378 -0.3717353 -0.2729152
vn 0.9386742 -0.1690774 -0.1810517
vn 0.6147512 -0.445299 -0.4644276
vn 0.599454 -0.3552387 -0.4968959
vn 0.5170704 0.256209 -0.5424616
vn 0.4797073 0.5043463 -0.516254
vn 0.5170704 0.256209 -0.5424616
vn 0.7557916 -0.1704383 -0.4304239
vn 0.1917312 -0.01093537 -0.9813513
vn 0.3586728 0.1604068 -0.9194284
vn 0.2194895 0.2925921 -0.9306313
vn 0.1670369 -0.008479357 -0.985887
vn 0.2505323 -0.1082518 -0.961935
vn 0.1917312 -0.01093537 -0.9813513
vn 0.06687529 0.27267 -0.9595942
vn 0.2298396 0.2340902 -0.9444389
vn 0.2194895 0.2925921 -0.9306313
vn 0.6469111 -0.7329789 -0.2062281
vn 0.6333388 -0.741414 -0.2077347
vn 0.626596 -0.7462124 -0.2080523
vn -0.3099452 -0.3343478 -0.8889717
vn -0.4194016 -0.3749851 -0.8248584
vn -0.2117684 -0.1093822 -0.9708266
vn -0.5514655 -0.8105022 0.1770324
vn -0.5479813 -0.8131805 0.1774073
vn -0.5523112 -0.7448916 0.3649281
vn 0.1086427 0.2469335 -0.9627528
vn 0.06687529 0.27267 -0.9595942
vn 0.2194895 0.2925921 -0.9306313
vn 0.1670369 -0.008479357 -0.985887
vn 0.2528211 -0.08053732 -0.9640167
vn 0.2505323 -0.1082518 -0.961935
vn 0.09540759 0.4158353 -0.9041567
vn 0.3088521 0.6398333 -0.7037218
vn -0.08247069 0.7305431 -0.6772903
vn -0.08247069 0.7305431 -0.6772903
vn -0.06223209 0.3777725 -0.9234111
vn 0.09540759 0.4158353 -0.9041567
vn 0.01453012 0.288424 -0.9569975
vn 0.4279693 0.1769564 -0.8852704
vn 0.3084768 0.2643522 -0.9126767
vn 0.4160389 0.6707636 -0.6139937
vn 0.3088521 0.6398333 -0.7037218
vn 0.651937 0.535219 -0.5364915
vn 0.07544684 0.285552 -0.9547916
vn 0.1788204 0.1083196 -0.9777856
vn 0.1086427 0.2469335 -0.9627528
vn -0.0106786 -0.114682 -0.9933131
vn -0.4062726 -0.1490077 -0.9008329
vn -0.406178 -0.1496687 -0.9007988
vn -0.9851325 -0.1061136 -0.1092848
vn -0.9412645 -0.01232541 -0.3303333
vn -0.9850118 -0.1125543 -0.1090125
vn -0.5479813 -0.8131805 0.1774073
vn -0.5514655 -0.8105022 0.1770324
vn -0.3700709 -0.8096403 -0.4494174
vn -0.6098087 -0.1680805 0.7729525
vn -0.682091 -0.1094093 0.7207267
vn -0.6079316 -0.1474948 0.778619
vn -0.7494666 0.4869554 -0.4434699
vn -0.7483213 0.4884245 -0.4434426
vn -0.7502505 0.4859502 -0.4434885
vn -0.5188791 0.8073829 0.2727892
vn -0.5206199 0.7070758 0.4751589
vn -0.5180556 0.7085459 0.475294
vn 0.3875449 0.7584405 -0.5208032
vn 0.2781672 0.6796345 -0.6766838
vn 0.3860739 0.7592698 -0.5209491
vn 0.3395852 -0.4139102 -0.843946
vn 0.7328493 -0.002814174 -0.6785701
vn 0.3410127 -0.4130595 -0.843872
vn -0.4680088 -0.4011898 -0.785543
vn -0.6579148 -0.3478259 -0.6648387
vn -0.4194016 -0.3749851 -0.8248584
vn -0.4194016 -0.3749851 -0.8248584
vn -0.2550187 -0.4315035 -0.8640966
vn -0.4680088 -0.4011898 -0.785543
vn -0.5694025 -0.2004009 0.7962326
vn -0.6098087 -0.1680805 0.7729525
vn -0.6079316 -0.1474948 0.778619
vn -0.6106488 -0.2146524 0.7610717
vn -0.6098087 -0.1680805 0.7729525
vn -0.5694025 -0.2004009 0.7962326
vn 0.9922062 -0.03189635 0.09446415
vn 0.9826468 0.1681427 0.02479535
vn 0.9502293 0.2706748 0.1362253
vn 0.3453653 0.4628939 -0.8150423
vn 0.4713206 0.6671171 -0.5758252
vn 0.3856483 0.306123 -0.8696167
vn 0.1438526 0.8910001 -0.4258519
vn 0.1418581 0.8914338 -0.4260216
vn 0.1461377 0.8905033 -0.4256575
vn -0.143344 -0.5868061 -0.7960179
vn 0.3395852 -0.4139102 -0.843946
vn 0.3410127 -0.4130595 -0.843872
vn 0.6529571 0.6434997 -0.3956192
vn 0.3875449 0.7584405 -0.5208032
vn 0.3860739 0.7592698 -0.5209491
vn 0.9922062 -0.03189635 0.09446415
vn 0.8773458 -0.4207068 0.2193076
vn 0.8785295 -0.4187196 0.2193165
vn 0.3435915 0.2162094 -0.9134077
vn 0.3171991 0.262511 -0.9107193
vn 0.3856483 0.306123 -0.8696167
vn 0.07544684 0.285552 -0.9547916
vn 0.01453012 0.288424 -0.9569975
vn 0.3084768 0.2643522 -0.9126767
vn 0.07544684 0.285552 -0.9547916
vn 0.2985527 0.2139624 -0.9295495
vn 0.1788204 0.1083196 -0.9777856
vn 0.9922062 -0.03189635 0.09446415
vn 0.9914105 0.06003787 -0.08718318
vn 0.9826468 0.1681427 0.02479535
vn -0.3475648 -0.7506017 -0.5619578
vn -0.02736989 -0.7208509 -0.6925508
vn -0.041217 -0.8096541 -0.5854581
vn -0.0106786 -0.114682 -0.9933131
vn 0.04563919 -0.3981016 -0.915859
vn 0.0448073 -0.3979683 -0.9159279
vn -0.0106786 -0.114682 -0.9933131
vn 0.3482279 0.03104752 -0.9366554
vn 0.3792051 -0.0995512 -0.9196616
vn 0.8425173 0.3780443 -0.3785185
vn 0.8423811 0.3784076 -0.3785437
vn 0.8418094 0.3799328 -0.3786496
vn 0.3261077 0.941979 -0.02836186
vn 0.2536389 0.9156666 -0.3027498
vn 0.3262624 0.9419101 -0.02834725
vn -0.1365458 0.2305874 -0.9631351
vn -0.1375278 0.2299595 -0.9631842
vn -0.1370646 0.2302556 -0.963161
vn 0.3482279 0.03104752 -0.9366554
vn -0.0106786 -0.114682 -0.9933131
vn 0.3106986 0.1619967 -0.9363272
vn -0.9700917 -0.1947239 0.1183985
vn -0.9851325 -0.1061136 -0.1092848
vn -0.9850118 -0.1125543 -0.1090125
vn -0.5302345 -0.5858477 -0.6095254
vn -0.5331322 -0.5823222 -0.6098903
vn -0.3700709 -0.8096403 -0.4494174
vn 0.4474756 0.2074488 -0.8693187
vn 0.6784395 0.3974455 -0.615252
vn 0.6747472 0.4042032 -0.616596
vn -0.2987261 0.5051148 0.8088581
vn -0.5180556 0.7085459 0.475294
vn -0.5206199 0.7070758 0.4751589
vn 0.1625302 0.3278694 -0.9302298
vn 0.1352002 0.3064065 -0.9418846
vn 0.1338065 0.3067921 -0.9420066
vn -0.08764611 0.4040396 0.9102604
vn -0.2987261 0.5051148 0.8088581
vn -0.08595292 0.4039577 0.9103928
vn 0.1917312 -0.01093537 -0.9813513
vn 0.2505323 -0.1082518 -0.961935
vn 0.3586728 0.1604068 -0.9194284
vn -0.1707093 0.2937497 -0.9398826
vn -0.04469167 0.1847463 -0.9816079
vn -0.1711534 0.2934765 -0.9399053
vn 0.1670369 -0.008479357 -0.985887
vn 0.2194895 0.2925921 -0.9306313
vn 0.4474756 0.2074488 -0.8693187
vn 0.4474756 0.2074488 -0.8693187
vn 0.2194895 0.2925921 -0.9306313
vn 0.2298396 0.2340902 -0.9444389
vn 0.04413152 0.5190328 -0.852954
vn 0.1583818 0.7305067 -0.6625862
vn 0.02405214 0.4355996 -0.8993766
vn -0.7606767 -0.5247816 -0.3764996
vn -0.7608631 -0.5244241 -0.3765284
vn -0.7610723 -0.5240232 -0.3765607
vn 0.3171991 0.262511 -0.9107193
vn 0.3453653 0.4628939 -0.8150423
vn 0.3856483 0.306123 -0.8696167
vn 0.1086427 0.2469335 -0.9627528
vn 0.2194895 0.2925921 -0.9306313
vn 0.3088521 0.6398333 -0.7037218
vn -0.4425216 -0.4500347 -0.7745171
vn -0.143344 -0.5868061 -0.7960179
vn -0.4431142 -0.4491675 -0.7745976
vn -0.3700709 -0.8096403 -0.4494174
vn 0.03678602 -0.7912741 -0.606515
vn 0.04338565 -0.7918409 -0.6059892
vn 0.7890295 0.440303 -0.4246498
vn 0.6529571 0.6434997 -0.3956192
vn 0.7891513 0.4400497 -0.4246302
vn 0.9032789 0.1215506 -0.4066223
vn 0.9036973 0.1152896 -0.4063346
vn 0.7328493 -0.002814174 -0.6785701
vn 0.8393654 -0.3353431 -0.4241611
vn 0.8380245 -0.3379784 -0.4241556
vn 0.8376665 -0.3386821 -0.4241541
vn 0.3262624 0.9419101 -0.02834725
vn 0.3731242 0.891175 0.2484415
vn 0.3261077 0.941979 -0.02836186
vn -0.0106786 -0.114682 -0.9933131
vn -0.3784158 -0.04622555 -0.9239415
vn -0.3785591 -0.04820848 -0.9238714
vn 0.03818475 -0.5482483 -0.8351355
vn 0.03310478 -0.545857 -0.8363489
vn 0.03164673 -0.5456399 -0.8364688
vn 0.6257079 -0.01917797 -0.778924
vn 0.4048052 0.1337172 -0.90417
vn 0.6174332 -0.003727794 -0.7856737
vn -0.08211128 0.3158126 -0.9450261
vn 0.09965645 0.229081 -0.9681475
vn 0.02405214 0.4355996 -0.8993766
vn -0.03977891 0.2979783 -0.9535435
vn 0.02405214 0.4355996 -0.8993766
vn 0.2136337 0.624575 -0.7500221
vn 0.781896 0.6055165 -0.1347013
vn 0.8958781 0.3836349 -0.2155833
vn 0.7815061 0.6060263 -0.1347078
vn 0.02405214 0.4355996 -0.8993766
vn 0.09965645 0.229081 -0.9681475
vn 0.04413152 0.5190328 -0.852954
vn 0.4970142 0.71525 -0.4913188
vn 0.4073409 0.7736182 -0.4853749
vn 0.4160389 0.6707636 -0.6139937
vn 0.4970142 0.71525 -0.4913188
vn 0.4160389 0.6707636 -0.6139937
vn 0.2740967 0.8513532 -0.4472916
vn 0.9474635 -0.2771308 -0.1533758
vn 0.9714495 0.05874956 -0.2244554
vn 0.8436491 -0.2890254 -0.4506333
vn 0.9153813 -0.3986663 0.03856337
vn 0.8556812 -0.4698333 -0.2130099
vn 0.9460302 -0.1943983 -0.256281
vn 0.2768639 0.743119 -0.6086632
vn 0.1948699 0.8889152 -0.4131804
vn 0.4904434 0.8081434 -0.3248659
vn 0.5255843 0.8217543 -0.2168843
vn 0.635744 0.4991261 -0.5878698
vn 0.67046 0.7066892 -0.2224423
vn 0.1948699 0.8889152 -0.4131804
vn 0.5255843 0.8217543 -0.2168843
vn 0.3647041 0.929844 -0.0301342
vn 0.8556812 -0.4698333 -0.2130099
vn 0.9474635 -0.2771308 -0.1533758
vn 0.8436491 -0.2890254 -0.4506333
vn 0.9714495 0.05874956 -0.2244554
vn 0.9405802 -0.2750548 -0.1935788
vn 0.8436491 -0.2890254 -0.4506333
vn 0.5849602 -0.2243776 -0.778836
vn 0.8227351 -0.4122575 -0.3892909
vn 0.8436491 -0.2890254 -0.4506333
vn 0.9482017 -0.245339 0.1971921
vn 0.9324142 -0.2333827 0.2722522
vn 0.9153813 -0.3986663 0.03856337
vn 0.9460302 -0.1943983 -0.256281
vn 0.8227351 -0.4122575 -0.3892909
vn 0.86168 -0.4041669 -0.303845
vn 0.800665 -0.5970549 0.005144358
vn 0.8738981 -0.4840066 0.002529234
vn 0.86168 -0.4041669 -0.303845
vn 0.9482017 -0.245339 0.1971921
vn 0.947006 -0.2846121 -0.1412322
vn 0.99682 -0.02361286 -0.05975448
vn 0.9555196 0.1803666 -0.2275721
vn 0.9714495 0.05874956 -0.2244554
vn 0.99682 -0.02361286 -0.05975448
vn 0.08538216 0.6005369 -0.7946833
vn 0.256978 0.3605909 -0.8964163
vn 0.2455469 0.5190577 -0.8183906
vn 0.09965645 0.229081 -0.9681475
vn 0.07275252 0.2291398 -0.9705356
vn 0.4580072 0.1624414 -0.8734252
vn 0.8556812 -0.4698333 -0.2130099
vn 0.9153813 -0.3986663 0.03856337
vn 0.9474635 -0.2771308 -0.1533758
vn 0.1948699 0.8889152 -0.4131804
vn 0.4436234 0.8911696 -0.08792365
vn 0.4904434 0.8081434 -0.3248659
vn 0.813105 0.5394298 -0.2137539
vn 0.8011637 0.5146421 -0.2996508
vn 0.9555196 0.1803666 -0.2275721
vn 0.3647041 0.929844 -0.0301342
vn 0.5255843 0.8217543 -0.2168843
vn 0.67046 0.7066892 -0.2224423
vn 0.4436234 0.8911696 -0.08792365
vn 0.1948699 0.8889152 -0.4131804
vn 0.3647041 0.929844 -0.0301342
vn 0.1116751 0.4684502 -0.8761901
vn 0.2568571 0.1599137 -0.953027
vn 0.1869405 0.1464652 -0.9713314
vn 0.08538216 0.6005369 -0.7946833
vn 0.1116751 0.4684502 -0.8761901
vn 0.1869405 0.1464652 -0.9713314
vn 0.7616766 0.643084 -0.05919743
vn 0.6440383 0.7162421 -0.2623676
vn 0.6120212 0.7882867 -0.01897365
vn 0.9153813 -0.3986663 0.03856337
vn 0.9324142 -0.2333827 0.2722522
vn 0.9474635 -0.2771308 -0.1533758
vn 0.99682 -0.02361286 -0.05975448
vn 0.9714495 0.05874956 -0.2244554
vn 0.9268383 0.2881804 -0.2363304
vn 0.8227351 -0.4122575 -0.3892909
vn 0.8556812 -0.4698333 -0.2130099
vn 0.8436491 -0.2890254 -0.4506333
vn 0.9460302 -0.1943983 -0.256281
vn 0.8556812 -0.4698333 -0.2130099
vn 0.8227351 -0.4122575 -0.3892909
vn 0.9814653 -0.1865849 -0.003729776
vn 0.9460302 -0.1943983 -0.256281
vn 0.86168 -0.4041669 -0.303845
vn 0.9324142 -0.2333827 0.2722522
vn 0.9482017 -0.245339 0.1971921
vn 0.99682 -0.02361286 -0.05975448
vn 0.947006 -0.2846121 -0.1412322
vn 0.9555196 0.1803666 -0.2275721
vn 0.99682 -0.02361286 -0.05975448
vn 0.1869405 0.1464652 -0.9713314
vn 0.2568571 0.1599137 -0.953027
vn 0.5667545 -0.03352296 -0.8227503
vn 0.256978 0.3605909 -0.8964163
vn 0.635744 0.4991261 -0.5878698
vn 0.2455469 0.5190577 -0.8183906
vn 0.2768639 0.743119 -0.6086632
vn 0.08538216 0.6005369 -0.7946833
vn 0.1948699 0.8889152 -0.4131804
vn 0.1948699 0.8889152 -0.4131804
vn 0.08538216 0.6005369 -0.7946833
vn -0.05974782 0.7071906 -0.7039385
vn 0.3244422 0.04275501 -0.9448245
vn 0.256978 0.3605909 -0.8964163
vn 0.1869405 0.1464652 -0.9713314
vn 0.09965645 0.229081 -0.9681475
vn -0.08211128 0.3158126 -0.9450261
vn 0.07275252 0.2291398 -0.9705356
vn 0.09965645 0.229081 -0.9681475
vn 0.4580072 0.1624414 -0.8734252
vn 0.3554066 -0.1691818 -0.9189457
vn 0.8195748 0.5581567 -0.1182948
vn 0.7616766 0.643084 -0.05919743
vn 0.6120212 0.7882867 -0.01897365
vn 0.7008022 0.7095384 0.04015708
vn 0.6239872 0.7393688 -0.2455566
vn 0.5748489 0.8156846 -0.01920629
vn 0.6120212 0.7882867 -0.01897365
vn 0.7008022 0.7095384 0.04015708
vn 0.5748489 0.8156846 -0.01920629
vn 0.6239872 0.7393688 -0.2455566
vn 0.536343 0.8414565 -0.0193994
vn 0.4472324 0.7684962 -0.4541425
vn 0.8288029 0.3064312 0.4649521
vn 0.7398874 0.108168 0.6623579
vn 0.9088913 0.1986086 0.3621461
vn 0.8581657 0.4030578 -0.3122886
vn 0.8783904 0.4735759 -0.01512557
vn 0.8460823 0.4631384 -0.256828
vn 0.9608347 0.2117532 -0.1677936
vn 0.961044 0.210782 -0.1677772
vn 0.8958781 0.3836349 -0.2155833
vn 0.8581657 0.4030578 -0.3122886
vn 0.8460823 0.4631384 -0.256828
vn 0.8958781 0.3836349 -0.2155833
vn 0.7008022 0.7095384 0.04015708
vn 0.9088913 0.1986086 0.3621461
vn 0.6239872 0.7393688 -0.2455566
vn -0.1005295 0.982817 -0.1418148
vn -0.006721586 0.994695 -0.08154076
vn -0.1610206 0.981001 -0.08844662
vn 0.1404715 -0.987046 0.0455879
vn 0.5051057 -0.8502243 -0.1346862
vn 0.1152251 -0.9910744 -0.02389258
vn 0.3193907 0.6564631 -0.6831698
vn 0.3264406 0.8535711 -0.4056545
vn 0.2740967 0.8513532 -0.4472916
vn 0.2108878 0.9482325 -0.2293741
vn 0.1398794 0.9671313 -0.2031797
vn 0.3054277 0.9193914 -0.2401699
vn 0.6980996 0.1166045 0.705083
vn 0.7398874 0.108168 0.6623579
vn 0.7621669 0.4779887 0.4330245
vn 0.995983 -0.008717299 0.06390989
vn 0.9088913 0.1986086 0.3621461
vn 0.9959593 -0.009977341 0.06393329
vn -0.04108526 0.2948 -0.9544736
vn -0.04076373 0.2948328 -0.9544766
vn 0.08289722 0.3154424 -0.9450711
vn 0.7008022 0.7095384 0.04015708
vn 0.8288029 0.3064312 0.4649521
vn 0.9088913 0.1986086 0.3621461
vn 0.09609932 0.7795753 0.6170003
vn 0.05268005 0.7057739 0.7051442
vn 0.05369267 0.7056962 0.7051382
vn 0.8680937 0.397978 -0.2905413
vn 0.8581657 0.4030578 -0.3122886
vn 0.8958781 0.3836349 -0.2155833
vn 0.8783904 0.4735759 -0.01512557
vn 0.7117895 0.6993668 -0.01806492
vn 0.8460823 0.4631384 -0.256828
vn 0.1385473 0.841489 0.5195348
vn 0.09769937 0.8265728 0.5518942
vn 0.09609932 0.7795753 0.6170003
vn 0.117235 0.547711 -0.828154
vn 0.3193907 0.6564631 -0.6831698
vn 0.2568571 0.1599137 -0.953027
vn 0.1116751 0.4684502 -0.8761901
vn 0.117235 0.547711 -0.828154
vn 0.2568571 0.1599137 -0.953027
vn 0.8011637 0.5146421 -0.2996508
vn 0.6440383 0.7162421 -0.2623676
vn 0.9555196 0.1803666 -0.2275721
vn 0.8881366 0.09976524 -0.4450584
vn 0.9081526 0.09711474 -0.4031211
vn 0.8740141 0.2759869 -0.3957033
vn 0.841758 0.1506566 -0.5155815
vn 0.8881366 0.09976524 -0.4450584
vn 0.8740141 0.2759869 -0.3957033
vn -0.5334026 -0.7691433 -0.3472916
vn -0.4380848 -0.8614948 -0.2495046
vn -0.5841739 -0.6844116 -0.4326571
vn 0.09257744 -0.2695642 -0.9583717
vn 0.02837896 -0.349797 -0.9361603
vn 0.02824769 -0.3498105 -0.9361591
vn 0.8740141 0.2759869 -0.3957033
vn 0.9547052 0.2624044 0.1257859
vn 0.8783904 0.4735759 -0.01512557
vn 0.4726244 -0.8708416 -0.1199973
vn 0.2690637 -0.9304631 -0.2411919
vn 0.1152251 -0.9910744 -0.02389258
vn 0.2917823 -0.01725668 -0.9561455
vn -0.001481411 0.03353018 -0.999432
vn 0.07275252 0.2291398 -0.9705356
vn 0.2917823 -0.01725668 -0.9561455
vn 0.07275252 0.2291398 -0.9705356
vn -0.08211128 0.3158126 -0.9450261
vn 0.09257744 -0.2695642 -0.9583717
vn 0.2744156 -0.1769247 -0.9449774
vn 0.1243462 -0.2280772 -0.9655451
vn 0.5396231 -0.02250558 -0.8410802
vn 0.6257079 -0.01917797 -0.778924
vn 0.5667545 -0.03352296 -0.8227503
vn 0.2607203 -0.1538053 -0.9529034
vn 0.3814268 -0.09259427 -0.9194272
vn 0.2505323 -0.1082518 -0.961935
vn 0.2917823 -0.01725668 -0.9561455
vn 0.5688107 0.02315938 -0.8213684
vn 0.6257079 -0.01917797 -0.778924
vn 0.3814268 -0.09259427 -0.9194272
vn 0.2917823 -0.01725668 -0.9561455
vn 0.6257079 -0.01917797 -0.778924
vn 0.2568571 0.1599137 -0.953027
vn 0.3586728 0.1604068 -0.9194284
vn 0.3814268 -0.09259427 -0.9194272
vn 0.5396231 -0.02250558 -0.8410802
vn 0.5667545 -0.03352296 -0.8227503
vn 0.2568571 0.1599137 -0.953027
vn 0.2917823 -0.01725668 -0.9561455
vn 0.3814268 -0.09259427 -0.9194272
vn 0.2889382 -0.1859511 -0.9388728
vn -0.5841739 -0.6844116 -0.4326571
vn -0.4380848 -0.8614948 -0.2495046
vn -0.2533846 -0.8969269 -0.3576925
vn 0.256978 0.3605909 -0.8964163
vn 0.3244422 0.04275501 -0.9448245
vn 0.635744 0.4991261 -0.5878698
vn 0.05128336 -0.2031927 -0.9777517
vn 0.3244422 0.04275501 -0.9448245
vn 0.1869405 0.1464652 -0.9713314
vn 0.2108878 0.9482325 -0.2293741
vn 0.06440327 0.9671358 -0.2382354
vn 0.1398794 0.9671313 -0.2031797
vn 0.348667 0.8931949 -0.2774023
vn 0.2108878 0.9482325 -0.2293741
vn 0.3054277 0.9193914 -0.2401699
vn 0.3193907 0.6564631 -0.6831698
vn 0.2768639 0.743119 -0.6086632
vn 0.4904434 0.8081434 -0.3248659
vn 0.5753473 0.8165022 0.02531666
vn 0.4837755 0.8738877 -0.01961452
vn 0.489412 0.8708487 -0.01959985
vn 0.5753473 0.8165022 0.02531666
vn 0.489412 0.8708487 -0.01959985
vn 0.3647041 0.929844 -0.0301342
vn 0.6440383 0.7162421 -0.2623676
vn 0.7008022 0.7095384 0.04015708
vn 0.6120212 0.7882867 -0.01897365
vn 0.2136337 0.624575 -0.7500221
vn 0.5090433 0.6033618 -0.6118528
vn 0.6440383 0.7162421 -0.2623676
vn 0.8581657 0.4030578 -0.3122886
vn 0.8740141 0.2759869 -0.3957033
vn 0.8783904 0.4735759 -0.01512557
vn 0.3814268 -0.09259427 -0.9194272
vn 0.2607203 -0.1538053 -0.9529034
vn 0.2889382 -0.1859511 -0.9388728
vn 0.2690637 -0.9304631 -0.2411919
vn 0.03621617 -0.947248 -0.312905
vn 0.1152251 -0.9910744 -0.02389258
vn 0.4436234 0.8911696 -0.08792365
vn 0.4239343 0.9046257 -0.01974368
vn 0.6583887 0.7518301 -0.01864314
vn 0.4436234 0.8911696 -0.08792365
vn 0.6583887 0.7518301 -0.01864314
vn 0.4904434 0.8081434 -0.3248659
vn -0.209718 -0.2553192 -0.9438387
vn -0.5052655 -0.1786146 -0.8442772
vn -0.3225545 0.2276955 -0.918757
vn -0.09547962 -0.3476309 -0.932758
vn -0.01141921 -0.4900953 -0.8715948
vn -0.1902655 -0.4863831 -0.8527788
vn 0.355845 -0.05984759 -0.9326273
vn 0.3417276 -0.3499969 -0.8721958
vn 0.2525457 -0.1024407 -0.9621475
vn 0.2525457 -0.1024407 -0.9621475
vn 0.06851823 -0.2439924 -0.9673541
vn 0.01347673 -0.07936418 -0.9967551
vn 0.3417276 -0.3499969 -0.8721958
vn 0.355845 -0.05984759 -0.9326273
vn 0.4534591 -0.3802671 -0.8060848
vn 0.2525457 -0.1024407 -0.9621475
vn 0.2620481 0.08691406 -0.9611336
vn 0.355845 -0.05984759 -0.9326273
vn 0.355845 -0.05984759 -0.9326273
vn 0.2620481 0.08691406 -0.9611336
vn -0.074278 0.1565791 -0.9848691
vn -0.074278 0.1565791 -0.9848691
vn -0.1654885 0.5690657 -0.8054681
vn -0.160839 0.6215078 -0.7667202
vn 0.2525457 -0.1024407 -0.9621475
vn 0.01347673 -0.07936418 -0.9967551
vn 0.2620481 0.08691406 -0.9611336
vn 0.06851823 -0.2439924 -0.9673541
vn 0.2525457 -0.1024407 -0.9621475
vn 0.1723951 -0.3741645 -0.9111981
vn -0.965021 -0.06753901 -0.2197443
vn -0.9832203 -0.04945292 -0.1618117
vn -0.9159315 -0.001348853 -0.3251795
vn -0.4974632 -0.8658971 -0.05229646
vn -0.4556916 -0.8752894 -0.05374891
vn 0.1930812 -0.9791053 -0.06382114
vn 0.6119152 0.7840881 0.1037606
vn 0.6500889 0.7598584 -0.0004668236
vn 0.8493911 0.5247692 -0.05614191
vn -0.9830396 -0.1754079 0.05350949
vn -0.9744855 0.1890227 0.1210238
vn -0.9883043 0.1406219 -0.01526645
vn 0.2660772 0.9630812 0.04097044
vn 0.2049029 0.9787441 -0.008719444
vn 0.6119152 0.7840881 0.1037606
vn -0.4716494 0.8815069 -0.01278156
vn -0.7504812 0.6591499 -0.006653547
vn -0.6904318 0.6400082 -0.3344854
vn -0.7957747 -0.5916176 -0.1293317
vn -0.9830396 -0.1754079 0.05350949
vn -0.965021 -0.06753901 -0.2197443
vn -0.6904318 0.6400082 -0.3344854
vn -0.7880373 0.613439 -0.00244534
vn -0.7199018 0.5450449 -0.4259657
vn -0.9552708 -0.01106393 -0.2393714
vn -0.965021 -0.06753901 -0.2197443
vn -0.9159315 -0.001348853 -0.3251795
vn 0.4683975 -0.8618141 -0.1946144
vn 0.1930812 -0.9791053 -0.06382114
vn 0.4064507 -0.8959211 0.05312771
vn 0.8927582 -0.4299433 -0.1346492
vn 0.8647332 -0.4952596 -0.08338666
vn 0.9780984 -0.1843267 -0.09667429
vn 0.8181412 0.5621133 0.1211334
vn 0.6119152 0.7840881 0.1037606
vn 0.8493911 0.5247692 -0.05614191
vn -0.6626316 0.734459 0.1465573
vn -0.8701764 0.4088504 -0.2501866
vn -0.8118939 0.5256345 -0.1299452
vn -0.4800639 0.7956882 -0.3684795
vn -0.1053257 0.9183422 -0.381518
vn -0.4716494 0.8815069 -0.01278156
vn -0.5012285 0.7176141 -0.4827921
vn -0.6904318 0.6400082 -0.3344854
vn -0.616528 0.5904364 -0.5193278
vn -0.3973412 0.5096493 -0.7610118
vn 0.07544684 0.285552 -0.9547916
vn -0.06223209 0.3777725 -0.9234111
vn -0.01141921 -0.4900953 -0.8715948
vn -0.03197056 -0.6568043 -0.7533838
vn 0.07016808 -0.582359 -0.6615255
vn 0.3938526 -0.8859893 -0.03127265
vn 0.2274118 -0.8367342 -0.3863018
vn 0.2297282 -0.9732553 5.960464E-08
vn -0.7619928 0.1406897 -0.6321177
vn -0.7525756 0.3128767 -0.5794284
vn -0.792177 0.3466325 -0.5022953
vn -0.5748976 -0.4204062 -0.7019628
vn -0.3246679 0.14552 -0.7159206
vn -0.6260522 -0.1428404 -0.7665867
vn -0.0680711 -0.2027104 -0.7219489
vn 0.1897203 -0.3950588 -0.8988521
vn -0.3139017 -0.5573462 -0.7686559
vn 0.2851628 0.3565622 -0.5526883
vn -0.3246679 0.14552 -0.7159206
vn 0.1897203 -0.3950588 -0.8988521
vn -0.6567758 0.4074384 -0.6345382
vn -0.792177 0.3466325 -0.5022953
vn -0.7525756 0.3128767 -0.5794284
vn 0.2851628 0.3565622 -0.5526883
vn 0.01147165 0.1470757 -0.8036156
vn -0.3246679 0.14552 -0.7159206
vn 0.1080145 -0.5911934 -0.799265
vn 0.1723951 -0.3741645 -0.9111981
vn 0.3417276 -0.3499969 -0.8721958
vn 0.1080145 -0.5911934 -0.799265
vn -0.03197056 -0.6568043 -0.7533838
vn -0.01141921 -0.4900953 -0.8715948
vn 0.08862138 -0.6820238 -0.6347342
vn 0.3055432 -0.7857018 -0.5378819
vn 0.2274118 -0.8367342 -0.3863018
vn -0.5025602 -0.8186884 -0.2699677
vn -0.8284587 -0.4101514 -0.3792267
vn -0.7126393 -0.5659091 -0.4139718
vn -0.8291558 0.4637249 -0.3081309
vn -0.8515981 0.4421738 -0.2790186
vn -0.8516766 0.4029973 -0.3332133
vn -0.5025602 -0.8186884 -0.2699677
vn -0.6767923 -0.7217633 -0.1276159
vn -0.6681747 -0.7438849 0.01336199
vn -0.02736989 -0.7208509 -0.6925508
vn -0.0719665 -0.8160976 -0.5734161
vn -0.08487701 -0.792136 -0.6044142
vn 0.7810991 0.5989974 -0.1763167
vn 0.8748751 0.4829788 0.03642851
vn 0.7833376 0.6074343 0.1319349
vn -0.6347451 0.7415508 -0.21112
vn -0.002865255 0.9939972 -0.09095019
vn -0.6328915 0.7145125 -0.2974777
vn -0.8284587 -0.4101514 -0.3792267
vn -0.8773226 -0.03678954 -0.4784899
vn -0.891886 -0.04289377 -0.4483799
vn 0.4590827 0.8761771 -0.1439577
vn 0.1501829 0.973214 -0.1740704
vn -0.002865255 0.9939972 -0.09095019
vn -0.5391227 -0.8182952 0.1993521
vn -0.3700655 -0.9134052 0.169541
vn -0.6767923 -0.7217633 -0.1276159
vn -0.8284587 -0.4101514 -0.3792267
vn -0.891886 -0.04289377 -0.4483799
vn -0.907428 -0.2378545 -0.3464082
vn -0.907428 -0.2378545 -0.3464082
vn -0.7126393 -0.5659091 -0.4139718
vn -0.8284587 -0.4101514 -0.3792267
vn -0.4807012 -0.7838192 -0.3909945
vn -0.5025602 -0.8186884 -0.2699677
vn -0.7126393 -0.5659091 -0.4139718
vn -0.4820326 0.8361214 0.254153
vn -0.002865255 0.9939972 -0.09095019
vn -0.6347451 0.7415508 -0.21112
vn -0.6167217 -0.7813874 -0.09533507
vn -0.5025602 -0.8186884 -0.2699677
vn -0.6681747 -0.7438849 0.01336199
vn -0.2039429 -0.8460865 0.4924898
vn -0.3187951 -0.7591428 0.5675154
vn -0.3696337 -0.8518516 0.3711071
vn 0.9955117 -0.02453233 -0.09141378
vn 0.7736979 -0.6238564 -0.1104372
vn 0.673981 -0.7359109 -0.05197364
vn 0.5200162 0.8390098 0.1427582
vn 0.7833376 0.6074343 0.1319349
vn 0.8748751 0.4829788 0.03642851
vn 0.1147792 0.8147631 0.5620278
vn 0.221497 0.8955587 0.3794819
vn 0.0651778 0.8553886 0.5138717
vn -0.05680531 -0.9815416 0.1826214
vn 0.2026102 -0.960947 0.1884974
vn 0.1424837 -0.9852231 0.09505188
vn 0.8630317 0.4994391 -0.07573843
vn 0.8922106 0.412321 -0.1842582
vn 0.8017234 0.5768092 -0.1566224
vn 0.3372578 -0.9405349 0.04055732
vn -0.1756995 -0.983025 -0.05284321
vn -0.2852641 -0.9577332 -0.03704399
vn 0.09265968 0.9932601 -0.0696373
vn 0.1342234 0.9863421 -0.09546703
vn -0.1082998 0.9918206 0.06747878
vn -0.501052 0.1030089 0.8592647
vn -0.3579248 0.01995468 0.9335372
vn -0.2565188 0.08575785 0.9627274
vn -0.717376 -0.6818352 0.1430867
vn -0.6681747 -0.7438849 0.01336199
vn -0.8904274 -0.4551163 -0.003059179
vn 0.05573645 0.9140869 0.3952172
vn -0.07107767 0.9211214 0.382733
vn 0.04588506 0.9276047 0.3707365
vn -0.8011048 -0.2102052 0.5603968
vn -0.501052 0.1030089 0.8592647
vn -0.7078403 -0.1280599 0.6917616
vn -0.6167217 -0.7813874 -0.09533507
vn -0.6681747 -0.7438849 0.01336199
vn -0.3696337 -0.8518516 0.3711071
vn 0.5200162 0.8390098 0.1427582
vn -0.002865255 0.9939972 -0.09095019
vn 0.221497 0.8955587 0.3794819
vn 0.673981 -0.7359109 -0.05197364
vn 0.5414653 -0.836555 -0.04446745
vn 0.563948 -0.8150854 -0.126951
vn 0.4904434 0.8081434 -0.3248659
vn 0.6583887 0.7518301 -0.01864314
vn 0.4125489 0.8338112 -0.3664341
vn -0.9518982 -0.3064148 0.0001562834
vn -0.9013827 -0.4329933 0.005105227
vn -0.9763891 0.2017085 0.07731325
vn 0.1152251 -0.9910744 -0.02389258
vn 0.03621617 -0.947248 -0.312905
vn -0.03089854 -0.9963798 0.04839021
vn -0.7126393 -0.5659091 -0.4139718
vn -0.907428 -0.2378545 -0.3464082
vn -0.889737 -0.3161075 -0.329308
vn 0.1669642 0.9762762 0.1377925
vn 0.118688 0.9927516 0.01870263
vn 0.2385864 0.9710904 -0.007225454
vn 0.9859509 -0.07947911 -0.1469094
vn 0.9437742 -0.3299739 0.02014777
vn 0.7710679 -0.6363496 -0.02257359
vn -0.8520054 0.5023074 0.1475354
vn -0.9744855 0.1890227 0.1210238
vn -0.9830396 -0.1754079 0.05350949
vn -0.8970817 -0.4229018 0.1280409
vn -0.8962159 -0.4365138 0.07905114
vn -0.9830396 -0.1754079 0.05350949
vn -0.8118939 0.5256345 -0.1299452
vn -0.8701764 0.4088504 -0.2501866
vn -0.9159315 -0.001348853 -0.3251795
vn -0.9830396 -0.1754079 0.05350949
vn -0.9832203 -0.04945292 -0.1618117
vn -0.965021 -0.06753901 -0.2197443
vn 0.8493911 0.5247692 -0.05614191
vn 0.6500889 0.7598584 -0.0004668236
vn 0.6729267 0.7396689 0.007235944
vn 0.1930812 -0.9791053 -0.06382114
vn -0.4556916 -0.8752894 -0.05374891
vn 0.1495171 -0.7486769 0.3178406
vn 0.01768154 0.9958659 0.08899403
vn 0.2356285 0.9708704 0.04348594
vn 0.04111087 0.9718885 0.008982897
vn 0.9752254 -0.2181394 -0.03673044
vn 0.9762974 -0.2044784 -0.0390929
vn 0.9507201 -0.1349443 0.2389889
vn -0.5931496 0.6049917 -0.1273839
vn -0.6248371 0.547546 -0.07573646
vn -0.727301 0.4011247 -0.2540661
vn -0.1512029 0.8710332 -0.100944
vn 0.2914069 0.9149641 0.07281953
vn -0.1461481 0.7466097 -0.06428051
vn -0.9882979 -0.09538689 -0.07854965
vn -0.9924283 -0.07682921 -0.03618332
vn -0.9896444 -0.09189142 -0.03536522
vn 0.04314226 0.9230387 -0.06646365
vn -0.001232475 0.9046615 -0.2129579
vn -0.1583061 0.8417467 -0.03070772
vn -0.6248371 0.547546 -0.07573646
vn -0.5939363 0.4514426 -0.4022045
vn -0.6539999 0.3868185 -0.5166065
vn 0.2270494 0.6530966 0.4679213
vn 0.5016567 0.4172857 0.4278052
vn 0.7111079 -0.2605676 0.4825516
vn 0.2916703 0.6544542 -0.05141997
vn 0.2575806 0.6352758 0.196352
vn 0.05155343 0.7246034 -0.1952837
vn 0.5016567 0.4172857 0.4278052
vn 0.5507838 0.53864 0.1988752
vn 0.8126245 0.4208616 0.2981766
vn 0.2270494 0.6530966 0.4679213
vn 0.04314226 0.9230387 -0.06646365
vn 0.006942511 0.8686136 0.04361045
vn -0.6691077 0.4071657 -0.5204831
vn -0.7478963 0.4012809 -0.3996179
vn -0.6255885 0.510765 -0.5146553
vn -0.27999 -0.9330908 -0.2257179
vn 0.0485402 -0.9916583 -0.1194101
vn 0.1348272 -0.7832787 -0.6068751
vn 0.4534591 -0.3802671 -0.8060848
vn 0.355845 -0.05984759 -0.9326273
vn 0.2837799 -0.3805552 -0.8801408
vn -0.8249985 0.4477285 0.3448423
vn -0.8258125 0.4445915 0.3469466
vn -0.9763891 0.2017085 0.07731325
vn 0.3647041 0.929844 -0.0301342
vn 0.489412 0.8708487 -0.01959985
vn 0.4239343 0.9046257 -0.01974368
vn 0.3168135 0.4941251 -0.8094184
vn 0.3586728 0.1604068 -0.9194284
vn 0.3193907 0.6564631 -0.6831698
vn 0.1348272 -0.7832787 -0.6068751
vn 0.229219 -0.960193 -0.1596528
vn 0.3823281 -0.7539897 -0.5341586
vn 0.07560974 -0.4720769 -0.8783097
vn 0.1348272 -0.7832787 -0.6068751
vn 0.2837799 -0.3805552 -0.8801408
vn -0.7094191 0.7045082 -0.0198133
vn -0.2649929 0.7930988 -0.5484287
vn -0.383983 0.7595932 -0.5249533
vn -0.4927807 0.09960938 -0.864434
vn -0.5735053 -0.2161821 -0.7901632
vn -0.074278 0.1565791 -0.9848691
vn -0.763835 0.3694505 -0.5292089
vn -0.7659288 0.4270382 -0.4779874
vn -0.9216465 0.3880298 4.172325E-07
vn -0.3139017 -0.5573462 -0.7686559
vn -0.6260522 -0.1428404 -0.7665867
vn -0.5052655 -0.1786146 -0.8442772
vn -0.7619928 0.1406897 -0.6321177
vn -0.8538382 0.2624629 -0.4495256
vn -0.8953537 0.1421446 -0.4220619
vn -0.209718 -0.2553192 -0.9438387
vn -0.1902655 -0.4863831 -0.8527788
vn -0.5052655 -0.1786146 -0.8442772
vn -0.7654431 -0.5137018 -0.3875667
vn -0.9013827 -0.4329933 0.005105227
vn -0.574048 -0.8114126 0.1099066
vn -0.9763891 0.2017085 0.07731325
vn -0.9175375 -0.08961904 -0.387419
vn -0.7623601 0.3151741 -0.5652189
vn -0.1902655 -0.4863831 -0.8527788
vn -0.01141921 -0.4900953 -0.8715948
vn 0.07016808 -0.582359 -0.6615255
vn -0.1457367 -0.3722506 -0.7442527
vn -0.3139017 -0.5573462 -0.7686559
vn -0.1902655 -0.4863831 -0.8527788
vn 0.08972037 -0.9517818 0.2933646
vn 0.2026102 -0.960947 0.1884974
vn -0.05680531 -0.9815416 0.1826214
vn -0.7957747 -0.5916176 -0.1293317
vn -0.7116163 -0.7020962 0.02553004
vn -0.9830396 -0.1754079 0.05350949
vn 0.4137387 0.530131 -0.5191081
vn 0.3481531 0.1162042 -0.6326988
vn 0.5170704 0.256209 -0.5424616
vn 0.9003975 -0.1034202 -0.3096359
vn 0.779684 -0.2073334 -0.4714787
vn 0.7557916 -0.1704383 -0.4304239
vn -0.6904318 0.6400082 -0.3344854
vn -0.7504812 0.6591499 -0.006653547
vn -0.7880373 0.613439 -0.00244534
vn 0.9261036 -0.3749618 -0.04165456
vn 0.9510974 -0.2515433 -0.1792729
vn 0.9750229 -0.1060626 -0.195141
vn 0.9750229 -0.1060626 -0.195141
vn 0.9724243 0.1940108 -0.1289555
vn 0.986217 -0.0001554489 -0.1652297
vn 0.8017234 0.5768092 -0.1566224
vn 0.9724243 0.1940108 -0.1289555
vn 0.8181148 0.5704333 -0.07275653
vn -0.9412953 -0.3359864 -0.03279814
vn -0.8970817 -0.4229018 0.1280409
vn -0.9826808 -0.1777356 0.05241382
vn 0.8017234 0.5768092 -0.1566224
vn 0.4590827 0.8761771 -0.1439577
vn 0.7135066 0.6733776 -0.19076
vn 0.1501829 0.973214 -0.1740704
vn 0.1342234 0.9863421 -0.09546703
vn 0.03515449 0.9854019 -0.166577
vn -0.9070807 0.4083948 -0.1020596
vn -0.9539206 0.2997558 -0.01342994
vn -0.7813313 0.5977495 -0.1794886
vn 0.01453012 0.288424 -0.9569975
vn -0.4881777 0.4240612 -0.7616896
vn -0.5818869 0.4025888 -0.7060808
vn -0.4807012 -0.7838192 -0.3909945
vn -0.6767923 -0.7217633 -0.1276159
vn -0.5025602 -0.8186884 -0.2699677
vn -0.1902646 -0.3930864 0.8996022
vn -0.3762774 -0.6271972 0.6819386
vn -0.2728454 -0.330451 0.9035259
vn -1.063198E-05 0.234893 -0.9720227
vn -1.046807E-05 0.234893 -0.9720224
vn -1.037121E-05 0.2348928 -0.9720223
vn 0.9573604 0.2671356 -0.1066111
vn 0.9955117 -0.02453233 -0.09141378
vn 0.986217 -0.0001554489 -0.1652297
vn 0.9511607 -0.2719342 -0.1461061
vn 0.9955117 -0.02453233 -0.09141378
vn 0.94337 0.1424718 -0.2995939
vn -0.5025602 -0.8186884 -0.2699677
vn -0.6167217 -0.7813874 -0.09533507
vn -0.8284587 -0.4101514 -0.3792267
vn -0.8904274 -0.4551163 -0.003059179
vn -0.6681747 -0.7438849 0.01336199
vn -0.6767923 -0.7217633 -0.1276159
vn 0.0651778 0.8553886 0.5138717
vn 0.05573645 0.9140869 0.3952172
vn 0.01457137 0.9107254 0.412757
vn -0.3187951 -0.7591428 0.5675154
vn -0.3762774 -0.6271972 0.6819386
vn -0.7078403 -0.1280599 0.6917616
vn -0.8291558 0.4637249 -0.3081309
vn -0.6347451 0.7415508 -0.21112
vn -0.7509357 0.586943 -0.3026437
vn 0.9573604 0.2671356 -0.1066111
vn 0.7135066 0.6733776 -0.19076
vn 0.7281914 0.6806525 -0.05955434
vn 0.117235 0.547711 -0.828154
vn 0.2768639 0.743119 -0.6086632
vn 0.3193907 0.6564631 -0.6831698
vn 0.3264406 0.8535711 -0.4056545
vn 0.3193907 0.6564631 -0.6831698
vn 0.4904434 0.8081434 -0.3248659
vn -0.9763891 0.2017085 0.07731325
vn -0.9877939 0.09370089 -0.1244299
vn -0.9518982 -0.3064148 0.0001562834
vn 0.1869405 0.1464652 -0.9713314
vn 0.256978 0.3605909 -0.8964163
vn 0.08538216 0.6005369 -0.7946833
vn -0.3237437 -0.8976903 -0.2989023
vn -0.4807012 -0.7838192 -0.3909945
vn -0.7126393 -0.5659091 -0.4139718
vn 0.2581226 0.9497802 -0.1768932
vn 0.1501829 0.973214 -0.1740704
vn 0.4590827 0.8761771 -0.1439577
vn -0.7813313 0.5977495 -0.1794886
vn -0.7509357 0.586943 -0.3026437
vn -0.7190473 0.6502737 -0.2451832
vn -0.8952309 -0.3557896 -0.2682809
vn -0.7126393 -0.5659091 -0.4139718
vn -0.9274995 -0.3260671 -0.1828226
vn 0.1751921 0.8969684 -0.4059025
vn 0.1767892 0.9168597 -0.3579317
vn -0.1053257 0.9183422 -0.381518
vn 0.3507044 0.9198949 0.175478
vn 0.6729267 0.7396689 0.007235944
vn 0.1669642 0.9762762 0.1377925
vn 0.973866 -0.1658216 -0.155198
vn 0.9859509 -0.07947911 -0.1469094
vn 0.7710679 -0.6363496 -0.02257359
vn -0.9539206 0.2997558 -0.01342994
vn -0.8520054 0.5023074 0.1475354
vn -0.9830396 -0.1754079 0.05350949
vn -0.7116163 -0.7020962 0.02553004
vn -0.8970817 -0.4229018 0.1280409
vn -0.9830396 -0.1754079 0.05350949
vn 0.8918293 0.4522873 0.008527637
vn 0.6729267 0.7396689 0.007235944
vn 0.8918271 0.4523526 0.00428164
vn -0.6281215 -0.7705831 -0.1079876
vn -0.7957747 -0.5916176 -0.1293317
vn -0.5672196 -0.6392664 0.1907396
vn -0.9552708 -0.01106393 -0.2393714
vn -0.8949359 0.3171585 -0.3138429
vn -0.965021 -0.06753901 -0.2197443
vn 0.6729267 0.7396689 0.007235944
vn 0.9859509 -0.07947911 -0.1469094
vn 0.8493911 0.5247692 -0.05614191
vn 0.6500889 0.7598584 -0.0004668236
vn 0.6119152 0.7840881 0.1037606
vn 0.2356285 0.9708704 0.04348594
vn -0.5533874 -0.6286519 0.2561039
vn -0.5438231 -0.6514627 0.2282079
vn -0.578318 -0.7264045 0.1028084
vn 0.5708805 -0.6334191 -0.2094758
vn 0.5952897 -0.6852587 -0.08469099
vn 0.64606 -0.5676887 -0.4032723
vn -0.727301 0.4011247 -0.2540661
vn -0.6302096 0.6029069 -0.1793911
vn -0.5931496 0.6049917 -0.1273839
vn 0.2660772 0.9630812 0.04097044
vn 0.2914069 0.9149641 0.07281953
vn -0.1512029 0.8710332 -0.100944
vn -0.9552708 -0.01106393 -0.2393714
vn -0.9882979 -0.09538689 -0.07854965
vn -0.9896444 -0.09189142 -0.03536522
vn 0.5507838 0.53864 0.1988752
vn 0.5882763 0.6992074 0.2196602
vn 0.8126245 0.4208616 0.2981766
vn 0.3073113 0.822233 0.1261113
vn 0.5882763 0.6992074 0.2196602
vn 0.2916703 0.6544542 -0.05141997
vn -0.1461481 0.7466097 -0.06428051
vn -0.5939363 0.4514426 -0.4022045
vn -0.6248371 0.547546 -0.07573646
vn 0.6259409 -0.4123099 0.341551
vn 0.5696152 0.4383786 0.6902876
vn 0.7247508 -0.5633161 0.1304772
vn 0.9507201 -0.1349443 0.2389889
vn 0.9297054 -0.3225482 0.07129225
vn 0.7111079 -0.2605676 0.4825516
vn -0.9872161 -0.1025981 -0.06077709
vn -0.9896444 -0.09189142 -0.03536522
vn -0.9924283 -0.07682921 -0.03618332
vn 0.006942511 0.8686136 0.04361045
vn 0.04314226 0.9230387 -0.06646365
vn -0.1583061 0.8417467 -0.03070772
vn 0.006942511 0.8686136 0.04361045
vn -0.1583061 0.8417467 -0.03070772
vn 0.05155343 0.7246034 -0.1952837
vn -0.7514153 0.3026792 -0.3901933
vn -0.727301 0.4011247 -0.2540661
vn -0.7478963 0.4012809 -0.3996179
vn 0.5696152 0.4383786 0.6902876
vn 0.2270494 0.6530966 0.4679213
vn 0.7111079 -0.2605676 0.4825516
vn 0.2523284 0.7569555 0.1584612
vn 0.006942511 0.8686136 0.04361045
vn 0.2575806 0.6352758 0.196352
vn 0.7111079 -0.2605676 0.4825516
vn 0.5016567 0.4172857 0.4278052
vn 0.9507201 -0.1349443 0.2389889
vn 0.2523284 0.7569555 0.1584612
vn 0.5016567 0.4172857 0.4278052
vn 0.2270494 0.6530966 0.4679213
vn 0.6607097 -0.3418268 0.3880823
vn 0.6259409 -0.4123099 0.341551
vn 0.704721 -0.5321034 0.02043492
vn -0.6510455 -0.1343173 -0.605462
vn -0.6510194 0.1644912 -0.4943415
vn -0.7514153 0.3026792 -0.3901933
vn 0.1302396 0.9276017 -0.3412514
vn -0.001232475 0.9046615 -0.2129579
vn 0.04314226 0.9230387 -0.06646365
vn 0.337711 0.7713981 -0.08870274
vn 0.260787 0.9160864 -0.2840145
vn 0.2518468 0.9122812 -0.307997
vn 0.9014662 0.4120079 -0.06903052
vn 0.9449066 0.269829 0.009548247
vn 0.9091189 0.3960445 -0.06779534
vn 0.5170704 0.256209 -0.5424616
vn 0.2851628 0.3565622 -0.5526883
vn 0.5954369 0.1184328 -0.5431373
vn -0.6567758 0.4074384 -0.6345382
vn -0.6255885 0.510765 -0.5146553
vn -0.5818869 0.4025888 -0.7060808
vn 0.5954369 0.1184328 -0.5431373
vn 0.6147512 -0.445299 -0.4644276
vn 0.5170704 0.256209 -0.5424616
vn -0.9175375 -0.08961904 -0.387419
vn -0.7654431 -0.5137018 -0.3875667
vn -0.5735053 -0.2161821 -0.7901632
vn 0.1348272 -0.7832787 -0.6068751
vn 0.0485402 -0.9916583 -0.1194101
vn 0.229219 -0.960193 -0.1596528
vn -0.4350629 -0.6679394 -0.6038033
vn -0.27999 -0.9330908 -0.2257179
vn 0.1348272 -0.7832787 -0.6068751
vn 0.3823281 -0.7539897 -0.5341586
vn 0.4534591 -0.3802671 -0.8060848
vn 0.2837799 -0.3805552 -0.8801408
vn 0.2334067 -0.3056291 -0.9224429
vn 0.2607203 -0.1538053 -0.9529034
vn 0.1954504 -0.07539433 -0.9777049
vn 0.2744156 -0.1769247 -0.9449774
vn 0.2917823 -0.01725668 -0.9561455
vn 0.3433931 -0.2144184 -0.9140411
vn 0.6257079 -0.01917797 -0.778924
vn 0.5688107 0.02315938 -0.8213684
vn 0.4048052 0.1337172 -0.90417
vn 0.2505323 -0.1082518 -0.961935
vn 0.3814268 -0.09259427 -0.9194272
vn 0.3586728 0.1604068 -0.9194284
vn -0.08211128 0.3158126 -0.9450261
vn 0.02405214 0.4355996 -0.8993766
vn 0.4048052 0.1337172 -0.90417
vn 0.1135455 0.03012013 -0.9930433
vn 0.1965319 0.1651723 -0.9663329
vn 0.07275252 0.2291398 -0.9705356
vn 0.8561863 -0.3218306 -0.4000687
vn 0.8511012 -0.4196242 -0.3098067
vn 0.8703082 -0.3080989 -0.3798157
vn -0.383983 0.7595932 -0.5249533
vn -0.2649929 0.7930988 -0.5484287
vn -0.160839 0.6215078 -0.7667202
vn -0.7094191 0.7045082 -0.0198133
vn -0.8249985 0.4477285 0.3448423
vn -0.9763891 0.2017085 0.07731325
vn 0.4436234 0.8911696 -0.08792365
vn 0.3647041 0.929844 -0.0301342
vn 0.4239343 0.9046257 -0.01974368
vn 0.2568571 0.1599137 -0.953027
vn 0.3193907 0.6564631 -0.6831698
vn 0.3586728 0.1604068 -0.9194284
vn 0.3168135 0.4941251 -0.8094184
vn 0.4160389 0.6707636 -0.6139937
vn 0.2194895 0.2925921 -0.9306313
vn 0.2620481 0.08691406 -0.9611336
vn 0.01347673 -0.07936418 -0.9967551
vn -0.3225545 0.2276955 -0.918757
vn 0.355845 -0.05984759 -0.9326273
vn -0.074278 0.1565791 -0.9848691
vn 0.2837799 -0.3805552 -0.8801408
vn 0.2837799 -0.3805552 -0.8801408
vn 0.1348272 -0.7832787 -0.6068751
vn 0.3823281 -0.7539897 -0.5341586
vn -0.074278 0.1565791 -0.9848691
vn 0.07560974 -0.4720769 -0.8783097
vn 0.2837799 -0.3805552 -0.8801408
vn -0.5253485 0.8486963 -0.06102556
vn -0.6732652 0.7394009 -9.75728E-05
vn -0.7094191 0.7045082 -0.0198133
vn -0.074278 0.1565791 -0.9848691
vn -0.3130513 0.4051447 -0.8589863
vn -0.4927807 0.09960938 -0.864434
vn -0.2117684 -0.1093822 -0.9708266
vn 0.2985527 0.2139624 -0.9295495
vn 0.1954504 -0.07539433 -0.9777049
vn 0.09540759 0.4158353 -0.9041567
vn 0.1086427 0.2469335 -0.9627528
vn 0.3088521 0.6398333 -0.7037218
vn -0.3973412 0.5096493 -0.7610118
vn -0.4881777 0.4240612 -0.7616896
vn 0.07544684 0.285552 -0.9547916
vn 0.01453012 0.288424 -0.9569975
vn 0.07544684 0.285552 -0.9547916
vn -0.4881777 0.4240612 -0.7616896
vn -0.6255885 0.510765 -0.5146553
vn -0.6567758 0.4074384 -0.6345382
vn -0.6691077 0.4071657 -0.5204831
vn -0.1124935 0.9320301 -0.3352983
vn -0.09149086 0.9372131 -0.3349429
vn -0.001232475 0.9046615 -0.2129579
vn -0.7199018 0.5450449 -0.4259657
vn -0.7880373 0.613439 -0.00244534
vn -0.7659288 0.4270382 -0.4779874
vn 0.02296999 0.9870207 0.1589469
vn -0.4716494 0.8815069 -0.01278156
vn -0.1053257 0.9183422 -0.381518
vn 0.3088521 0.6398333 -0.7037218
vn 0.4073409 0.7736182 -0.4853749
vn 0.1751921 0.8969684 -0.4059025
vn -0.3130513 0.4051447 -0.8589863
vn -0.7623601 0.3151741 -0.5652189
vn -0.4927807 0.09960938 -0.864434
vn -0.3139017 -0.5573462 -0.7686559
vn -0.5748976 -0.4204062 -0.7019628
vn -0.6260522 -0.1428404 -0.7665867
vn -0.1457367 -0.3722506 -0.7442527
vn -0.0680711 -0.2027104 -0.7219489
vn -0.3139017 -0.5573462 -0.7686559
vn -0.6260522 -0.1428404 -0.7665867
vn -0.697798 0.03678018 -0.7153493
vn -0.5052655 -0.1786146 -0.8442772
vn -0.1902655 -0.4863831 -0.8527788
vn -0.3139017 -0.5573462 -0.7686559
vn -0.5052655 -0.1786146 -0.8442772
vn -0.7619928 0.1406897 -0.6321177
vn -0.5243618 0.4086677 -0.7470179
vn -0.6883223 0.09060723 -0.7197241
vn -0.697798 0.03678018 -0.7153493
vn -0.6883223 0.09060723 -0.7197241
vn -0.5052655 -0.1786146 -0.8442772
vn -0.383983 0.7595932 -0.5249533
vn -0.160839 0.6215078 -0.7667202
vn -0.5243618 0.4086677 -0.7470179
vn -0.27999 -0.9330908 -0.2257179
vn -0.7654431 -0.5137018 -0.3875667
vn -0.574048 -0.8114126 0.1099066
vn -0.7094191 0.7045082 -0.0198133
vn -0.9763891 0.2017085 0.07731325
vn -0.8345796 0.5236573 -0.1710548
vn 0.07016808 -0.582359 -0.6615255
vn -0.1457367 -0.3722506 -0.7442527
vn -0.1902655 -0.4863831 -0.8527788
vt 0.05940135 0.9483882
vt 0.05648025 0.9464408
vt 0.05550655 0.9405987
vt 0.05940135 0.939625
vt 0.05940135 0.9483882
vt 0.05550655 0.9405987
vt 0.05648025 0.9464408
vt 0.05355915 0.9444935
vt 0.05258546 0.9415724
vt 0.05550655 0.9405987
vt 0.05648025 0.9464408
vt 0.05258546 0.9415724
vt 0.05355915 0.9444935
vt 0.05648025 0.9464408
vt 0.05550655 0.9483882
vt 0.05355915 0.9464408
vt 0.05355915 0.9444935
vt 0.05550655 0.9483882
vt 0.05648025 0.9464408
vt 0.05940135 0.9483882
vt 0.05940135 0.9503356
vt 0.05550655 0.9483882
vt 0.05648025 0.9464408
vt 0.05940135 0.9503356
vt 0.05550655 0.9483882
vt 0.05940135 0.9503356
vt 0.05940135 0.9552041
vt 0.05453285 0.952283
vt 0.05550655 0.9483882
vt 0.05940135 0.9552041
vt 0.05258546 0.9415724
vt 0.05258546 0.9444935
vt 0.04966436 0.9435198
vt 0.05063806 0.9405987
vt 0.05258546 0.9415724
vt 0.04966436 0.9435198
vt 0.05550655 0.9405987
vt 0.05258546 0.9415724
vt 0.05063806 0.9405987
vt 0.05355915 0.9376776
vt 0.05550655 0.9405987
vt 0.05063806 0.9405987
vt 0.05355915 0.9464408
vt 0.05550655 0.9483882
vt 0.05453285 0.952283
vt 0.05161176 0.9483882
vt 0.05355915 0.9464408
vt 0.05453285 0.952283
vt 0.05258546 0.9444935
vt 0.05355915 0.9464408
vt 0.05161176 0.9483882
vt 0.04966436 0.9435198
vt 0.05258546 0.9444935
vt 0.05161176 0.9483882
vt 0.04576956 0.9182036
vt 0.03992737 0.929888
vt 0.03019039 0.9220984
vt 0.03895367 0.900677
vt 0.04576956 0.9182036
vt 0.03019039 0.9220984
vt 0.05940135 0.9065192
vt 0.04576956 0.9182036
vt 0.03895367 0.900677
vt 0.05940135 0.8870452
vt 0.05940135 0.9065192
vt 0.03895367 0.900677
vt 0.03992737 0.929888
vt 0.03992737 0.9435198
vt 0.03505888 0.9444935
vt 0.03019039 0.9220984
vt 0.03992737 0.929888
vt 0.03505888 0.9444935
vt 0.04966436 0.9649411
vt 0.05940135 0.9698096
vt 0.05940135 0.9824677
vt 0.04674326 0.9746781
vt 0.04966436 0.9649411
vt 0.05940135 0.9824677
vt 0.03992737 0.9435198
vt 0.04284847 0.9561778
vt 0.03797998 0.9629937
vt 0.03505888 0.9444935
vt 0.03992737 0.9435198
vt 0.03797998 0.9629937
vt 0.04284847 0.9561778
vt 0.04966436 0.9649411
vt 0.04674326 0.9746781
vt 0.03797998 0.9629937
vt 0.04284847 0.9561778
vt 0.04674326 0.9746781
vt 0.05355915 0.9376776
vt 0.05063806 0.9405987
vt 0.04674326 0.9367039
vt 0.05063806 0.9289142
vt 0.05355915 0.9376776
vt 0.04674326 0.9367039
vt 0.05161176 0.9483882
vt 0.05453285 0.952283
vt 0.05258546 0.9571515
vt 0.04771696 0.9513093
vt 0.05161176 0.9483882
vt 0.05258546 0.9571515
vt 0.05453285 0.952283
vt 0.05940135 0.9552041
vt 0.05940135 0.9610463
vt 0.05258546 0.9571515
vt 0.05453285 0.952283
vt 0.05940135 0.9610463
vt 0.05063806 0.9405987
vt 0.04966436 0.9435198
vt 0.04576956 0.9435198
vt 0.04674326 0.9367039
vt 0.05063806 0.9405987
vt 0.04576956 0.9435198
vt 0.05940135 0.939625
vt 0.05550655 0.9405987
vt 0.05355915 0.9376776
vt 0.05940135 0.9328091
vt 0.05940135 0.939625
vt 0.05355915 0.9376776
vt 0.05940135 0.9328091
vt 0.05355915 0.9376776
vt 0.05063806 0.9289142
vt 0.05940135 0.9211247
vt 0.05940135 0.9328091
vt 0.05063806 0.9289142
vt 0.04771696 0.9513093
vt 0.05258546 0.9571515
vt 0.04966436 0.9649411
vt 0.04284847 0.9561778
vt 0.04771696 0.9513093
vt 0.04966436 0.9649411
vt 0.04966436 0.9435198
vt 0.05161176 0.9483882
vt 0.04771696 0.9513093
vt 0.04576956 0.9435198
vt 0.04966436 0.9435198
vt 0.04771696 0.9513093
vt 0.04576956 0.9435198
vt 0.04771696 0.9513093
vt 0.04284847 0.9561778
vt 0.03992737 0.9435198
vt 0.04576956 0.9435198
vt 0.04284847 0.9561778
vt 0.05258546 0.9571515
vt 0.05940135 0.9610463
vt 0.05940135 0.9698096
vt 0.04966436 0.9649411
vt 0.05258546 0.9571515
vt 0.05940135 0.9698096
vt 0.04674326 0.9367039
vt 0.04576956 0.9435198
vt 0.03992737 0.9435198
vt 0.03992737 0.929888
vt 0.04674326 0.9367039
vt 0.03992737 0.9435198
vt 0.05940135 0.9211247
vt 0.05063806 0.9289142
vt 0.04576956 0.9182036
vt 0.05940135 0.9065192
vt 0.05940135 0.9211247
vt 0.04576956 0.9182036
vt 0.05063806 0.9289142
vt 0.04674326 0.9367039
vt 0.03992737 0.929888
vt 0.04576956 0.9182036
vt 0.05063806 0.9289142
vt 0.03992737 0.929888
vt 0.03797998 0.9629937
vt 0.04674326 0.9746781
vt 0.04284847 0.9883099
vt 0.03019039 0.9766255
vt 0.03797998 0.9629937
vt 0.04284847 0.9883099
vt 0.03505888 0.9444935
vt 0.03797998 0.9629937
vt 0.03019039 0.9766255
vt 0.02824299 0.9444935
vt 0.03505888 0.9444935
vt 0.03019039 0.9766255
vt 0.04674326 0.9746781
vt 0.05940135 0.9824677
vt 0.05940135 0.9951258
vt 0.04284847 0.9883099
vt 0.04674326 0.9746781
vt 0.05940135 0.9951258
vt 0.03019039 0.9220984
vt 0.03505888 0.9444935
vt 0.02824299 0.9444935
vt 0.004874221 0.8987296
vt 0.03019039 0.9220984
vt 0.02824299 0.9444935
vt 0.05940135 0.8870452
vt 0.03895367 0.900677
vt 0.02434819 0.871466
vt 0.06037505 0.8471236
vt 0.05940135 0.8870452
vt 0.02434819 0.871466
vt 0.03895367 0.900677
vt 0.03019039 0.9220984
vt 0.004874221 0.8987296
vt 0.02434819 0.871466
vt 0.03895367 0.900677
vt 0.004874221 0.8987296
vt 0.02824299 0.9444935
vt 0.03019039 0.9766255
vt 0.02921669 0.9785729
vt 0.03019039 0.9464408
vt 0.02824299 0.9444935
vt 0.02921669 0.9785729
vt 0.04284847 0.9883099
vt 0.05940135 0.9951258
vt 0.05940135 0.9980469
vt 0.04284847 0.9902573
vt 0.04284847 0.9883099
vt 0.05940135 0.9980469
vt 0.03019039 0.9766255
vt 0.04284847 0.9883099
vt 0.04284847 0.9902573
vt 0.02921669 0.9785729
vt 0.03019039 0.9766255
vt 0.04284847 0.9902573
vt 0.06037505 0.8471236
vt 0.02434819 0.871466
vt 0.0224008 0.8665975
vt 0.06037505 0.8354392
vt 0.06037505 0.8471236
vt 0.0224008 0.8665975
vt 0.004874221 0.8987296
vt 0.02824299 0.9444935
vt 0.03019039 0.9464408
vt 0.001953125 0.8958085
vt 0.004874221 0.8987296
vt 0.03019039 0.9464408
vt 0.02434819 0.871466
vt 0.004874221 0.8987296
vt 0.001953125 0.8958085
vt 0.0224008 0.8665975
vt 0.02434819 0.871466
vt 0.001953125 0.8958085
vt 0.5248293 0.2823783
vt 0.5004869 0.2891942
vt 0.5111975 0.2814047
vt 0.5111975 0.2814047
vt 0.5004869 0.2891942
vt 0.5053554 0.280431
vt 0.7994124 0.6095411
vt 0.8169389 0.60662
vt 0.7994124 0.6338836
vt 0.8169389 0.60662
vt 0.8110967 0.6426468
vt 0.7994124 0.6338836
vt 0.2307723 0.5861723
vt 0.2054562 0.6085674
vt 0.1596923 0.5404085
vt 0.2064299 0.5092502
vt 0.2307723 0.5861723
vt 0.1596923 0.5404085
vt 0.6085674 0.6416731
vt 0.6436206 0.706911
vt 0.6231729 0.7020425
vt 0.6231729 0.7020425
vt 0.6436206 0.706911
vt 0.6241466 0.729306
vt 0.08374381 0.2590096
vt 0.0964019 0.2327197
vt 0.1178233 0.2551148
vt 0.1392446 0.2307723
vt 0.1178233 0.2551148
vt 0.0964019 0.2327197
vt 0.0964019 0.2327197
vt 0.1022441 0.2083772
vt 0.1392446 0.2307723
vt 0.6494628 0.6056463
vt 0.6397257 0.6445943
vt 0.6221992 0.6036989
vt 0.6406994 0.587146
vt 0.6494628 0.6056463
vt 0.6221992 0.6036989
vt 0.0983493 0.1918244
vt 0.1012704 0.1830611
vt 0.1392446 0.1879296
vt 0.1022441 0.2083772
vt 0.0983493 0.1918244
vt 0.1392446 0.1879296
vt 0.7478063 0.8656238
vt 0.7614381 0.8188863
vt 0.7672803 0.8510184
vt 0.7653329 0.8821768
vt 0.7478063 0.8656238
vt 0.7672803 0.8510184
vt 0.7137269 0.9737044
vt 0.7244375 0.9503356
vt 0.7419641 0.9464408
vt 0.7244375 0.9503356
vt 0.7137269 0.9737044
vt 0.7156743 0.9532567
vt 0.7156743 0.9532567
vt 0.7137269 0.9737044
vt 0.7039899 0.9727307
vt 0.7137269 0.9737044
vt 0.7127532 0.9863625
vt 0.7039899 0.9727307
vt 0.7137269 0.9737044
vt 0.74878 0.9980469
vt 0.7127532 0.9863625
vt 0.7254112 0.9951258
vt 0.7127532 0.9863625
vt 0.74878 0.9980469
vt 0.768254 0.9629937
vt 0.7604644 0.9902573
vt 0.74878 0.9980469
vt 0.74878 0.9980469
vt 0.7137269 0.9737044
vt 0.768254 0.9629937
vt 0.9279405 0.53554
vt 0.9143088 0.5287241
vt 0.929888 0.5219082
vt 0.9279405 0.53554
vt 0.9123614 0.5374874
vt 0.9143088 0.5287241
vt 0.1392446 0.2852994
vt 0.1139285 0.2823783
vt 0.1178233 0.2551148
vt 0.1392446 0.270694
vt 0.1392446 0.2852994
vt 0.1178233 0.2551148
vt 0.1392446 0.270694
vt 0.1178233 0.2551148
vt 0.1392446 0.2551148
vt 0.07400683 0.2268775
vt 0.07692792 0.2112983
vt 0.08666491 0.2103246
vt 0.07984902 0.1918244
vt 0.08666491 0.2103246
vt 0.07692792 0.2112983
vt 0.687437 0.6601734
vt 0.7185953 0.6523838
vt 0.7147006 0.7039899
vt 0.6835422 0.7059373
vt 0.687437 0.6601734
vt 0.7147006 0.7039899
vt 0.6397257 0.6445943
vt 0.6494628 0.6056463
vt 0.6835422 0.6280414
vt 0.6494628 0.6056463
vt 0.6854896 0.6144096
vt 0.6835422 0.6280414
vt 0.6845159 0.7594907
vt 0.6426468 0.7614381
vt 0.6854896 0.7361219
vt 0.6426468 0.7614381
vt 0.6436206 0.706911
vt 0.6854896 0.7361219
vt 0.5228819 0.1372972
vt 0.516066 0.1850085
vt 0.4732233 0.1528764
vt 0.5228819 0.1372972
vt 0.4732233 0.1528764
vt 0.4732233 0.08666492
vt 0.1022441 0.2083772
vt 0.08666491 0.2103246
vt 0.07984902 0.1918244
vt 0.0983493 0.1918244
vt 0.1022441 0.2083772
vt 0.07984902 0.1918244
vt 0.768254 0.9629937
vt 0.7760436 0.9493619
vt 0.7848068 0.9532567
vt 0.7848068 0.9532567
vt 0.7760436 0.9493619
vt 0.7838331 0.9405987
vt 0.1889033 0.706911
vt 0.1791663 0.7224902
vt 0.1577449 0.7185954
vt 0.1908507 0.7370956
vt 0.1791663 0.7224902
vt 0.1889033 0.706911
vt 0.2590096 0.7955176
vt 0.2590096 0.7916228
vt 0.2687466 0.7955176
vt 0.2590096 0.7916228
vt 0.2677729 0.7906491
vt 0.2687466 0.7955176
vt 0.2882205 0.8480973
vt 0.2882205 0.8510184
vt 0.2843257 0.8480973
vt 0.2882205 0.8510184
vt 0.283352 0.8539395
vt 0.2843257 0.8480973
vt 0.2444041 0.7828594
vt 0.25122 0.787728
vt 0.2453778 0.7906491
vt 0.2541411 0.7740962
vt 0.25122 0.787728
vt 0.2444041 0.7828594
vt 0.8003861 0.6591997
vt 0.8110967 0.6426468
vt 0.8218074 0.7020425
vt 0.8033071 0.7000951
vt 0.8003861 0.6591997
vt 0.8218074 0.7020425
vt 0.8033071 0.7000951
vt 0.7731225 0.6981477
vt 0.8003861 0.6591997
vt 0.5501455 0.2093509
vt 0.5413822 0.219088
vt 0.5316452 0.2074035
vt 0.5501455 0.2093509
vt 0.5316452 0.2074035
vt 0.5316452 0.189877
vt 0.002926824 0.1441131
vt 0.05063806 0.1557975
vt 0.01169011 0.1684556
vt 0.01169011 0.1684556
vt 0.05063806 0.1557975
vt 0.05745395 0.1694293
vt 0.5715669 0.2502463
vt 0.5657247 0.2366145
vt 0.587146 0.2453778
vt 0.5764353 0.2297986
vt 0.587146 0.2453778
vt 0.5657247 0.2366145
vt 0.08374381 0.1713767
vt 0.05745395 0.1694293
vt 0.0915334 0.1635871
vt 0.05745395 0.1694293
vt 0.05063806 0.1557975
vt 0.0915334 0.1635871
vt 0.6601734 0.8208337
vt 0.667963 0.8656238
vt 0.6309625 0.8743871
vt 0.6601734 0.8208337
vt 0.6309625 0.8743871
vt 0.6426468 0.7614381
vt 0.6669893 0.9152825
vt 0.6377783 0.8938611
vt 0.6708841 0.8850979
vt 0.6708841 0.8850979
vt 0.6377783 0.8938611
vt 0.667963 0.8656238
vt 0.7098321 0.758517
vt 0.7526748 0.7536485
vt 0.7322271 0.8149915
vt 0.7098321 0.758517
vt 0.7147006 0.7039899
vt 0.7526748 0.7536485
vt 0.5111975 0.2814047
vt 0.5053554 0.280431
vt 0.5131449 0.2736151
vt 0.5111975 0.2814047
vt 0.5131449 0.2736151
vt 0.5248293 0.2823783
vt 0.5744879 0.08861232
vt 0.5462507 0.1051652
vt 0.5404085 0.0779016
vt 0.5404085 0.0779016
vt 0.5462507 0.1051652
vt 0.5228819 0.1372972
vt 0.5637773 0.1548238
vt 0.545277 0.150929
vt 0.5881197 0.1256129
vt 0.5881197 0.1256129
vt 0.545277 0.150929
vt 0.5618299 0.10906
vt 0.5501455 0.2093509
vt 0.5316452 0.189877
vt 0.5491718 0.1879296
vt 0.5491718 0.1879296
vt 0.5735142 0.1879296
vt 0.5501455 0.2093509
vt 0.4849077 0.283352
vt 0.4732233 0.2765362
vt 0.496592 0.2745888
vt 0.483934 0.2658255
vt 0.496592 0.2745888
vt 0.4732233 0.2765362
vt 0.8704923 0.6932791
vt 0.8549132 0.7234638
vt 0.8218074 0.7020425
vt 0.8704923 0.6932791
vt 0.8734134 0.7409904
vt 0.8549132 0.7234638
vt 0.7517011 0.8179126
vt 0.7478063 0.8656238
vt 0.7322271 0.8149915
vt 0.7478063 0.8656238
vt 0.7147006 0.861729
vt 0.7322271 0.8149915
vt 0.7672803 0.8510184
vt 0.7614381 0.8188863
vt 0.7925965 0.8247285
vt 0.7925965 0.8247285
vt 0.7614381 0.8188863
vt 0.7770173 0.7507274
vt 0.9220984 0.5092502
vt 0.9405987 0.496592
vt 0.9405987 0.5141187
vt 0.9220984 0.5092502
vt 0.910414 0.4975657
vt 0.9405987 0.496592
vt 0.7604644 0.6173307
vt 0.777991 0.6231729
vt 0.777991 0.6416731
vt 0.7604644 0.6173307
vt 0.7740962 0.6144096
vt 0.777991 0.6231729
vt 0.7409904 0.6465417
vt 0.7614381 0.6484891
vt 0.7478063 0.7010688
vt 0.7614381 0.6484891
vt 0.7731225 0.6981477
vt 0.7478063 0.7010688
vt 0.706911 0.5783827
vt 0.736122 0.5764353
vt 0.7147006 0.6153833
vt 0.736122 0.5764353
vt 0.7380694 0.616357
vt 0.7147006 0.6153833
vt 0.7380694 0.616357
vt 0.7604644 0.6173307
vt 0.7409904 0.6465417
vt 0.7468326 0.6056463
vt 0.7604644 0.6173307
vt 0.7380694 0.616357
vt 0.496592 0.2745888
vt 0.5082765 0.2570622
vt 0.5131449 0.2736151
vt 0.5053554 0.280431
vt 0.496592 0.2745888
vt 0.5131449 0.2736151
vt 0.1441131 0.7779909
vt 0.1489816 0.8110967
vt 0.07790162 0.8052545
vt 0.1489816 0.8110967
vt 0.1431394 0.8675712
vt 0.07790162 0.8052545
vt 0.5764353 0.2297986
vt 0.5569614 0.222009
vt 0.5735142 0.212272
vt 0.6046726 0.2249301
vt 0.5764353 0.2297986
vt 0.5735142 0.212272
vt 0.05940135 0.9483882
vt 0.05940135 0.939625
vt 0.06426984 0.9405987
vt 0.06329614 0.9464408
vt 0.05940135 0.9483882
vt 0.06426984 0.9405987
vt 0.06329614 0.9464408
vt 0.06426984 0.9405987
vt 0.06621724 0.9415724
vt 0.06621724 0.9444935
vt 0.06329614 0.9464408
vt 0.06621724 0.9415724
vt 0.06621724 0.9444935
vt 0.06621724 0.9464408
vt 0.06426984 0.9483882
vt 0.06329614 0.9464408
vt 0.06621724 0.9444935
vt 0.06426984 0.9483882
vt 0.06329614 0.9464408
vt 0.06426984 0.9483882
vt 0.05940135 0.9503356
vt 0.05940135 0.9483882
vt 0.06329614 0.9464408
vt 0.05940135 0.9503356
vt 0.06426984 0.9483882
vt 0.06524354 0.952283
vt 0.05940135 0.9552041
vt 0.05940135 0.9503356
vt 0.06426984 0.9483882
vt 0.05940135 0.9552041
vt 0.06621724 0.9415724
vt 0.06816463 0.9405987
vt 0.07011203 0.9444935
vt 0.06719094 0.9444935
vt 0.06621724 0.9415724
vt 0.07011203 0.9444935
vt 0.06426984 0.9405987
vt 0.06621724 0.9376776
vt 0.06816463 0.9405987
vt 0.06621724 0.9415724
vt 0.06426984 0.9405987
vt 0.06816463 0.9405987
vt 0.06621724 0.9464408
vt 0.06816463 0.9483882
vt 0.06524354 0.952283
vt 0.06426984 0.9483882
vt 0.06621724 0.9464408
vt 0.06524354 0.952283
vt 0.06719094 0.9444935
vt 0.07011203 0.9444935
vt 0.06816463 0.9483882
vt 0.06621724 0.9464408
vt 0.06719094 0.9444935
vt 0.06816463 0.9483882
vt 0.07400683 0.9182036
vt 0.08082272 0.900677
vt 0.089586 0.9220984
vt 0.07984902 0.929888
vt 0.07400683 0.9182036
vt 0.089586 0.9220984
vt 0.05940135 0.9065192
vt 0.05940135 0.8870452
vt 0.08082272 0.900677
vt 0.07400683 0.9182036
vt 0.05940135 0.9065192
vt 0.08082272 0.900677
vt 0.07984902 0.929888
vt 0.089586 0.9220984
vt 0.08374381 0.9444935
vt 0.07887532 0.9435198
vt 0.07984902 0.929888
vt 0.08374381 0.9444935
vt 0.06913833 0.9649411
vt 0.07205943 0.9746781
vt 0.05940135 0.9824677
vt 0.05940135 0.9698096
vt 0.06913833 0.9649411
vt 0.05940135 0.9824677
vt 0.07887532 0.9435198
vt 0.08374381 0.9444935
vt 0.08179642 0.9629937
vt 0.07595422 0.9561778
vt 0.07887532 0.9435198
vt 0.08179642 0.9629937
vt 0.07595422 0.9561778
vt 0.08179642 0.9629937
vt 0.07205943 0.9746781
vt 0.06913833 0.9649411
vt 0.07595422 0.9561778
vt 0.07205943 0.9746781
vt 0.06621724 0.9376776
vt 0.06913833 0.9289142
vt 0.07303313 0.9367039
vt 0.06816463 0.9405987
vt 0.06621724 0.9376776
vt 0.07303313 0.9367039
vt 0.06816463 0.9483882
vt 0.07205943 0.9513093
vt 0.06719094 0.9571515
vt 0.06524354 0.952283
vt 0.06816463 0.9483882
vt 0.06719094 0.9571515
vt 0.06524354 0.952283
vt 0.06719094 0.9571515
vt 0.05940135 0.9610463
vt 0.05940135 0.9552041
vt 0.06524354 0.952283
vt 0.05940135 0.9610463
vt 0.06816463 0.9405987
vt 0.07303313 0.9367039
vt 0.07400683 0.9435198
vt 0.07011203 0.9444935
vt 0.06816463 0.9405987
vt 0.07400683 0.9435198
vt 0.05940135 0.939625
vt 0.05940135 0.9328091
vt 0.06621724 0.9376776
vt 0.06426984 0.9405987
vt 0.05940135 0.939625
vt 0.06621724 0.9376776
vt 0.06621724 0.9376776
vt 0.05940135 0.9328091
vt 0.06913833 0.9289142
vt 0.05940135 0.9328091
vt 0.05940135 0.9211247
vt 0.06913833 0.9289142
vt 0.07205943 0.9513093
vt 0.07595422 0.9561778
vt 0.06913833 0.9649411
vt 0.06719094 0.9571515
vt 0.07205943 0.9513093
vt 0.06913833 0.9649411
vt 0.06816463 0.9483882
vt 0.07011203 0.9444935
vt 0.07205943 0.9513093
vt 0.07011203 0.9444935
vt 0.07400683 0.9435198
vt 0.07205943 0.9513093
vt 0.07400683 0.9435198
vt 0.07887532 0.9435198
vt 0.07595422 0.9561778
vt 0.07205943 0.9513093
vt 0.07400683 0.9435198
vt 0.07595422 0.9561778
vt 0.06719094 0.9571515
vt 0.06913833 0.9649411
vt 0.05940135 0.9698096
vt 0.05940135 0.9610463
vt 0.06719094 0.9571515
vt 0.05940135 0.9698096
vt 0.07303313 0.9367039
vt 0.07984902 0.929888
vt 0.07887532 0.9435198
vt 0.07400683 0.9435198
vt 0.07303313 0.9367039
vt 0.07887532 0.9435198
vt 0.05940135 0.9211247
vt 0.05940135 0.9065192
vt 0.07400683 0.9182036
vt 0.06913833 0.9289142
vt 0.05940135 0.9211247
vt 0.07400683 0.9182036
vt 0.06913833 0.9289142
vt 0.07400683 0.9182036
vt 0.07984902 0.929888
vt 0.07303313 0.9367039
vt 0.06913833 0.9289142
vt 0.07984902 0.929888
vt 0.08179642 0.9629937
vt 0.089586 0.9766255
vt 0.07595422 0.9883099
vt 0.07205943 0.9746781
vt 0.08179642 0.9629937
vt 0.07595422 0.9883099
vt 0.08374381 0.9444935
vt 0.09055971 0.9444935
vt 0.089586 0.9766255
vt 0.08179642 0.9629937
vt 0.08374381 0.9444935
vt 0.089586 0.9766255
vt 0.07205943 0.9746781
vt 0.07595422 0.9883099
vt 0.05940135 0.9951258
vt 0.05940135 0.9824677
vt 0.07205943 0.9746781
vt 0.05940135 0.9951258
vt 0.089586 0.9220984
vt 0.1149022 0.8987296
vt 0.09055971 0.9444935
vt 0.08374381 0.9444935
vt 0.089586 0.9220984
vt 0.09055971 0.9444935
vt 0.05940135 0.8870452
vt 0.06037505 0.8471236
vt 0.0954282 0.871466
vt 0.08082272 0.900677
vt 0.05940135 0.8870452
vt 0.0954282 0.871466
vt 0.08082272 0.900677
vt 0.0954282 0.871466
vt 0.1149022 0.8987296
vt 0.089586 0.9220984
vt 0.08082272 0.900677
vt 0.1149022 0.8987296
vt 0.09055971 0.9444935
vt 0.089586 0.9464408
vt 0.09055971 0.9785729
vt 0.089586 0.9766255
vt 0.09055971 0.9444935
vt 0.09055971 0.9785729
vt 0.07595422 0.9883099
vt 0.07692792 0.9902573
vt 0.05940135 0.9980469
vt 0.05940135 0.9951258
vt 0.07595422 0.9883099
vt 0.05940135 0.9980469
vt 0.089586 0.9766255
vt 0.09055971 0.9785729
vt 0.07692792 0.9902573
vt 0.07595422 0.9883099
vt 0.089586 0.9766255
vt 0.07692792 0.9902573
vt 0.06037505 0.8471236
vt 0.06037505 0.8354392
vt 0.09737559 0.8665975
vt 0.0954282 0.871466
vt 0.06037505 0.8471236
vt 0.09737559 0.8665975
vt 0.1149022 0.8987296
vt 0.1168496 0.8958085
vt 0.089586 0.9464408
vt 0.09055971 0.9444935
vt 0.1149022 0.8987296
vt 0.089586 0.9464408
vt 0.0954282 0.871466
vt 0.09737559 0.8665975
vt 0.1168496 0.8958085
vt 0.1149022 0.8987296
vt 0.0954282 0.871466
vt 0.1168496 0.8958085
vt 0.4469334 0.2891942
vt 0.4216173 0.2823783
vt 0.4362227 0.2814047
vt 0.4469334 0.2891942
vt 0.4362227 0.2814047
vt 0.4420649 0.280431
vt 0.7322271 0.1265866
vt 0.7497537 0.1304814
vt 0.7497537 0.1548238
vt 0.7370957 0.1635871
vt 0.7322271 0.1265866
vt 0.7497537 0.1548238
vt 0.3719586 0.6085674
vt 0.3466425 0.5861723
vt 0.4177225 0.5404085
vt 0.3466425 0.5861723
vt 0.3709849 0.5092502
vt 0.4177225 0.5404085
vt 0.9026244 0.2327197
vt 0.939625 0.1684556
vt 0.9230721 0.2288249
vt 0.9026244 0.2327197
vt 0.9230721 0.2288249
vt 0.920151 0.2560885
vt 0.1820874 0.2327197
vt 0.1947455 0.2590096
vt 0.1596923 0.2551148
vt 0.1596923 0.2551148
vt 0.1392446 0.2307723
vt 0.1820874 0.2327197
vt 0.1762452 0.2083772
vt 0.1820874 0.2327197
vt 0.1392446 0.2307723
vt 0.9084666 0.170403
vt 0.8997033 0.1314551
vt 0.9269668 0.1304814
vt 0.8997033 0.1314551
vt 0.9094403 0.1139285
vt 0.9269668 0.1304814
vt 0.1772189 0.1830611
vt 0.18014 0.1918244
vt 0.1392446 0.1879296
vt 0.18014 0.1918244
vt 0.1762452 0.2083772
vt 0.1392446 0.1879296
vt 0.780912 0.3408003
vt 0.7925965 0.3875378
vt 0.7740962 0.3729323
vt 0.7925965 0.3875378
vt 0.7750699 0.4040907
vt 0.7740962 0.3729323
vt 0.8130441 0.4732233
vt 0.8237548 0.4975657
vt 0.7955176 0.4693285
vt 0.8237548 0.4975657
vt 0.8130441 0.4732233
vt 0.8218074 0.4761444
vt 0.8237548 0.4975657
vt 0.8218074 0.4761444
vt 0.8325181 0.496592
vt 0.8237548 0.5102239
vt 0.8237548 0.4975657
vt 0.8325181 0.496592
vt 0.787728 0.5199608
vt 0.8237548 0.4975657
vt 0.8237548 0.5102239
vt 0.8237548 0.5102239
vt 0.8110967 0.5189871
vt 0.787728 0.5199608
vt 0.7760436 0.5121713
vt 0.7692277 0.4849077
vt 0.787728 0.5199608
vt 0.8237548 0.4975657
vt 0.787728 0.5199608
vt 0.7692277 0.4849077
vt 0.5822775 0.9844151
vt 0.5686458 0.991231
vt 0.5666984 0.9766255
vt 0.5842249 0.9922047
vt 0.5686458 0.991231
vt 0.5822775 0.9844151
vt 0.1645608 0.2823783
vt 0.1392446 0.2852994
vt 0.1596923 0.2551148
vt 0.1392446 0.2852994
vt 0.1392446 0.270694
vt 0.1596923 0.2551148
vt 0.1596923 0.2551148
vt 0.1392446 0.270694
vt 0.1392446 0.2551148
vt 0.2015614 0.2112983
vt 0.2044825 0.2268775
vt 0.1918244 0.2103246
vt 0.1918244 0.2103246
vt 0.1986403 0.1918244
vt 0.2015614 0.2112983
vt 0.829597 0.1752715
vt 0.8597817 0.1850085
vt 0.8305707 0.2278512
vt 0.8597817 0.1850085
vt 0.8627028 0.2307723
vt 0.8305707 0.2278512
vt 0.8997033 0.1314551
vt 0.9084666 0.170403
vt 0.8646501 0.1528764
vt 0.8636764 0.1392446
vt 0.8997033 0.1314551
vt 0.8646501 0.1528764
vt 0.9016507 0.2872468
vt 0.8597817 0.2843257
vt 0.8597817 0.2599833
vt 0.9026244 0.2327197
vt 0.9016507 0.2872468
vt 0.8597817 0.2599833
vt 0.4313543 0.1850085
vt 0.4245383 0.1372972
vt 0.4732233 0.1528764
vt 0.4732233 0.1528764
vt 0.4245383 0.1372972
vt 0.4732233 0.08666492
vt 0.1918244 0.2103246
vt 0.1762452 0.2083772
vt 0.1986403 0.1918244
vt 0.1762452 0.2083772
vt 0.18014 0.1918244
vt 0.1986403 0.1918244
vt 0.7624118 0.4703022
vt 0.7692277 0.4849077
vt 0.7526748 0.474197
vt 0.7624118 0.4703022
vt 0.7526748 0.474197
vt 0.7546222 0.4625126
vt 0.3972748 0.7224902
vt 0.3875378 0.706911
vt 0.4186962 0.7185954
vt 0.3972748 0.7224902
vt 0.3865641 0.7370956
vt 0.3875378 0.706911
vt 0.2882205 0.8510184
vt 0.2882205 0.8480973
vt 0.2921153 0.8480973
vt 0.2940627 0.8539395
vt 0.2882205 0.8510184
vt 0.2921153 0.8480973
vt 0.3261948 0.787728
vt 0.3330107 0.7828594
vt 0.332037 0.7906491
vt 0.3261948 0.787728
vt 0.3223 0.7740962
vt 0.3330107 0.7828594
vt 0.7370957 0.1635871
vt 0.7478063 0.18014
vt 0.7234638 0.2229827
vt 0.7478063 0.18014
vt 0.7429378 0.2210353
vt 0.7234638 0.2229827
vt 0.7731225 0.2200616
vt 0.7429378 0.2210353
vt 0.7478063 0.18014
vt 0.4060381 0.219088
vt 0.3963011 0.2093509
vt 0.4148014 0.2074035
vt 0.4148014 0.2074035
vt 0.3963011 0.2093509
vt 0.4157751 0.189877
vt 0.2278512 0.1557975
vt 0.2755625 0.1450868
vt 0.2667992 0.1684556
vt 0.2278512 0.1557975
vt 0.2667992 0.1684556
vt 0.222009 0.1694293
vt 0.3816956 0.2366145
vt 0.3748797 0.2502463
vt 0.3602742 0.2453778
vt 0.3602742 0.2453778
vt 0.3700112 0.2297986
vt 0.3816956 0.2366145
vt 0.222009 0.1694293
vt 0.1947455 0.1713767
vt 0.1869559 0.1635871
vt 0.2278512 0.1557975
vt 0.222009 0.1694293
vt 0.1869559 0.1635871
vt 0.8734134 0.3914326
vt 0.8812031 0.3466424
vt 0.9094403 0.4011696
vt 0.9094403 0.4011696
vt 0.8812031 0.3466424
vt 0.9016507 0.2872468
vt 0.9016507 0.4196699
vt 0.8724397 0.4401175
vt 0.8695186 0.4099329
vt 0.9016507 0.4196699
vt 0.8695186 0.4099329
vt 0.8734134 0.3914326
vt 0.7916228 0.2755625
vt 0.8344655 0.2823783
vt 0.810123 0.3388529
vt 0.8305707 0.2278512
vt 0.8344655 0.2823783
vt 0.7916228 0.2755625
vt 0.4420649 0.280431
vt 0.4362227 0.2814047
vt 0.4342753 0.2736151
vt 0.4342753 0.2736151
vt 0.4362227 0.2814047
vt 0.4216173 0.2823783
vt 0.4011696 0.1051652
vt 0.3729323 0.08861232
vt 0.4070118 0.0779016
vt 0.4011696 0.1051652
vt 0.4070118 0.0779016
vt 0.4245383 0.1372972
vt 0.4021433 0.150929
vt 0.383643 0.1548238
vt 0.3583269 0.1256129
vt 0.4021433 0.150929
vt 0.3583269 0.1256129
vt 0.3855904 0.10906
vt 0.4157751 0.189877
vt 0.3963011 0.2093509
vt 0.3982485 0.1879296
vt 0.3729323 0.1879296
vt 0.3982485 0.1879296
vt 0.3963011 0.2093509
vt 0.4732233 0.2765362
vt 0.4625126 0.283352
vt 0.4508282 0.2745888
vt 0.4508282 0.2745888
vt 0.4634863 0.2658255
vt 0.4732233 0.2765362
vt 0.6913318 0.2424567
vt 0.6757526 0.212272
vt 0.7234638 0.2229827
vt 0.6708841 0.2590096
vt 0.6757526 0.212272
vt 0.6913318 0.2424567
vt 0.7925965 0.3875378
vt 0.7906491 0.3398266
vt 0.810123 0.3388529
vt 0.8257022 0.3855904
vt 0.7925965 0.3875378
vt 0.810123 0.3388529
vt 0.780912 0.3408003
vt 0.7740962 0.3729323
vt 0.7497537 0.3456687
vt 0.780912 0.3408003
vt 0.7497537 0.3456687
vt 0.768254 0.2726414
vt 0.5559877 0.9513093
vt 0.5754616 0.9649411
vt 0.5559877 0.9688359
vt 0.5861723 0.952283
vt 0.5754616 0.9649411
vt 0.5559877 0.9513093
vt 0.7702014 0.1450868
vt 0.7887017 0.1402183
vt 0.7702014 0.1635871
vt 0.7750699 0.1353499
vt 0.7887017 0.1402183
vt 0.7702014 0.1450868
vt 0.7867543 0.1713767
vt 0.8072019 0.1694293
vt 0.7984387 0.2239564
vt 0.7731225 0.2200616
vt 0.7867543 0.1713767
vt 0.7984387 0.2239564
vt 0.8140178 0.09932297
vt 0.8432288 0.1022441
vt 0.8344655 0.1392446
vt 0.8110967 0.1392446
vt 0.8140178 0.09932297
vt 0.8344655 0.1392446
vt 0.7887017 0.1402183
vt 0.8110967 0.1392446
vt 0.8072019 0.1694293
vt 0.7887017 0.1402183
vt 0.8023334 0.128534
vt 0.8110967 0.1392446
vt 0.4391438 0.2570622
vt 0.4508282 0.2745888
vt 0.4342753 0.2736151
vt 0.4508282 0.2745888
vt 0.4420649 0.280431
vt 0.4342753 0.2736151
vt 0.4274594 0.8110967
vt 0.432328 0.7779909
vt 0.4995131 0.8052545
vt 0.4333016 0.8675712
vt 0.4274594 0.8110967
vt 0.4995131 0.8052545
vt 0.3894852 0.222009
vt 0.3700112 0.2297986
vt 0.3729323 0.212272
vt 0.3700112 0.2297986
vt 0.3427477 0.2249301
vt 0.3729323 0.212272
vt 0.05355915 0.9444935
vt 0.05258546 0.9444935
vt 0.05258546 0.9415724
vt 0.05258546 0.9444935
vt 0.05355915 0.9444935
vt 0.05355915 0.9464408
vt 0.08374381 0.2590096
vt 0.1178233 0.2551148
vt 0.089586 0.2765362
vt 0.06816463 0.2502463
vt 0.0964019 0.2327197
vt 0.08374381 0.2590096
vt 0.089586 0.2765362
vt 0.1178233 0.2551148
vt 0.1139285 0.2823783
vt 0.06426984 0.2405093
vt 0.0964019 0.2327197
vt 0.06816463 0.2502463
vt 0.07400683 0.2268775
vt 0.0964019 0.2327197
vt 0.06426984 0.2405093
vt 0.4849077 0.283352
vt 0.4732233 0.2901679
vt 0.4732233 0.2765362
vt 0.2784835 0.8500447
vt 0.2784835 0.8480973
vt 0.2804309 0.849071
vt 0.2843257 0.8023335
vt 0.2882205 0.7994124
vt 0.2882205 0.8023335
vt 0.2784835 0.8432288
vt 0.2784835 0.8480973
vt 0.2765362 0.8500447
vt 0.2784835 0.8519921
vt 0.2784835 0.8500447
vt 0.2804309 0.849071
vt 0.2784835 0.8480973
vt 0.2804309 0.8461499
vt 0.2804309 0.849071
vt 0.2775098 0.839334
vt 0.2736151 0.8510184
vt 0.2638781 0.8422551
vt 0.2736151 0.858808
vt 0.2716677 0.8724397
vt 0.260957 0.8675712
vt 0.2804309 0.8753608
vt 0.2804309 0.8734134
vt 0.2882205 0.8743871
vt 0.2882205 0.8743871
vt 0.2804309 0.8734134
vt 0.2882205 0.8724397
vt 0.2804309 0.8724397
vt 0.2804309 0.871466
vt 0.2882205 0.8724397
vt 0.2804309 0.871466
vt 0.2882205 0.8704923
vt 0.2882205 0.8724397
vt 0.2716677 0.8724397
vt 0.2736151 0.858808
vt 0.2804309 0.8646501
vt 0.2804309 0.8578343
vt 0.2804309 0.8646501
vt 0.2736151 0.858808
vt 0.2843257 0.8480973
vt 0.2804309 0.849071
vt 0.2804309 0.8461499
vt 0.2843257 0.8480973
vt 0.2843257 0.8422551
vt 0.2882205 0.8480973
vt 0.2804309 0.8461499
vt 0.2843257 0.8422551
vt 0.2843257 0.8480973
vt 0.7740962 0.6144096
vt 0.7994124 0.6095411
vt 0.777991 0.6231729
vt 0.7740962 0.6144096
vt 0.7711751 0.5813038
vt 0.7994124 0.6095411
vt 0.777991 0.6523838
vt 0.7731225 0.6981477
vt 0.7614381 0.6484891
vt 0.7614381 0.6484891
vt 0.7604644 0.6173307
vt 0.777991 0.6416731
vt 0.777991 0.6416731
vt 0.777991 0.6523838
vt 0.7614381 0.6484891
vt 0.7994124 0.6095411
vt 0.7994124 0.6338836
vt 0.777991 0.6231729
vt 0.777991 0.6416731
vt 0.777991 0.6231729
vt 0.7994124 0.6338836
vt 0.7994124 0.6338836
vt 0.8003861 0.6591997
vt 0.777991 0.6416731
vt 0.8003861 0.6591997
vt 0.777991 0.6523838
vt 0.777991 0.6416731
vt 0.8033071 0.7244375
vt 0.8033071 0.7000951
vt 0.8218074 0.7020425
vt 0.7731225 0.6981477
vt 0.8033071 0.7000951
vt 0.8033071 0.7244375
vt 0.7770173 0.7507274
vt 0.7731225 0.6981477
vt 0.8033071 0.7244375
vt 0.8033071 0.7244375
vt 0.8218074 0.7020425
vt 0.8276496 0.7555959
vt 0.8023334 0.7526748
vt 0.8033071 0.7244375
vt 0.8276496 0.7555959
vt 0.7925965 0.8247285
vt 0.8023334 0.7526748
vt 0.8276496 0.7555959
vt 0.7896754 0.5822775
vt 0.8081756 0.5832512
vt 0.8169389 0.60662
vt 0.7994124 0.6095411
vt 0.7896754 0.5822775
vt 0.8169389 0.60662
vt 0.7604644 0.6173307
vt 0.7711751 0.5813038
vt 0.7740962 0.6144096
vt 0.8003861 0.6591997
vt 0.7731225 0.6981477
vt 0.777991 0.6523838
vt 0.7711751 0.5813038
vt 0.7565696 0.5949357
vt 0.7575433 0.5735142
vt 0.8208337 0.6426468
vt 0.8412814 0.6153833
vt 0.8568606 0.6621208
vt 0.2736151 0.8510184
vt 0.2687466 0.8510184
vt 0.2638781 0.8422551
vt 0.2453778 0.758517
vt 0.212272 0.7546222
vt 0.2346671 0.7273586
vt 0.1986403 0.7526748
vt 0.212272 0.7546222
vt 0.1976666 0.7945439
vt 0.1986403 0.7526748
vt 0.1742978 0.7867543
vt 0.1626134 0.7799383
vt 0.131455 0.6591997
vt 0.2093509 0.658226
vt 0.1889033 0.706911
vt 0.2093509 0.658226
vt 0.2054562 0.6085674
vt 0.2375882 0.658226
vt 0.2093509 0.658226
vt 0.2190879 0.6786737
vt 0.1889033 0.706911
vt 0.2307723 0.5861723
vt 0.2482989 0.6309625
vt 0.2054562 0.6085674
vt 0.2482989 0.6309625
vt 0.2648518 0.6329099
vt 0.2590096 0.6611471
vt 0.189877 0.4605652
vt 0.2064299 0.5092502
vt 0.1596923 0.5404085
vt 0.2482989 0.6309625
vt 0.2590096 0.6611471
vt 0.2375882 0.658226
vt 0.2482989 0.6309625
vt 0.2375882 0.658226
vt 0.2054562 0.6085674
vt 0.270694 0.7555959
vt 0.2677729 0.7419641
vt 0.2882205 0.7555959
vt 0.2629044 0.706911
vt 0.260957 0.6845159
vt 0.2882205 0.7108058
vt 0.2590096 0.6611471
vt 0.260957 0.6845159
vt 0.2375882 0.658226
vt 0.2453778 0.758517
vt 0.2346671 0.7273586
vt 0.2677729 0.7419641
vt 0.2541411 0.5813038
vt 0.2648518 0.6329099
vt 0.2482989 0.6309625
vt 0.2716677 0.7721488
vt 0.270694 0.7555959
vt 0.2882205 0.7555959
vt 0.2677729 0.7419641
vt 0.2882205 0.7312534
vt 0.2882205 0.7555959
vt 0.2677729 0.7419641
vt 0.2677729 0.7263849
vt 0.2882205 0.7312534
vt 0.2882205 0.7312534
vt 0.2677729 0.7263849
vt 0.2882205 0.7108058
vt 0.2677729 0.7263849
vt 0.2629044 0.706911
vt 0.2882205 0.7108058
vt 0.260957 0.6845159
vt 0.2882205 0.6660156
vt 0.2882205 0.7108058
vt 0.260957 0.6845159
vt 0.231746 0.7039899
vt 0.2375882 0.658226
vt 0.231746 0.7039899
vt 0.2629044 0.706911
vt 0.2346671 0.7273586
vt 0.2882205 0.6377784
vt 0.2648518 0.6329099
vt 0.2541411 0.5813038
vt 0.1392446 0.1694293
vt 0.1071126 0.1713767
vt 0.1392446 0.160666
vt 0.08374381 0.1713767
vt 0.07595422 0.1811137
vt 0.05745395 0.1694293
vt 0.08374381 0.1713767
vt 0.0915334 0.1635871
vt 0.1071126 0.1713767
vt 0.1392446 0.1694293
vt 0.1392446 0.1791663
vt 0.1071126 0.1713767
vt 0.08374381 0.1713767
vt 0.1071126 0.1713767
vt 0.1012704 0.1830611
vt 0.4975657 0.2580359
vt 0.4732233 0.2521937
vt 0.4946447 0.2405093
vt 0.493671 0.2288249
vt 0.5082765 0.2327197
vt 0.4946447 0.2405093
vt 0.5131449 0.2492726
vt 0.5073028 0.2434304
vt 0.5180134 0.2434304
vt 0.5131449 0.2492726
vt 0.5082765 0.2570622
vt 0.5073028 0.2434304
vt 0.4732233 0.2521937
vt 0.4732233 0.2395356
vt 0.4946447 0.2405093
vt 0.5082765 0.2327197
vt 0.5073028 0.2434304
vt 0.4946447 0.2405093
vt 0.525803 0.2658255
vt 0.5131449 0.2492726
vt 0.5180134 0.2434304
vt 0.6241466 0.729306
vt 0.6426468 0.7614381
vt 0.6046726 0.7555959
vt 0.6436206 0.706911
vt 0.6426468 0.7614381
vt 0.6241466 0.729306
vt 0.1392446 0.2307723
vt 0.1392446 0.2551148
vt 0.1178233 0.2551148
vt 0.2882205 0.8383603
vt 0.2882205 0.8442025
vt 0.2843257 0.8422551
vt 0.6630945 0.5335926
vt 0.6475154 0.5696194
vt 0.6290151 0.5705931
vt 0.6475154 0.5696194
vt 0.6640682 0.5705931
vt 0.6406994 0.587146
vt 0.6640682 0.5705931
vt 0.6494628 0.6056463
vt 0.6406994 0.587146
vt 0.1149022 0.1557975
vt 0.1392446 0.160666
vt 0.0915334 0.1635871
vt 0.08374381 0.1713767
vt 0.1012704 0.1830611
vt 0.07595422 0.1811137
vt 0.1071126 0.1713767
vt 0.0915334 0.1635871
vt 0.1392446 0.160666
vt 0.8636764 0.5988304
vt 0.8948348 0.5988304
vt 0.8412814 0.6153833
vt 0.8568606 0.6621208
vt 0.8753608 0.6757526
vt 0.8704923 0.6932791
vt 0.8948348 0.5988304
vt 0.8568606 0.6621208
vt 0.8412814 0.6153833
vt 0.8549132 0.7234638
vt 0.8646501 0.7955176
vt 0.8276496 0.7555959
vt 0.8208337 0.6426468
vt 0.8568606 0.6621208
vt 0.8218074 0.7020425
vt 0.8169389 0.60662
vt 0.8412814 0.6153833
vt 0.8208337 0.6426468
vt 0.05842765 0.141192
vt 0.04187477 0.1324288
vt 0.07790162 0.1080863
vt 0.8646501 0.7955176
vt 0.8675712 0.8373866
vt 0.8412814 0.8354392
vt 0.8646501 0.7955176
vt 0.8412814 0.8354392
vt 0.8276496 0.7555959
vt 0.8549132 0.7234638
vt 0.8276496 0.7555959
vt 0.8218074 0.7020425
vt 0.8568606 0.6621208
vt 0.8704923 0.6932791
vt 0.8218074 0.7020425
vt 0.9026244 0.5754616
vt 0.8948348 0.5988304
vt 0.8636764 0.5988304
vt 0.7653329 0.8821768
vt 0.7672803 0.8510184
vt 0.8081756 0.8889926
vt 0.7672803 0.8510184
vt 0.7925965 0.8247285
vt 0.8081756 0.8889926
vt 0.2726414 0.8773082
vt 0.2823783 0.8763345
vt 0.283352 0.8812031
vt 0.2882205 0.8821768
vt 0.283352 0.8812031
vt 0.2823783 0.8763345
vt 0.2882205 0.8743871
vt 0.2882205 0.8821768
vt 0.2823783 0.8763345
vt 0.7604644 0.6173307
vt 0.7565696 0.5949357
vt 0.7711751 0.5813038
vt 0.7565696 0.5949357
vt 0.7468326 0.6056463
vt 0.7478063 0.5822775
vt 0.2629044 0.8042808
vt 0.2687466 0.8140178
vt 0.2541411 0.8091493
vt 0.2814046 0.8967822
vt 0.2882205 0.8880189
vt 0.2882205 0.8948348
vt 0.1392446 0.06329614
vt 0.1158759 0.05842763
vt 0.1392446 0.04090106
vt 0.2882205 0.9980469
vt 0.2229827 0.9834414
vt 0.2434304 0.9649411
vt 0.2882205 0.9980469
vt 0.2434304 0.9649411
vt 0.2629044 0.9483882
vt 0.2629044 0.9483882
vt 0.2658255 0.9308617
vt 0.2882205 0.9172299
vt 0.283352 0.8812031
vt 0.2882205 0.8880189
vt 0.2794572 0.8889926
vt 0.2814046 0.8967822
vt 0.2882205 0.8948348
vt 0.2882205 0.9172299
vt 0.2658255 0.9308617
vt 0.270694 0.9162562
vt 0.2882205 0.9172299
vt 0.2882205 0.8821768
vt 0.2882205 0.8880189
vt 0.283352 0.8812031
vt 0.2804309 0.8753608
vt 0.2823783 0.8763345
vt 0.2726414 0.8773082
vt 0.2726414 0.8821768
vt 0.283352 0.8812031
vt 0.2794572 0.8889926
vt 0.2726414 0.8821768
vt 0.2726414 0.8773082
vt 0.283352 0.8812031
vt 0.2726414 0.8821768
vt 0.2716677 0.8880189
vt 0.2482989 0.8812031
vt 0.2434304 0.9649411
vt 0.2229827 0.9834414
vt 0.2132457 0.9084666
vt 0.270694 0.9162562
vt 0.2502463 0.9084666
vt 0.2814046 0.8967822
vt 0.2726414 0.8821768
vt 0.2794572 0.8889926
vt 0.2716677 0.8880189
vt 0.09932299 0.01363748
vt 0.1207444 0.03116411
vt 0.1022441 0.04090106
vt 0.2658255 0.9308617
vt 0.2629044 0.9483882
vt 0.2502463 0.9084666
vt 0.2658255 0.9308617
vt 0.2502463 0.9084666
vt 0.270694 0.9162562
vt 0.2814046 0.8967822
vt 0.2716677 0.8880189
vt 0.2794572 0.8889926
vt 0.2814046 0.8967822
vt 0.2882205 0.9172299
vt 0.270694 0.9162562
vt 0.08666491 0.001953125
vt 0.09932299 0.01363748
vt 0.089586 0.02824301
vt 0.089586 0.02824301
vt 0.1022441 0.04090106
vt 0.09055971 0.04479587
vt 0.089586 0.08861232
vt 0.09932299 0.0749805
vt 0.1149022 0.1002967
vt 0.0983493 0.04674327
vt 0.09932299 0.0749805
vt 0.09055971 0.04479587
vt 0.09932299 0.01363748
vt 0.1022441 0.04090106
vt 0.089586 0.02824301
vt 0.0983493 0.04674327
vt 0.1022441 0.04090106
vt 0.1158759 0.05842763
vt 0.0983493 0.04674327
vt 0.1158759 0.05842763
vt 0.09932299 0.0749805
vt 0.2229827 0.9834414
vt 0.1577449 0.9240458
vt 0.2132457 0.9084666
vt 0.089586 0.08861232
vt 0.1149022 0.1002967
vt 0.09055971 0.1372972
vt 0.1022441 0.04090106
vt 0.1392446 0.04090106
vt 0.1158759 0.05842763
vt 0.1022441 0.04090106
vt 0.0983493 0.04674327
vt 0.09055971 0.04479587
vt 0.09932299 0.0749805
vt 0.1158759 0.05842763
vt 0.1149022 0.1002967
vt 0.7711751 0.5813038
vt 0.7575433 0.5735142
vt 0.7721488 0.5511192
vt 0.7721488 0.5511192
vt 0.7740962 0.5335926
vt 0.780912 0.5481981
vt 0.7896754 0.5822775
vt 0.7721488 0.5511192
vt 0.8081756 0.5832512
vt 0.7711751 0.5813038
vt 0.7721488 0.5511192
vt 0.7896754 0.5822775
vt 0.1012704 0.1830611
vt 0.1392446 0.1791663
vt 0.1392446 0.1879296
vt 0.1080863 0.1334025
vt 0.1392446 0.1363236
vt 0.1149022 0.1557975
vt 0.0915334 0.1519027
vt 0.1149022 0.1557975
vt 0.0915334 0.1635871
vt 0.1071126 0.1713767
vt 0.1392446 0.1791663
vt 0.1012704 0.1830611
vt 0.09055971 0.1372972
vt 0.1080863 0.1334025
vt 0.0915334 0.1519027
vt 0.1392446 0.1363236
vt 0.1392446 0.160666
vt 0.1149022 0.1557975
vt 0.7478063 0.5822775
vt 0.7468326 0.6056463
vt 0.736122 0.5764353
vt 0.7478063 0.5589088
vt 0.7740962 0.5335926
vt 0.7575433 0.5735142
vt 0.7468326 0.6056463
vt 0.7565696 0.5949357
vt 0.7604644 0.6173307
vt 0.7565696 0.5949357
vt 0.7478063 0.5822775
vt 0.7575433 0.5735142
vt 0.7575433 0.5735142
vt 0.7478063 0.5822775
vt 0.7478063 0.5589088
vt 0.8120704 0.8286233
vt 0.8412814 0.8354392
vt 0.8081756 0.8889926
vt 0.7127532 0.8130441
vt 0.7098321 0.758517
vt 0.7322271 0.8149915
vt 0.7517011 0.8179126
vt 0.7526748 0.7536485
vt 0.7614381 0.8188863
vt 0.8120704 0.8286233
vt 0.7925965 0.8247285
vt 0.8276496 0.7555959
vt 0.5861723 0.9016507
vt 0.5744879 0.8529658
vt 0.6309625 0.8743871
vt 0.8549132 0.7234638
vt 0.8734134 0.7409904
vt 0.8646501 0.7955176
vt 0.8412814 0.8354392
vt 0.8480973 0.8821768
vt 0.8081756 0.8889926
vt 0.6309625 0.8743871
vt 0.5744879 0.8529658
vt 0.6046726 0.7555959
vt 0.5657247 0.7555959
vt 0.6046726 0.7555959
vt 0.5744879 0.8529658
vt 0.687437 0.8159652
vt 0.667963 0.8656238
vt 0.6601734 0.8208337
vt 0.8120704 0.8286233
vt 0.8081756 0.8889926
vt 0.7925965 0.8247285
vt 0.687437 0.8159652
vt 0.7098321 0.758517
vt 0.7127532 0.8130441
vt 0.7526748 0.7536485
vt 0.7770173 0.7507274
vt 0.7614381 0.8188863
vt 0.7322271 0.8149915
vt 0.7526748 0.7536485
vt 0.7517011 0.8179126
vt 0.8412814 0.8354392
vt 0.8675712 0.8373866
vt 0.8480973 0.8821768
vt 0.9143088 0.5287241
vt 0.89094 0.5248293
vt 0.910414 0.5189871
vt 0.8860715 0.5082765
vt 0.89094 0.5180134
vt 0.8724397 0.5189871
vt 0.9123614 0.5374874
vt 0.8880189 0.53554
vt 0.9143088 0.5287241
vt 0.89094 0.5248293
vt 0.89094 0.5180134
vt 0.910414 0.5189871
vt 0.8724397 0.5189871
vt 0.89094 0.5248293
vt 0.8880189 0.53554
vt 0.8724397 0.5189871
vt 0.8880189 0.53554
vt 0.8734134 0.5296978
vt 0.9143088 0.5287241
vt 0.8880189 0.53554
vt 0.89094 0.5248293
vt 0.8997033 0.5092502
vt 0.910414 0.5189871
vt 0.89094 0.5180134
vt 0.7565696 0.9464408
vt 0.7419641 0.9464408
vt 0.7497537 0.9367039
vt 0.7497537 0.9367039
vt 0.7332008 0.9318354
vt 0.7526748 0.929888
vt 0.7497537 0.9367039
vt 0.7614381 0.9415724
vt 0.7565696 0.9464408
vt 0.8724397 0.5189871
vt 0.8442025 0.5228819
vt 0.8578343 0.5150924
vt 0.7254112 0.9425461
vt 0.7244375 0.9503356
vt 0.7156743 0.9532567
vt 0.7176217 0.9386513
vt 0.7254112 0.9425461
vt 0.7156743 0.9532567
vt 0.7419641 0.9464408
vt 0.7244375 0.9503356
vt 0.7254112 0.9425461
vt 0.9220984 0.5092502
vt 0.910414 0.5189871
vt 0.8997033 0.5092502
vt 0.8081756 0.9289142
vt 0.8013597 0.9259932
vt 0.8081756 0.8889926
vt 0.8013597 0.9259932
vt 0.7848068 0.920151
vt 0.8081756 0.8889926
vt 0.9435198 0.5296978
vt 0.9279405 0.53554
vt 0.929888 0.5219082
vt 0.910414 0.4975657
vt 0.8997033 0.5092502
vt 0.8860715 0.5082765
vt 0.9143088 0.5287241
vt 0.910414 0.5189871
vt 0.929888 0.5219082
vt 0.768254 0.9629937
vt 0.7614381 0.9415724
vt 0.7760436 0.9493619
vt 0.2677729 0.8179126
vt 0.2687466 0.8140178
vt 0.2882205 0.8159652
vt 0.2765362 0.8500447
vt 0.2784835 0.8500447
vt 0.2784835 0.8519921
vt 0.2755625 0.8003861
vt 0.2882205 0.810123
vt 0.2736151 0.8081756
vt 0.2882205 0.8159652
vt 0.2736151 0.8081756
vt 0.2882205 0.810123
vt 0.929888 0.5219082
vt 0.9220984 0.5092502
vt 0.9405987 0.5141187
vt 0.7039899 0.9727307
vt 0.6942529 0.9581252
vt 0.7156743 0.9532567
vt 0.89094 0.5180134
vt 0.89094 0.5248293
vt 0.8724397 0.5189871
vt 0.7526748 0.929888
vt 0.7663066 0.9337828
vt 0.7614381 0.9415724
vt 0.8130441 0.9561778
vt 0.8130441 0.9698096
vt 0.7964913 0.9785729
vt 0.9405987 0.5141187
vt 0.9435198 0.5296978
vt 0.929888 0.5219082
vt 0.2843257 0.8023335
vt 0.2882205 0.810123
vt 0.2755625 0.8003861
vt 0.2882205 0.8159652
vt 0.2687466 0.8140178
vt 0.2736151 0.8081756
vt 0.2804309 0.8461499
vt 0.2784835 0.8480973
vt 0.2784835 0.8432288
vt 0.2804309 0.849071
vt 0.283352 0.8539395
vt 0.2784835 0.8519921
vt 0.1012704 0.1830611
vt 0.07984902 0.1918244
vt 0.07595422 0.1811137
vt 0.07984902 0.1918244
vt 0.1012704 0.1830611
vt 0.0983493 0.1918244
vt 0.5998041 0.1655345
vt 0.5881197 0.1256129
vt 0.6270677 0.121718
vt 0.5998041 0.1655345
vt 0.6270677 0.121718
vt 0.6202518 0.1596923
vt 0.5637773 0.1548238
vt 0.5881197 0.1256129
vt 0.5998041 0.1655345
vt 0.6105148 0.1061389
vt 0.6270677 0.121718
vt 0.5881197 0.1256129
vt 0.7770173 0.7507274
vt 0.8023334 0.7526748
vt 0.7925965 0.8247285
vt 0.8023334 0.7526748
vt 0.7770173 0.7507274
vt 0.8033071 0.7244375
vt 0.5189871 0.2249301
vt 0.5121712 0.2210353
vt 0.5316452 0.2074035
vt 0.6436206 0.1158759
vt 0.6270677 0.121718
vt 0.6329099 0.079849
vt 0.6329099 0.079849
vt 0.6270677 0.121718
vt 0.6105148 0.1061389
vt 0.5316452 0.2074035
vt 0.5277504 0.2297986
vt 0.5189871 0.2249301
vt 0.6630945 0.5335926
vt 0.6290151 0.5579351
vt 0.6436206 0.5296978
vt 0.5618299 0.10906
vt 0.5744879 0.08861232
vt 0.5881197 0.1256129
vt 0.545277 0.150929
vt 0.5637773 0.1548238
vt 0.5491718 0.1879296
vt 0.5881197 0.1256129
vt 0.5744879 0.08861232
vt 0.6105148 0.1061389
vt 0.6105148 0.1061389
vt 0.5744879 0.08861232
vt 0.6329099 0.079849
vt 0.4732233 0.2521937
vt 0.4975657 0.2580359
vt 0.483934 0.2658255
vt 0.4732233 0.2629043
vt 0.483934 0.2658255
vt 0.4732233 0.2765362
vt 0.4975657 0.2580359
vt 0.496592 0.2745888
vt 0.483934 0.2658255
vt 0.4975657 0.2580359
vt 0.5082765 0.2570622
vt 0.496592 0.2745888
vt 0.4732233 0.2629043
vt 0.4732233 0.2521937
vt 0.483934 0.2658255
vt 0.01461121 0.7867543
vt 0.009742714 0.7818857
vt 0.01461121 0.7818857
vt 0.7614381 0.9415724
vt 0.768254 0.9629937
vt 0.7565696 0.9464408
vt 0.009742714 0.7818857
vt 0.01266381 0.7760436
vt 0.01461121 0.7818857
vt 0.7419641 0.9464408
vt 0.768254 0.9629937
vt 0.7137269 0.9737044
vt 0.7848068 0.920151
vt 0.7770173 0.9405987
vt 0.7663066 0.9337828
vt 0.7770173 0.9405987
vt 0.7760436 0.9493619
vt 0.7663066 0.9337828
vt 0.7614381 0.9415724
vt 0.7663066 0.9337828
vt 0.7760436 0.9493619
vt 0.7760436 0.9493619
vt 0.7770173 0.9405987
vt 0.7838331 0.9405987
vt 0.7302797 0.9055455
vt 0.7332008 0.9318354
vt 0.7147006 0.9220984
vt 0.7448852 0.9074929
vt 0.7332008 0.9318354
vt 0.7302797 0.9055455
vt 0.7526748 0.929888
vt 0.7332008 0.9318354
vt 0.7448852 0.9074929
vt 0.7419641 0.9464408
vt 0.7332008 0.9318354
vt 0.7497537 0.9367039
vt 0.7332008 0.9318354
vt 0.7419641 0.9464408
vt 0.7254112 0.9425461
vt 0.8013597 0.9454672
vt 0.7867543 0.9649411
vt 0.7848068 0.9532567
vt 0.7838331 0.9405987
vt 0.7770173 0.9405987
vt 0.7848068 0.920151
vt 0.7400167 0.8792557
vt 0.7302797 0.9055455
vt 0.7088584 0.8841242
vt 0.7838331 0.9405987
vt 0.7848068 0.920151
vt 0.8013597 0.9259932
vt 0.7400167 0.8792557
vt 0.7653329 0.8821768
vt 0.7448852 0.9074929
vt 0.6913318 0.9065192
vt 0.7088584 0.8841242
vt 0.7147006 0.9220984
vt 0.7663066 0.9337828
vt 0.7653329 0.8821768
vt 0.7848068 0.920151
vt 0.7088584 0.8841242
vt 0.7302797 0.9055455
vt 0.7147006 0.9220984
vt 0.0964019 0.2327197
vt 0.07400683 0.2268775
vt 0.08666491 0.2103246
vt 0.5715669 0.2502463
vt 0.5676721 0.2590096
vt 0.5569614 0.2385619
vt 0.05648025 0.2200616
vt 0.07400683 0.2268775
vt 0.05745395 0.2346671
vt 0.5735142 0.212272
vt 0.5569614 0.222009
vt 0.5501455 0.2093509
vt 0.5657247 0.2366145
vt 0.5569614 0.222009
vt 0.5764353 0.2297986
vt 0.4732233 0.2901679
vt 0.4849077 0.283352
vt 0.5004869 0.2891942
vt 0.1080863 0.1334025
vt 0.1149022 0.1557975
vt 0.0915334 0.1519027
vt 0.1158759 0.05842763
vt 0.1392446 0.06329614
vt 0.1149022 0.1002967
vt 0.1392446 0.06329614
vt 0.1392446 0.1032178
vt 0.1149022 0.1002967
vt 0.6767263 0.4888025
vt 0.7205427 0.5043817
vt 0.6806211 0.5111976
vt 0.07790162 0.8052545
vt 0.04090107 0.7614381
vt 0.1382709 0.7429378
vt 0.08374381 0.7098321
vt 0.131455 0.6591997
vt 0.1382709 0.7429378
vt 0.7205427 0.5043817
vt 0.729306 0.5199608
vt 0.6806211 0.5111976
vt 0.04090107 0.7614381
vt 0.08374381 0.7098321
vt 0.1382709 0.7429378
vt 0.09932299 0.0749805
vt 0.089586 0.08861232
vt 0.09055971 0.04479587
vt 0.1392446 0.1032178
vt 0.1392446 0.1363236
vt 0.1080863 0.1334025
vt 0.2502463 0.9084666
vt 0.2716677 0.8880189
vt 0.2814046 0.8967822
vt 0.2882205 0.9980469
vt 0.2629044 0.9483882
vt 0.2882205 0.9172299
vt 0.2132457 0.9084666
vt 0.1577449 0.9240458
vt 0.1431394 0.8675712
vt 0.1149022 0.1002967
vt 0.1392446 0.1032178
vt 0.1080863 0.1334025
vt 0.1207444 0.03116411
vt 0.1392446 0.04090106
vt 0.1022441 0.04090106
vt 0.2794572 0.8889926
vt 0.2882205 0.8880189
vt 0.2814046 0.8967822
vt 0.7127532 0.8130441
vt 0.7147006 0.861729
vt 0.687437 0.8159652
vt 0.706911 0.5783827
vt 0.7147006 0.6153833
vt 0.687437 0.5929883
vt 0.6962003 0.5501455
vt 0.7078847 0.5374874
vt 0.7098321 0.5598825
vt 0.6845159 0.7594907
vt 0.687437 0.8159652
vt 0.6426468 0.7614381
vt 0.6835422 0.6280414
vt 0.687437 0.6601734
vt 0.6397257 0.6445943
vt 0.6884107 0.5764353
vt 0.687437 0.5929883
vt 0.6640682 0.5705931
vt 0.687437 0.5277504
vt 0.6962003 0.5501455
vt 0.6708841 0.5481981
vt 0.6835422 0.7059373
vt 0.7147006 0.7039899
vt 0.6854896 0.7361219
vt 0.7098321 0.5598825
vt 0.706911 0.5783827
vt 0.6913318 0.5569614
vt 0.729306 0.5199608
vt 0.7078847 0.5374874
vt 0.687437 0.5277504
vt 0.6913318 0.5569614
vt 0.6884107 0.5764353
vt 0.6640682 0.5705931
vt 0.6913318 0.5569614
vt 0.6640682 0.5705931
vt 0.6708841 0.5481981
vt 0.6913318 0.5569614
vt 0.6962003 0.5501455
vt 0.7098321 0.5598825
vt 0.7147006 0.861729
vt 0.6893844 0.8724397
vt 0.687437 0.8159652
vt 0.6835422 0.6280414
vt 0.7147006 0.6153833
vt 0.687437 0.6601734
vt 0.6854896 0.7361219
vt 0.6436206 0.706911
vt 0.6835422 0.7059373
vt 0.6708841 0.8850979
vt 0.667963 0.8656238
vt 0.6893844 0.8724397
vt 0.6913318 0.9065192
vt 0.6708841 0.8850979
vt 0.6893844 0.8724397
vt 0.6835422 0.7059373
vt 0.6436206 0.706911
vt 0.687437 0.6601734
vt 0.6884107 0.5764353
vt 0.706911 0.5783827
vt 0.687437 0.5929883
vt 0.7147006 0.6153833
vt 0.6854896 0.6144096
vt 0.687437 0.5929883
vt 0.6845159 0.7594907
vt 0.7098321 0.758517
vt 0.687437 0.8159652
vt 0.7078847 0.5374874
vt 0.7215164 0.5423559
vt 0.7098321 0.5598825
vt 0.2638781 0.8422551
vt 0.2434304 0.8471236
vt 0.2463515 0.8120704
vt 0.2210353 0.8042808
vt 0.2327197 0.8315444
vt 0.2161668 0.8578343
vt 0.2327197 0.8315444
vt 0.2434304 0.8471236
vt 0.2161668 0.8578343
vt 0.4926973 0.2132457
vt 0.4732233 0.2132457
vt 0.4732233 0.1850085
vt 0.5404085 0.0779016
vt 0.5228819 0.1372972
vt 0.4732233 0.08666492
vt 0.5189871 0.2005876
vt 0.516066 0.1850085
vt 0.5316452 0.189877
vt 0.2882205 0.4849077
vt 0.189877 0.4605652
vt 0.2891942 0.2356408
vt 0.5628036 0.05355918
vt 0.5744879 0.08861232
vt 0.5404085 0.0779016
vt 0.545277 0.150929
vt 0.5316452 0.189877
vt 0.516066 0.1850085
vt 0.4926973 0.2132457
vt 0.516066 0.1850085
vt 0.5189871 0.2005876
vt 0.2541411 0.5813038
vt 0.2307723 0.5861723
vt 0.2064299 0.5092502
vt 0.1596923 0.5404085
vt 0.06719094 0.4342753
vt 0.189877 0.4605652
vt 0.08861231 0.332037
vt 0.189877 0.4605652
vt 0.06719094 0.4342753
vt 0.5228819 0.1372972
vt 0.5462507 0.1051652
vt 0.545277 0.150929
vt 0.516066 0.1850085
vt 0.4732233 0.1850085
vt 0.4732233 0.1528764
vt 0.1392446 0.2044824
vt 0.1392446 0.2307723
vt 0.1022441 0.2083772
vt 0.0915334 0.1519027
vt 0.05842765 0.141192
vt 0.09055971 0.1372972
vt 0.1080863 0.1334025
vt 0.09055971 0.1372972
vt 0.1149022 0.1002967
vt 0.0915334 0.1519027
vt 0.0915334 0.1635871
vt 0.05842765 0.141192
vt 0.05842765 0.141192
vt 0.07790162 0.1080863
vt 0.09055971 0.1372972
vt 0.1976666 0.7945439
vt 0.1742978 0.7867543
vt 0.1986403 0.7526748
vt 0.1489816 0.8110967
vt 0.1626134 0.7799383
vt 0.1742978 0.7867543
vt 0.1811137 0.7478063
vt 0.1908507 0.7370956
vt 0.1986403 0.7526748
vt 0.01461121 0.8013598
vt 0.0233745 0.8072019
vt 0.006821618 0.8062282
vt 0.1382709 0.7429378
vt 0.1450868 0.7478063
vt 0.1441131 0.7779909
vt 0.00584792 0.7857805
vt 0.006821618 0.8062282
vt 0.001953125 0.7896754
vt 0.1908507 0.7370956
vt 0.1889033 0.706911
vt 0.1986403 0.7526748
vt 0.1441131 0.7779909
vt 0.1626134 0.7799383
vt 0.1489816 0.8110967
vt 0.231746 0.7039899
vt 0.2190879 0.6786737
vt 0.2375882 0.658226
vt 0.2093509 0.658226
vt 0.2375882 0.658226
vt 0.2190879 0.6786737
vt 0.04090107 0.7614381
vt 0.001953125 0.6192781
vt 0.08374381 0.7098321
vt 0.231746 0.7039899
vt 0.2346671 0.7273586
vt 0.1986403 0.7526748
vt 0.1577449 0.7185954
vt 0.131455 0.6591997
vt 0.1889033 0.706911
vt 0.0224008 0.7887017
vt 0.02434819 0.7848068
vt 0.02921669 0.7916228
vt 0.01169011 0.7731225
vt 0.009742714 0.7818857
vt 0.009742714 0.7731225
vt 0.006821618 0.8062282
vt 0.00584792 0.7857805
vt 0.01071641 0.7945439
vt 0.001953125 0.7896754
vt 0.004874221 0.7818857
vt 0.00584792 0.7857805
vt 0.0214271 0.7955176
vt 0.0224008 0.7887017
vt 0.02921669 0.7916228
vt 0.01363751 0.768254
vt 0.01169011 0.7731225
vt 0.009742714 0.7731225
vt 0.01169011 0.7731225
vt 0.01363751 0.768254
vt 0.0204534 0.7692277
vt 0.01266381 0.7760436
vt 0.01169011 0.7731225
vt 0.0204534 0.7740962
vt 0.1577449 0.7185954
vt 0.1548238 0.7361219
vt 0.1382709 0.7429378
vt 0.1450868 0.7478063
vt 0.1382709 0.7429378
vt 0.1548238 0.7361219
vt 0.004874221 0.7818857
vt 0.009742714 0.7731225
vt 0.00584792 0.7857805
vt 0.004874221 0.7818857
vt 0.006821618 0.7663066
vt 0.009742714 0.7731225
vt 0.0175323 0.7857805
vt 0.01461121 0.7818857
vt 0.018506 0.7818857
vt 0.0233745 0.8072019
vt 0.01461121 0.8013598
vt 0.01461121 0.7867543
vt 0.0204534 0.7740962
vt 0.018506 0.7770173
vt 0.01266381 0.7760436
vt 0.01169011 0.7731225
vt 0.0204534 0.7692277
vt 0.0204534 0.7740962
vt 0.01363751 0.768254
vt 0.0224008 0.7633855
vt 0.0204534 0.7692277
vt 0.018506 0.7818857
vt 0.01461121 0.7818857
vt 0.018506 0.7770173
vt 0.01071641 0.7945439
vt 0.009742714 0.7818857
vt 0.01461121 0.7867543
vt 0.001953125 0.6192781
vt 0.131455 0.6591997
vt 0.08374381 0.7098321
vt 0.1382709 0.7429378
vt 0.131455 0.6591997
vt 0.1577449 0.7185954
vt 0.01461121 0.7867543
vt 0.01461121 0.7818857
vt 0.0175323 0.7857805
vt 0.768254 0.9629937
vt 0.7848068 0.9532567
vt 0.7867543 0.9649411
vt 0.018506 0.7770173
vt 0.02434819 0.7848068
vt 0.018506 0.7818857
vt 0.0175323 0.7857805
vt 0.02434819 0.7848068
vt 0.0224008 0.7887017
vt 0.0233745 0.7818857
vt 0.018506 0.7770173
vt 0.0204534 0.7740962
vt 0.01461121 0.7867543
vt 0.0175323 0.7857805
vt 0.0214271 0.7955176
vt 0.02921669 0.7750699
vt 0.0233745 0.7818857
vt 0.0204534 0.7740962
vt 0.02434819 0.7848068
vt 0.0175323 0.7857805
vt 0.018506 0.7818857
vt 0.009742714 0.7818857
vt 0.00584792 0.7857805
vt 0.009742714 0.7731225
vt 0.00584792 0.7857805
vt 0.009742714 0.7818857
vt 0.01071641 0.7945439
vt 0.0214271 0.7955176
vt 0.02921669 0.7916228
vt 0.0233745 0.8072019
vt 0.009742714 0.7731225
vt 0.006821618 0.7663066
vt 0.01363751 0.768254
vt 0.01461121 0.7818857
vt 0.01266381 0.7760436
vt 0.018506 0.7770173
vt 0.006821618 0.7663066
vt 0.0224008 0.7633855
vt 0.01363751 0.768254
vt 0.1489816 0.8110967
vt 0.1742978 0.7867543
vt 0.1976666 0.7945439
vt 0.1791663 0.7224902
vt 0.1548238 0.7361219
vt 0.1577449 0.7185954
vt 0.1986403 0.7526748
vt 0.1626134 0.7799383
vt 0.1684556 0.7614381
vt 0.1986403 0.7526748
vt 0.1684556 0.7614381
vt 0.1811137 0.7478063
vt 0.2736151 0.8510184
vt 0.2726414 0.8549132
vt 0.2687466 0.8510184
vt 0.018506 0.7770173
vt 0.0233745 0.7818857
vt 0.02434819 0.7848068
vt 0.01461121 0.8013598
vt 0.01071641 0.7945439
vt 0.01461121 0.7867543
vt 0.1986403 0.7526748
vt 0.1889033 0.706911
vt 0.231746 0.7039899
vt 0.0204534 0.7692277
vt 0.02921669 0.7750699
vt 0.0204534 0.7740962
vt 0.006821618 0.8062282
vt 0.01071641 0.7945439
vt 0.01461121 0.8013598
vt 0.0224008 0.7633855
vt 0.02921669 0.7750699
vt 0.0204534 0.7692277
vt 0.009742714 0.7818857
vt 0.01169011 0.7731225
vt 0.01266381 0.7760436
vt 0.0233745 0.7818857
vt 0.02921669 0.7750699
vt 0.02434819 0.7848068
vt 0.0224008 0.7887017
vt 0.0214271 0.7955176
vt 0.0175323 0.7857805
vt 0.02921669 0.7916228
vt 0.02434819 0.7848068
vt 0.02921669 0.7750699
vt 0.0214271 0.7955176
vt 0.0233745 0.8072019
vt 0.01461121 0.7867543
vt 0.2570622 0.8519921
vt 0.2434304 0.8471236
vt 0.2638781 0.8422551
vt 0.2648518 0.8597817
vt 0.2531674 0.8597817
vt 0.2687466 0.8510184
vt 0.2687466 0.8510184
vt 0.2570622 0.8519921
vt 0.2638781 0.8422551
vt 0.2784835 0.8539395
vt 0.2726414 0.8549132
vt 0.2736151 0.8510184
vt 0.2648518 0.8597817
vt 0.2687466 0.8510184
vt 0.2726414 0.8549132
vt 0.2629044 0.706911
vt 0.2677729 0.7263849
vt 0.2346671 0.7273586
vt 0.2346671 0.7273586
vt 0.2677729 0.7263849
vt 0.2677729 0.7419641
vt 0.2687466 0.8140178
vt 0.2629044 0.8042808
vt 0.2716677 0.8042808
vt 0.2667992 0.7984387
vt 0.2590096 0.7955176
vt 0.2687466 0.7955176
vt 0.2580359 0.7867543
vt 0.2541411 0.7740962
vt 0.2716677 0.7721488
vt 0.2590096 0.7916228
vt 0.2580359 0.7867543
vt 0.2677729 0.7906491
vt 0.2629044 0.8042808
vt 0.2667992 0.7984387
vt 0.2716677 0.8042808
vt 0.2736151 0.8081756
vt 0.2687466 0.8140178
vt 0.2716677 0.8042808
vt 0.2755625 0.8003861
vt 0.2736151 0.8081756
vt 0.2716677 0.8042808
vt 0.2541411 0.8091493
vt 0.25122 0.8023335
vt 0.2590096 0.7955176
vt 0.2755625 0.8003861
vt 0.2687466 0.7955176
vt 0.2843257 0.8023335
vt 0.2882205 0.8023335
vt 0.2882205 0.810123
vt 0.2843257 0.8023335
vt 0.2463515 0.8120704
vt 0.25122 0.8023335
vt 0.2521937 0.810123
vt 0.2687466 0.8140178
vt 0.2677729 0.8179126
vt 0.2521937 0.810123
vt 0.2521937 0.7984387
vt 0.25122 0.787728
vt 0.2590096 0.7916228
vt 0.260957 0.8675712
vt 0.2648518 0.8597817
vt 0.2736151 0.858808
vt 0.2590096 0.7955176
vt 0.2667992 0.7984387
vt 0.2629044 0.8042808
vt 0.2687466 0.7848068
vt 0.2580359 0.7867543
vt 0.2716677 0.7721488
vt 0.2638781 0.8422551
vt 0.2463515 0.8120704
vt 0.2677729 0.8179126
vt 0.2580359 0.7867543
vt 0.2687466 0.7848068
vt 0.2677729 0.7906491
vt 0.2210353 0.8042808
vt 0.2453778 0.7906491
vt 0.2473252 0.7994124
vt 0.2453778 0.7906491
vt 0.25122 0.787728
vt 0.2473252 0.7994124
vt 0.2736151 0.829597
vt 0.2677729 0.8179126
vt 0.2882205 0.829597
vt 0.2541411 0.8091493
vt 0.2590096 0.7955176
vt 0.2629044 0.8042808
vt 0.2687466 0.8140178
vt 0.2521937 0.810123
vt 0.2541411 0.8091493
vt 0.2667992 0.7984387
vt 0.2755625 0.8003861
vt 0.2716677 0.8042808
vt 0.2667992 0.7984387
vt 0.2687466 0.7955176
vt 0.2755625 0.8003861
vt 0.2687466 0.7955176
vt 0.2882205 0.7994124
vt 0.2843257 0.8023335
vt 0.25122 0.8023335
vt 0.2541411 0.8091493
vt 0.2521937 0.810123
vt 0.2677729 0.8179126
vt 0.2463515 0.8120704
vt 0.2521937 0.810123
vt 0.2210353 0.8042808
vt 0.2473252 0.7994124
vt 0.2463515 0.8120704
vt 0.2590096 0.7955176
vt 0.2521937 0.7984387
vt 0.2590096 0.7916228
vt 0.25122 0.787728
vt 0.2541411 0.7740962
vt 0.2580359 0.7867543
vt 0.25122 0.787728
vt 0.2580359 0.7867543
vt 0.2590096 0.7916228
vt 0.2521937 0.7984387
vt 0.25122 0.8023335
vt 0.2473252 0.7994124
vt 0.2531674 0.8597817
vt 0.2648518 0.8597817
vt 0.260957 0.8675712
vt 0.2736151 0.858808
vt 0.2648518 0.8597817
vt 0.2726414 0.8549132
vt 0.2677729 0.8179126
vt 0.2882205 0.8159652
vt 0.2882205 0.829597
vt 0.2843257 0.8422551
vt 0.2775098 0.839334
vt 0.2882205 0.8383603
vt 0.2775098 0.839334
vt 0.2882205 0.829597
vt 0.2882205 0.8383603
vt 0.2882205 0.8480973
vt 0.2843257 0.8422551
vt 0.2882205 0.8442025
vt 0.2765362 0.8500447
vt 0.2736151 0.8510184
vt 0.2784835 0.8432288
vt 0.2882205 0.8597817
vt 0.2804309 0.8578343
vt 0.283352 0.8539395
vt 0.2736151 0.858808
vt 0.2726414 0.8549132
vt 0.2784835 0.8539395
vt 0.283352 0.8539395
vt 0.2804309 0.8578343
vt 0.2784835 0.8539395
vt 0.2784835 0.8432288
vt 0.2775098 0.839334
vt 0.2843257 0.8422551
vt 0.2784835 0.8519921
vt 0.283352 0.8539395
vt 0.2784835 0.8539395
vt 0.2804309 0.871466
vt 0.2804309 0.8724397
vt 0.2726414 0.8743871
vt 0.270694 0.7555959
vt 0.2453778 0.758517
vt 0.2677729 0.7419641
vt 0.2726414 0.8773082
vt 0.2726414 0.8743871
vt 0.2804309 0.8753608
vt 0.2765362 0.8500447
vt 0.2784835 0.8480973
vt 0.2784835 0.8500447
vt 0.2784835 0.8432288
vt 0.2843257 0.8422551
vt 0.2804309 0.8461499
vt 0.283352 0.8539395
vt 0.2804309 0.849071
vt 0.2843257 0.8480973
vt 0.2736151 0.8510184
vt 0.2775098 0.839334
vt 0.2784835 0.8432288
vt 0.2736151 0.8510184
vt 0.2765362 0.8500447
vt 0.2784835 0.8539395
vt 0.2804309 0.8578343
vt 0.2736151 0.858808
vt 0.2784835 0.8539395
vt 0.2882205 0.8510184
vt 0.2882205 0.8597817
vt 0.283352 0.8539395
vt 0.2784835 0.8519921
vt 0.2784835 0.8539395
vt 0.2765362 0.8500447
vt 0.2453778 0.758517
vt 0.2444041 0.7828594
vt 0.2210353 0.8042808
vt 0.2444041 0.7828594
vt 0.2453778 0.7906491
vt 0.2210353 0.8042808
vt 0.2736151 0.829597
vt 0.2638781 0.8422551
vt 0.2677729 0.8179126
vt 0.2882205 0.8704923
vt 0.2804309 0.871466
vt 0.2804309 0.8646501
vt 0.2804309 0.871466
vt 0.2716677 0.8724397
vt 0.2804309 0.8646501
vt 0.2629044 0.9483882
vt 0.2434304 0.9649411
vt 0.2132457 0.9084666
vt 0.2726414 0.8821768
vt 0.2482989 0.8812031
vt 0.2726414 0.8773082
vt 0.2882205 0.8704923
vt 0.2804309 0.8646501
vt 0.2882205 0.8597817
vt 0.2716677 0.8724397
vt 0.2804309 0.871466
vt 0.2726414 0.8743871
vt 0.2619307 0.8753608
vt 0.2482989 0.8812031
vt 0.260957 0.8675712
vt 0.260957 0.8675712
vt 0.2482989 0.8812031
vt 0.2531674 0.8597817
vt 0.2502463 0.9084666
vt 0.2482989 0.8812031
vt 0.2716677 0.8880189
vt 0.2434304 0.8471236
vt 0.2327197 0.8315444
vt 0.2463515 0.8120704
vt 0.2161668 0.8578343
vt 0.1431394 0.8675712
vt 0.1489816 0.8110967
vt 0.2531674 0.8597817
vt 0.2482989 0.8812031
vt 0.2434304 0.8471236
vt 0.2482989 0.8812031
vt 0.2161668 0.8578343
vt 0.2434304 0.8471236
vt 0.1976666 0.7945439
vt 0.2210353 0.8042808
vt 0.2161668 0.8578343
vt 0.2463515 0.8120704
vt 0.2327197 0.8315444
vt 0.2210353 0.8042808
vt 0.2161668 0.8578343
vt 0.2482989 0.8812031
vt 0.2132457 0.9084666
vt 0.2629044 0.9483882
vt 0.2132457 0.9084666
vt 0.2502463 0.9084666
vt 0.25122 0.8023335
vt 0.2521937 0.7984387
vt 0.2590096 0.7955176
vt 0.25122 0.8023335
vt 0.2463515 0.8120704
vt 0.2473252 0.7994124
vt 0.2482989 0.8812031
vt 0.2726414 0.8743871
vt 0.2726414 0.8773082
vt 0.2726414 0.8743871
vt 0.2804309 0.8734134
vt 0.2804309 0.8753608
vt 0.2541411 0.7740962
vt 0.2453778 0.758517
vt 0.2716677 0.7721488
vt 0.2882205 0.7994124
vt 0.2687466 0.7955176
vt 0.2882205 0.7955176
vt 0.2882205 0.7955176
vt 0.2687466 0.7955176
vt 0.2677729 0.7906491
vt 0.2775098 0.839334
vt 0.2736151 0.829597
vt 0.2882205 0.829597
vt 0.2775098 0.839334
vt 0.2638781 0.8422551
vt 0.2736151 0.829597
vt 0.2804309 0.8646501
vt 0.2804309 0.8578343
vt 0.2882205 0.8597817
vt 0.1431394 0.8675712
vt 0.2161668 0.8578343
vt 0.2132457 0.9084666
vt 0.2619307 0.8753608
vt 0.2716677 0.8724397
vt 0.2726414 0.8743871
vt 0.2882205 0.7916228
vt 0.2687466 0.7848068
vt 0.2882205 0.7731225
vt 0.2882205 0.7731225
vt 0.2687466 0.7848068
vt 0.2716677 0.7721488
vt 0.5735142 0.1879296
vt 0.5735142 0.212272
vt 0.5501455 0.2093509
vt 0.587146 0.2453778
vt 0.5764353 0.2297986
vt 0.6046726 0.2249301
vt 0.5676721 0.2590096
vt 0.5481981 0.2434304
vt 0.5569614 0.2385619
vt 0.5657247 0.2366145
vt 0.5569614 0.2385619
vt 0.5569614 0.222009
vt 0.5481981 0.2434304
vt 0.5676721 0.2590096
vt 0.5579351 0.2648517
vt 0.5413822 0.219088
vt 0.5569614 0.2385619
vt 0.5481981 0.2434304
vt 0.5413822 0.219088
vt 0.5481981 0.2434304
vt 0.5277504 0.2297986
vt 0.5413822 0.219088
vt 0.5277504 0.2297986
vt 0.5316452 0.2074035
vt 0.5569614 0.222009
vt 0.5569614 0.2385619
vt 0.5413822 0.219088
vt 0.5569614 0.2385619
vt 0.5657247 0.2366145
vt 0.5715669 0.2502463
vt 0.6085674 0.6416731
vt 0.5842249 0.6329099
vt 0.6221992 0.6036989
vt 0.8208337 0.6426468
vt 0.8218074 0.7020425
vt 0.8110967 0.6426468
vt 0.7185953 0.6523838
vt 0.7147006 0.6153833
vt 0.7409904 0.6465417
vt 0.6231729 0.7020425
vt 0.6095411 0.6981477
vt 0.6085674 0.6416731
vt 0.6835422 0.6280414
vt 0.6854896 0.6144096
vt 0.7147006 0.6153833
vt 0.2882205 0.5725405
vt 0.2882205 0.6377784
vt 0.2541411 0.5813038
vt 0.6095411 0.6981477
vt 0.5686458 0.6903581
vt 0.5842249 0.6329099
vt 0.2882205 0.4849077
vt 0.2541411 0.5813038
vt 0.2064299 0.5092502
vt 0.5842249 0.6329099
vt 0.5832512 0.6085674
vt 0.6221992 0.6036989
vt 0.8110967 0.6426468
vt 0.8003861 0.6591997
vt 0.7994124 0.6338836
vt 0.7604644 0.6173307
vt 0.7614381 0.6484891
vt 0.7409904 0.6465417
vt 0.7147006 0.6153833
vt 0.7380694 0.616357
vt 0.7409904 0.6465417
vt 0.6397257 0.6445943
vt 0.6436206 0.706911
vt 0.6085674 0.6416731
vt 0.2590096 0.6611471
vt 0.2648518 0.6329099
vt 0.2882205 0.6377784
vt 0.2541411 0.5813038
vt 0.2482989 0.6309625
vt 0.2307723 0.5861723
vt 0.131455 0.6591997
vt 0.2054562 0.6085674
vt 0.2093509 0.658226
vt 0.07692792 0.2112983
vt 0.05648025 0.2200616
vt 0.07984902 0.1918244
vt 0.1022441 0.2083772
vt 0.1392446 0.1879296
vt 0.1392446 0.2044824
vt 0.5618299 0.10906
vt 0.545277 0.150929
vt 0.5462507 0.1051652
vt 0.6202518 0.1596923
vt 0.6299888 0.1859822
vt 0.5998041 0.1655345
vt 0.01169011 0.1684556
vt 0.05745395 0.1694293
vt 0.02532189 0.18014
vt 0.6202518 0.1596923
vt 0.645568 0.1626134
vt 0.6299888 0.1859822
vt 0.5462507 0.1051652
vt 0.5744879 0.08861232
vt 0.5618299 0.10906
vt 0.6270677 0.121718
vt 0.645568 0.1626134
vt 0.6202518 0.1596923
vt 0.05745395 0.2346671
vt 0.07400683 0.2268775
vt 0.06426984 0.2405093
vt 0.07692792 0.2112983
vt 0.07400683 0.2268775
vt 0.05648025 0.2200616
vt 0.0964019 0.2327197
vt 0.08666491 0.2103246
vt 0.1022441 0.2083772
vt 0.6368046 0.9328091
vt 0.6221992 0.9454672
vt 0.6075937 0.910414
vt 0.6942529 0.9386513
vt 0.6601734 0.9425461
vt 0.6669893 0.9152825
vt 0.8081756 0.9289142
vt 0.8218074 0.9318354
vt 0.8013597 0.9454672
vt 0.8734134 0.5296978
vt 0.8442025 0.5228819
vt 0.8724397 0.5189871
vt 0.7332008 0.9318354
vt 0.7254112 0.9425461
vt 0.7176217 0.9386513
vt 0.6913318 0.9065192
vt 0.6669893 0.9152825
vt 0.6708841 0.8850979
vt 0.6416731 0.96202
vt 0.6368046 0.9328091
vt 0.6601734 0.9425461
vt 0.6893844 0.8724397
vt 0.7088584 0.8841242
vt 0.6913318 0.9065192
vt 0.7838331 0.9405987
vt 0.8013597 0.9259932
vt 0.8081756 0.9289142
vt 0.6601734 0.9425461
vt 0.6368046 0.9328091
vt 0.6377783 0.8938611
vt 0.6075937 0.910414
vt 0.6377783 0.8938611
vt 0.6368046 0.9328091
vt 0.8218074 0.9318354
vt 0.8081756 0.8889926
vt 0.849071 0.9055455
vt 0.6913318 0.9065192
vt 0.6942529 0.9386513
vt 0.6669893 0.9152825
vt 0.8218074 0.9318354
vt 0.8130441 0.9561778
vt 0.8013597 0.9454672
vt 0.8130441 0.9561778
vt 0.7964913 0.9785729
vt 0.7867543 0.9649411
vt 0.7663066 0.9337828
vt 0.7526748 0.929888
vt 0.7653329 0.8821768
vt 0.7176217 0.9386513
vt 0.7147006 0.9220984
vt 0.7332008 0.9318354
vt 0.6942529 0.9386513
vt 0.7147006 0.9220984
vt 0.7176217 0.9386513
vt 0.5004869 0.2891942
vt 0.496592 0.2745888
vt 0.5053554 0.280431
vt 0.7127532 0.8130441
vt 0.7322271 0.8149915
vt 0.7147006 0.861729
vt 0.8120704 0.8286233
vt 0.8276496 0.7555959
vt 0.8412814 0.8354392
vt 0.687437 0.8159652
vt 0.6601734 0.8208337
vt 0.6426468 0.7614381
vt 0.910414 0.5189871
vt 0.9220984 0.5092502
vt 0.929888 0.5219082
vt 0.8013597 0.9454672
vt 0.7848068 0.9532567
vt 0.7838331 0.9405987
vt 0.6942529 0.9581252
vt 0.6942529 0.9386513
vt 0.7156743 0.9532567
vt 0.9220984 0.5092502
vt 0.8997033 0.5092502
vt 0.910414 0.4975657
vt 0.8013597 0.9454672
vt 0.8130441 0.9561778
vt 0.7867543 0.9649411
vt 0.6913318 0.9065192
vt 0.7147006 0.9220984
vt 0.6942529 0.9386513
vt 0.7848068 0.920151
vt 0.7653329 0.8821768
vt 0.8081756 0.8889926
vt 0.2882205 0.7731225
vt 0.2716677 0.7721488
vt 0.2882205 0.7555959
vt 0.4946447 0.2405093
vt 0.4732233 0.2395356
vt 0.493671 0.2288249
vt 0.2619307 0.8753608
vt 0.2726414 0.8743871
vt 0.2482989 0.8812031
vt 0.6377783 0.8938611
vt 0.6075937 0.910414
vt 0.6309625 0.8743871
vt 0.6845159 0.7594907
vt 0.6854896 0.7361219
vt 0.7098321 0.758517
vt 0.7526748 0.7536485
vt 0.7478063 0.7010688
vt 0.7770173 0.7507274
vt 0.6231729 0.7020425
vt 0.6241466 0.729306
vt 0.6095411 0.6981477
vt 0.6046726 0.7555959
vt 0.5657247 0.7555959
vt 0.6095411 0.6981477
vt 0.6397257 0.6445943
vt 0.6085674 0.6416731
vt 0.6221992 0.6036989
vt 0.6085674 0.6416731
vt 0.6095411 0.6981477
vt 0.5842249 0.6329099
vt 0.7185953 0.6523838
vt 0.7409904 0.6465417
vt 0.7147006 0.7039899
vt 0.8208337 0.6426468
vt 0.8110967 0.6426468
vt 0.8169389 0.60662
vt 0.687437 0.6601734
vt 0.6436206 0.706911
vt 0.6397257 0.6445943
vt 0.7468326 0.6056463
vt 0.7380694 0.616357
vt 0.736122 0.5764353
vt 0.6475154 0.5696194
vt 0.6406994 0.587146
vt 0.6290151 0.5705931
vt 0.687437 0.5929883
vt 0.6494628 0.6056463
vt 0.6640682 0.5705931
vt 0.6290151 0.5705931
vt 0.6221992 0.6036989
vt 0.5988304 0.5861723
vt 0.6562786 0.5121713
vt 0.6806211 0.5111976
vt 0.6630945 0.5335926
vt 0.6708841 0.5481981
vt 0.6475154 0.5696194
vt 0.6630945 0.5335926
vt 0.7215164 0.5423559
vt 0.729306 0.5199608
vt 0.7478063 0.5589088
vt 0.6962003 0.5501455
vt 0.6913318 0.5569614
vt 0.6708841 0.5481981
vt 0.7098321 0.5598825
vt 0.7215164 0.5423559
vt 0.736122 0.5764353
vt 0.6806211 0.5111976
vt 0.729306 0.5199608
vt 0.687437 0.5277504
vt 0.6630945 0.5335926
vt 0.6436206 0.5296978
vt 0.6562786 0.5121713
vt 0.5131449 0.2736151
vt 0.5082765 0.2570622
vt 0.525803 0.2658255
vt 0.5481981 0.2434304
vt 0.5579351 0.2648517
vt 0.5394348 0.2531674
vt 0.4732233 0.2307723
vt 0.4732233 0.2132457
vt 0.493671 0.2288249
vt 0.2882205 0.7955176
vt 0.2677729 0.7906491
vt 0.2882205 0.7916228
vt 0.1976666 0.7945439
vt 0.212272 0.7546222
vt 0.2453778 0.758517
vt 0.5248293 0.2823783
vt 0.525803 0.2658255
vt 0.5462507 0.2823783
vt 0.525803 0.2658255
vt 0.5180134 0.2434304
vt 0.5394348 0.2531674
vt 0.5121712 0.2210353
vt 0.4926973 0.2132457
vt 0.5189871 0.2005876
vt 0.5180134 0.2434304
vt 0.5082765 0.2327197
vt 0.5277504 0.2297986
vt 0.189877 0.4605652
vt 0.08861231 0.332037
vt 0.2891942 0.2356408
vt 0.5998041 0.1655345
vt 0.6212255 0.2035087
vt 0.5735142 0.1879296
vt 0.5228819 0.1372972
vt 0.545277 0.150929
vt 0.516066 0.1850085
vt 0.6046726 0.2249301
vt 0.5735142 0.212272
vt 0.5735142 0.1879296
vt 0.4946447 0.2405093
vt 0.5073028 0.2434304
vt 0.4975657 0.2580359
vt 0.5082765 0.2327197
vt 0.493671 0.2288249
vt 0.5121712 0.2210353
vt 0.05648025 0.2200616
vt 0.04090107 0.2005876
vt 0.07984902 0.1918244
vt 0.02532189 0.18014
vt 0.07595422 0.1811137
vt 0.04090107 0.2005876
vt 0.5004869 0.2891942
vt 0.4849077 0.283352
vt 0.496592 0.2745888
vt 0.564751 0.7088584
vt 0.5686458 0.6903581
vt 0.6095411 0.6981477
vt 0.002926824 0.1441131
vt 0.04187477 0.1324288
vt 0.05842765 0.141192
vt 0.07790162 0.1080863
vt 0.089586 0.08861232
vt 0.09055971 0.1372972
vt 0.2882205 0.5725405
vt 0.2541411 0.5813038
vt 0.2882205 0.4849077
vt 0.7517011 0.8179126
vt 0.7614381 0.8188863
vt 0.7478063 0.8656238
vt 0.7400167 0.8792557
vt 0.7478063 0.8656238
vt 0.7653329 0.8821768
vt 0.7400167 0.8792557
vt 0.7147006 0.861729
vt 0.7478063 0.8656238
vt 0.8734134 0.7409904
vt 0.8675712 0.8373866
vt 0.8646501 0.7955176
vt 0.7088584 0.8841242
vt 0.7147006 0.861729
vt 0.7400167 0.8792557
vt 0.687437 0.8159652
vt 0.6893844 0.8724397
vt 0.667963 0.8656238
vt 0.6046726 0.7555959
vt 0.6426468 0.7614381
vt 0.6309625 0.8743871
vt 0.1596923 0.5404085
vt 0.001953125 0.6192781
vt 0.06719094 0.4342753
vt 0.8081756 0.9289142
vt 0.8081756 0.8889926
vt 0.8218074 0.9318354
vt 0.8860715 0.5082765
vt 0.8997033 0.5092502
vt 0.89094 0.5180134
vt 0.7565696 0.9464408
vt 0.768254 0.9629937
vt 0.7419641 0.9464408
vt 0.7526748 0.929888
vt 0.7448852 0.9074929
vt 0.7653329 0.8821768
vt 0.7526748 0.929888
vt 0.7614381 0.9415724
vt 0.7497537 0.9367039
vt 0.6416731 0.96202
vt 0.6221992 0.9454672
vt 0.6368046 0.9328091
vt 0.8013597 0.9454672
vt 0.7838331 0.9405987
vt 0.8081756 0.9289142
vt 0.6942529 0.9386513
vt 0.7176217 0.9386513
vt 0.7156743 0.9532567
vt 0.8860715 0.5082765
vt 0.8880189 0.496592
vt 0.910414 0.4975657
vt 0.6669893 0.9152825
vt 0.6601734 0.9425461
vt 0.6377783 0.8938611
vt 0.7400167 0.8792557
vt 0.7448852 0.9074929
vt 0.7302797 0.9055455
vt 0.2541411 0.7740962
vt 0.2444041 0.7828594
vt 0.2453778 0.758517
vt 0.2453778 0.758517
vt 0.270694 0.7555959
vt 0.2716677 0.7721488
vt 0.4732233 0.2307723
vt 0.493671 0.2288249
vt 0.4732233 0.2395356
vt 0.2521937 0.7984387
vt 0.2473252 0.7994124
vt 0.25122 0.787728
vt 0.8081756 0.8889926
vt 0.8480973 0.8821768
vt 0.849071 0.9055455
vt 0.6893844 0.8724397
vt 0.7147006 0.861729
vt 0.7088584 0.8841242
vt 0.6377783 0.8938611
vt 0.6309625 0.8743871
vt 0.667963 0.8656238
vt 0.6075937 0.910414
vt 0.5861723 0.9016507
vt 0.6309625 0.8743871
vt 0.2882205 0.6660156
vt 0.260957 0.6845159
vt 0.2590096 0.6611471
vt 0.7147006 0.7039899
vt 0.7098321 0.758517
vt 0.6854896 0.7361219
vt 0.7478063 0.7010688
vt 0.7731225 0.6981477
vt 0.7770173 0.7507274
vt 0.6241466 0.729306
vt 0.6046726 0.7555959
vt 0.6095411 0.6981477
vt 0.5657247 0.7555959
vt 0.564751 0.7088584
vt 0.6095411 0.6981477
vt 0.7147006 0.7039899
vt 0.7478063 0.7010688
vt 0.7526748 0.7536485
vt 0.8753608 0.6757526
vt 0.8568606 0.6621208
vt 0.8948348 0.5988304
vt 0.5686458 0.6903581
vt 0.5832512 0.6085674
vt 0.5842249 0.6329099
vt 0.7478063 0.7010688
vt 0.7147006 0.7039899
vt 0.7409904 0.6465417
vt 0.7147006 0.6153833
vt 0.7185953 0.6523838
vt 0.687437 0.6601734
vt 0.8169389 0.60662
vt 0.8636764 0.5988304
vt 0.8412814 0.6153833
vt 0.7711751 0.5813038
vt 0.7896754 0.5822775
vt 0.7994124 0.6095411
vt 0.6221992 0.6036989
vt 0.6290151 0.5705931
vt 0.6406994 0.587146
vt 0.687437 0.5929883
vt 0.6854896 0.6144096
vt 0.6494628 0.6056463
vt 0.6221992 0.6036989
vt 0.5832512 0.6085674
vt 0.5988304 0.5861723
vt 0.706911 0.5783827
vt 0.7098321 0.5598825
vt 0.736122 0.5764353
vt 0.706911 0.5783827
vt 0.6884107 0.5764353
vt 0.6913318 0.5569614
vt 0.6708841 0.5481981
vt 0.6640682 0.5705931
vt 0.6475154 0.5696194
vt 0.7740962 0.5335926
vt 0.7721488 0.5511192
vt 0.7575433 0.5735142
vt 0.7478063 0.5822775
vt 0.736122 0.5764353
vt 0.7478063 0.5589088
vt 0.5988304 0.5861723
vt 0.6290151 0.5579351
vt 0.6290151 0.5705931
vt 0.6806211 0.5111976
vt 0.687437 0.5277504
vt 0.6630945 0.5335926
vt 0.6630945 0.5335926
vt 0.687437 0.5277504
vt 0.6708841 0.5481981
vt 0.6290151 0.5705931
vt 0.6290151 0.5579351
vt 0.6630945 0.5335926
vt 0.729306 0.5199608
vt 0.7740962 0.5335926
vt 0.7478063 0.5589088
vt 0.687437 0.5277504
vt 0.7078847 0.5374874
vt 0.6962003 0.5501455
vt 0.7215164 0.5423559
vt 0.7478063 0.5589088
vt 0.736122 0.5764353
vt 0.7215164 0.5423559
vt 0.7078847 0.5374874
vt 0.729306 0.5199608
vt 0.7721488 0.5511192
vt 0.780912 0.5481981
vt 0.8081756 0.5832512
vt 0.645568 0.1626134
vt 0.6270677 0.121718
vt 0.6436206 0.1158759
vt 0.6562786 0.5121713
vt 0.6767263 0.4888025
vt 0.6806211 0.5111976
vt 0.739043 0.5063291
vt 0.729306 0.5199608
vt 0.7205427 0.5043817
vt 0.729306 0.5199608
vt 0.739043 0.5063291
vt 0.7740962 0.5335926
vt 0.002926824 0.1441131
vt 0.05842765 0.141192
vt 0.05063806 0.1557975
vt 0.626094 0.05842763
vt 0.5744879 0.08861232
vt 0.5628036 0.05355918
vt 0.0915334 0.1635871
vt 0.05063806 0.1557975
vt 0.05842765 0.141192
vt 0.5073028 0.2434304
vt 0.5082765 0.2327197
vt 0.5180134 0.2434304
vt 0.5131449 0.2736151
vt 0.525803 0.2658255
vt 0.5248293 0.2823783
vt 0.5082765 0.2570622
vt 0.5131449 0.2492726
vt 0.525803 0.2658255
vt 0.5579351 0.2648517
vt 0.5462507 0.2823783
vt 0.5394348 0.2531674
vt 0.08666491 0.001953125
vt 0.089586 0.02824301
vt 0.06134874 0.002926826
vt 0.2482989 0.8812031
vt 0.2502463 0.9084666
vt 0.2132457 0.9084666
vt 0.2531674 0.8597817
vt 0.2434304 0.8471236
vt 0.2570622 0.8519921
vt 0.2161668 0.8578343
vt 0.1489816 0.8110967
vt 0.1976666 0.7945439
vt 0.2687466 0.8510184
vt 0.2531674 0.8597817
vt 0.2570622 0.8519921
vt 0.2716677 0.8724397
vt 0.2619307 0.8753608
vt 0.260957 0.8675712
vt 0.2823783 0.8763345
vt 0.2804309 0.8753608
vt 0.2882205 0.8743871
vt 0.5121712 0.2210353
vt 0.5189871 0.2005876
vt 0.5316452 0.2074035
vt 0.4732233 0.2132457
vt 0.4926973 0.2132457
vt 0.493671 0.2288249
vt 0.2677729 0.7906491
vt 0.2687466 0.7848068
vt 0.2882205 0.7916228
vt 0.2453778 0.758517
vt 0.2210353 0.8042808
vt 0.1976666 0.7945439
vt 0.2346671 0.7273586
vt 0.212272 0.7546222
vt 0.1986403 0.7526748
vt 0.5569614 0.222009
vt 0.5413822 0.219088
vt 0.5501455 0.2093509
vt 0.5277504 0.2297986
vt 0.5481981 0.2434304
vt 0.5394348 0.2531674
vt 0.525803 0.2658255
vt 0.5394348 0.2531674
vt 0.5462507 0.2823783
vt 0.5180134 0.2434304
vt 0.5277504 0.2297986
vt 0.5394348 0.2531674
vt 0.4732233 0.1850085
vt 0.516066 0.1850085
vt 0.4926973 0.2132457
vt 0.5189871 0.2249301
vt 0.5277504 0.2297986
vt 0.5082765 0.2327197
vt 0.1382709 0.7429378
vt 0.1441131 0.7779909
vt 0.07790162 0.8052545
vt 0.1889033 0.706911
vt 0.2190879 0.6786737
vt 0.231746 0.7039899
vt 0.1596923 0.5404085
vt 0.2054562 0.6085674
vt 0.131455 0.6591997
vt 0.131455 0.6591997
vt 0.001953125 0.6192781
vt 0.1596923 0.5404085
vt 0.5744879 0.08861232
vt 0.626094 0.05842763
vt 0.6329099 0.079849
vt 0.5628036 0.05355918
vt 0.616357 0.03019041
vt 0.626094 0.05842763
vt 0.2882205 0.4849077
vt 0.2064299 0.5092502
vt 0.189877 0.4605652
vt 0.2882205 0.6377784
vt 0.2882205 0.6660156
vt 0.2590096 0.6611471
vt 0.2629044 0.706911
vt 0.231746 0.7039899
vt 0.260957 0.6845159
vt 0.5121712 0.2210353
vt 0.5189871 0.2249301
vt 0.5082765 0.2327197
vt 0.6299888 0.1859822
vt 0.6212255 0.2035087
vt 0.5998041 0.1655345
vt 0.05745395 0.1694293
vt 0.07595422 0.1811137
vt 0.02532189 0.18014
vt 0.5637773 0.1548238
vt 0.5998041 0.1655345
vt 0.5735142 0.1879296
vt 0.6212255 0.2035087
vt 0.6046726 0.2249301
vt 0.5735142 0.1879296
vt 0.5316452 0.189877
vt 0.545277 0.150929
vt 0.5491718 0.1879296
vt 0.5491718 0.1879296
vt 0.5637773 0.1548238
vt 0.5735142 0.1879296
vt 0.5316452 0.2074035
vt 0.5189871 0.2005876
vt 0.5316452 0.189877
vt 0.5073028 0.2434304
vt 0.5082765 0.2570622
vt 0.4975657 0.2580359
vt 0.493671 0.2288249
vt 0.4926973 0.2132457
vt 0.5121712 0.2210353
vt 0.07595422 0.1811137
vt 0.07984902 0.1918244
vt 0.04090107 0.2005876
vt 0.06719094 0.9444935
vt 0.06621724 0.9444935
vt 0.06621724 0.9415724
vt 0.06621724 0.9444935
vt 0.06719094 0.9444935
vt 0.06621724 0.9464408
vt 0.1596923 0.2551148
vt 0.1947455 0.2590096
vt 0.1879296 0.2765362
vt 0.1820874 0.2327197
vt 0.2103246 0.2502463
vt 0.1947455 0.2590096
vt 0.1596923 0.2551148
vt 0.1879296 0.2765362
vt 0.1645608 0.2823783
vt 0.1820874 0.2327197
vt 0.2142194 0.2405093
vt 0.2103246 0.2502463
vt 0.1820874 0.2327197
vt 0.2044825 0.2268775
vt 0.2142194 0.2405093
vt 0.4732233 0.2901679
vt 0.4625126 0.283352
vt 0.4732233 0.2765362
vt 0.2989312 0.8480973
vt 0.2989312 0.8500447
vt 0.2960101 0.849071
vt 0.2882205 0.7994124
vt 0.2921153 0.8023335
vt 0.2882205 0.8023335
vt 0.2989312 0.8480973
vt 0.2989312 0.8432288
vt 0.2999049 0.8500447
vt 0.2989312 0.8500447
vt 0.2979575 0.8519921
vt 0.2960101 0.849071
vt 0.2960101 0.8461499
vt 0.2989312 0.8480973
vt 0.2960101 0.849071
vt 0.302826 0.8510184
vt 0.2989312 0.839334
vt 0.3135367 0.8422551
vt 0.3047734 0.8724397
vt 0.302826 0.858808
vt 0.3164578 0.8675712
vt 0.2960101 0.8734134
vt 0.2960101 0.8753608
vt 0.2882205 0.8743871
vt 0.2960101 0.8734134
vt 0.2882205 0.8743871
vt 0.2882205 0.8724397
vt 0.2960101 0.871466
vt 0.2960101 0.8724397
vt 0.2882205 0.8724397
vt 0.2882205 0.8704923
vt 0.2960101 0.871466
vt 0.2882205 0.8724397
vt 0.302826 0.858808
vt 0.3047734 0.8724397
vt 0.2960101 0.8646501
vt 0.2960101 0.8646501
vt 0.2960101 0.8578343
vt 0.302826 0.858808
vt 0.2960101 0.849071
vt 0.2921153 0.8480973
vt 0.2960101 0.8461499
vt 0.293089 0.8422551
vt 0.2921153 0.8480973
vt 0.2882205 0.8480973
vt 0.293089 0.8422551
vt 0.2960101 0.8461499
vt 0.2921153 0.8480973
vt 0.7497537 0.1304814
vt 0.7750699 0.1353499
vt 0.7702014 0.1450868
vt 0.7789647 0.1032178
vt 0.7750699 0.1353499
vt 0.7497537 0.1304814
vt 0.7731225 0.2200616
vt 0.7702014 0.1742978
vt 0.7867543 0.1713767
vt 0.7887017 0.1402183
vt 0.7867543 0.1713767
vt 0.7702014 0.1635871
vt 0.7702014 0.1742978
vt 0.7702014 0.1635871
vt 0.7867543 0.1713767
vt 0.7497537 0.1548238
vt 0.7497537 0.1304814
vt 0.7702014 0.1450868
vt 0.7702014 0.1450868
vt 0.7702014 0.1635871
vt 0.7497537 0.1548238
vt 0.7478063 0.18014
vt 0.7497537 0.1548238
vt 0.7702014 0.1635871
vt 0.7702014 0.1742978
vt 0.7478063 0.18014
vt 0.7702014 0.1635871
vt 0.7429378 0.2210353
vt 0.7419641 0.2453778
vt 0.7234638 0.2229827
vt 0.7429378 0.2210353
vt 0.7731225 0.2200616
vt 0.7419641 0.2453778
vt 0.7731225 0.2200616
vt 0.768254 0.2726414
vt 0.7419641 0.2453778
vt 0.7234638 0.2229827
vt 0.7419641 0.2453778
vt 0.7176217 0.2755625
vt 0.7419641 0.2453778
vt 0.7419641 0.2736151
vt 0.7176217 0.2755625
vt 0.7419641 0.2736151
vt 0.7497537 0.3456687
vt 0.7176217 0.2755625
vt 0.7419641 0.1041915
vt 0.7604644 0.1041915
vt 0.7322271 0.1265866
vt 0.7604644 0.1041915
vt 0.7497537 0.1304814
vt 0.7322271 0.1265866
vt 0.7789647 0.1032178
vt 0.7887017 0.1402183
vt 0.7750699 0.1353499
vt 0.7731225 0.2200616
vt 0.7478063 0.18014
vt 0.7702014 0.1742978
vt 0.7925965 0.1178232
vt 0.7789647 0.1032178
vt 0.7925965 0.09542817
vt 0.7078847 0.1343762
vt 0.7273586 0.1626134
vt 0.6903581 0.1811137
vt 0.3076945 0.8510184
vt 0.302826 0.8510184
vt 0.3135367 0.8422551
vt 0.364169 0.7555959
vt 0.3310633 0.758517
vt 0.341774 0.7273586
vt 0.364169 0.7555959
vt 0.3778008 0.7526748
vt 0.3787745 0.7945439
vt 0.403117 0.787728
vt 0.3778008 0.7526748
vt 0.4148014 0.7799383
vt 0.3670901 0.658226
vt 0.4459597 0.6591997
vt 0.3875378 0.706911
vt 0.3719586 0.6085674
vt 0.3670901 0.658226
vt 0.3398266 0.658226
vt 0.3573532 0.6786737
vt 0.3670901 0.658226
vt 0.3875378 0.706911
vt 0.3291159 0.6309625
vt 0.3466425 0.5861723
vt 0.3719586 0.6085674
vt 0.312563 0.6329099
vt 0.3291159 0.6309625
vt 0.3174315 0.6611471
vt 0.3709849 0.5092502
vt 0.3875378 0.4615389
vt 0.4177225 0.5404085
vt 0.3174315 0.6611471
vt 0.3291159 0.6309625
vt 0.3398266 0.658226
vt 0.3398266 0.658226
vt 0.3291159 0.6309625
vt 0.3719586 0.6085674
vt 0.3096419 0.7419641
vt 0.3067208 0.7555959
vt 0.2882205 0.7555959
vt 0.3154841 0.6845159
vt 0.3135367 0.706911
vt 0.2882205 0.7108058
vt 0.3154841 0.6845159
vt 0.3174315 0.6611471
vt 0.3398266 0.658226
vt 0.341774 0.7273586
vt 0.3310633 0.758517
vt 0.3096419 0.7419641
vt 0.312563 0.6329099
vt 0.3232737 0.5813038
vt 0.3291159 0.6309625
vt 0.3067208 0.7555959
vt 0.3047734 0.7721488
vt 0.2882205 0.7555959
vt 0.2882205 0.7312534
vt 0.3096419 0.7419641
vt 0.2882205 0.7555959
vt 0.3096419 0.7263849
vt 0.3096419 0.7419641
vt 0.2882205 0.7312534
vt 0.3096419 0.7263849
vt 0.2882205 0.7312534
vt 0.2882205 0.7108058
vt 0.3135367 0.706911
vt 0.3096419 0.7263849
vt 0.2882205 0.7108058
vt 0.2882205 0.6660156
vt 0.3154841 0.6845159
vt 0.2882205 0.7108058
vt 0.3446951 0.7039899
vt 0.3154841 0.6845159
vt 0.3398266 0.658226
vt 0.3135367 0.706911
vt 0.3446951 0.7039899
vt 0.341774 0.7273586
vt 0.312563 0.6329099
vt 0.2882205 0.6377784
vt 0.3232737 0.5813038
vt 0.1713767 0.1713767
vt 0.1392446 0.1694293
vt 0.1392446 0.160666
vt 0.202535 0.1811137
vt 0.1947455 0.1713767
vt 0.222009 0.1694293
vt 0.1869559 0.1635871
vt 0.1947455 0.1713767
vt 0.1713767 0.1713767
vt 0.1392446 0.1791663
vt 0.1392446 0.1694293
vt 0.1713767 0.1713767
vt 0.1713767 0.1713767
vt 0.1947455 0.1713767
vt 0.1772189 0.1830611
vt 0.4732233 0.2521937
vt 0.4498545 0.2580359
vt 0.4518019 0.2405093
vt 0.4391438 0.2327197
vt 0.4537493 0.2288249
vt 0.4518019 0.2405093
vt 0.4401175 0.2434304
vt 0.4342753 0.2492726
vt 0.4294069 0.2434304
vt 0.4391438 0.2570622
vt 0.4342753 0.2492726
vt 0.4401175 0.2434304
vt 0.4732233 0.2395356
vt 0.4732233 0.2521937
vt 0.4518019 0.2405093
vt 0.4401175 0.2434304
vt 0.4391438 0.2327197
vt 0.4518019 0.2405093
vt 0.4342753 0.2492726
vt 0.4216173 0.2658255
vt 0.4294069 0.2434304
vt 0.9016507 0.2872468
vt 0.920151 0.2560885
vt 0.939625 0.283352
vt 0.9016507 0.2872468
vt 0.9026244 0.2327197
vt 0.920151 0.2560885
vt 0.1392446 0.2551148
vt 0.1392446 0.2307723
vt 0.1596923 0.2551148
vt 0.2882205 0.8442025
vt 0.2882205 0.8383603
vt 0.293089 0.8422551
vt 0.9026244 0.09640187
vt 0.8889926 0.05842763
vt 0.9211247 0.09737557
vt 0.8860715 0.09542817
vt 0.9026244 0.09640187
vt 0.9094403 0.1139285
vt 0.8997033 0.1314551
vt 0.8860715 0.09542817
vt 0.9094403 0.1139285
vt 0.1392446 0.160666
vt 0.1645608 0.1557975
vt 0.1869559 0.1635871
vt 0.1772189 0.1830611
vt 0.1947455 0.1713767
vt 0.202535 0.1811137
vt 0.1869559 0.1635871
vt 0.1713767 0.1713767
vt 0.1392446 0.160666
vt 0.6543313 0.1168495
vt 0.6864633 0.1178232
vt 0.7078847 0.1343762
vt 0.6718578 0.1947455
vt 0.6903581 0.1811137
vt 0.6757526 0.212272
vt 0.6903581 0.1811137
vt 0.6543313 0.1168495
vt 0.7078847 0.1343762
vt 0.6786737 0.3145104
vt 0.6913318 0.2424567
vt 0.7176217 0.2755625
vt 0.6903581 0.1811137
vt 0.7273586 0.1626134
vt 0.7234638 0.2229827
vt 0.7078847 0.1343762
vt 0.7322271 0.1265866
vt 0.7273586 0.1626134
vt 0.2366145 0.1334025
vt 0.2200616 0.141192
vt 0.2005877 0.1080863
vt 0.6747789 0.3563794
vt 0.6786737 0.3145104
vt 0.7010688 0.354432
vt 0.7010688 0.354432
vt 0.6786737 0.3145104
vt 0.7176217 0.2755625
vt 0.7176217 0.2755625
vt 0.6913318 0.2424567
vt 0.7234638 0.2229827
vt 0.6757526 0.212272
vt 0.6903581 0.1811137
vt 0.7234638 0.2229827
vt 0.6543313 0.1168495
vt 0.6484891 0.09348083
vt 0.6864633 0.1178232
vt 0.7740962 0.3729323
vt 0.7750699 0.4040907
vt 0.7312534 0.4099329
vt 0.7497537 0.3456687
vt 0.7740962 0.3729323
vt 0.7312534 0.4099329
vt 0.2950364 0.8773082
vt 0.3047734 0.8773082
vt 0.293089 0.8812031
vt 0.293089 0.8812031
vt 0.2882205 0.8821768
vt 0.2950364 0.8773082
vt 0.2882205 0.8821768
vt 0.2882205 0.8743871
vt 0.2950364 0.8773082
vt 0.7925965 0.1178232
vt 0.7887017 0.1402183
vt 0.7789647 0.1032178
vt 0.8023334 0.128534
vt 0.7925965 0.1178232
vt 0.8023334 0.1051652
vt 0.3086682 0.8140178
vt 0.3135367 0.8042808
vt 0.3223 0.8091493
vt 0.2882205 0.8880189
vt 0.2960101 0.8967822
vt 0.2882205 0.8948348
vt 0.1635871 0.05842763
vt 0.1392446 0.06329614
vt 0.1392446 0.04090106
vt 0.3534583 0.9834414
vt 0.2882205 0.9980469
vt 0.3339844 0.9649411
vt 0.3339844 0.9649411
vt 0.2882205 0.9980469
vt 0.3135367 0.9483882
vt 0.3106156 0.9308617
vt 0.3135367 0.9483882
vt 0.2882205 0.9172299
vt 0.2882205 0.8880189
vt 0.293089 0.8812031
vt 0.2969838 0.8889926
vt 0.2882205 0.8948348
vt 0.2960101 0.8967822
vt 0.2882205 0.9172299
vt 0.3067208 0.9162562
vt 0.3106156 0.9308617
vt 0.2882205 0.9172299
vt 0.2882205 0.8880189
vt 0.2882205 0.8821768
vt 0.293089 0.8812031
vt 0.2950364 0.8773082
vt 0.2960101 0.8753608
vt 0.3047734 0.8773082
vt 0.293089 0.8812031
vt 0.3047734 0.8821768
vt 0.2969838 0.8889926
vt 0.3047734 0.8773082
vt 0.3047734 0.8821768
vt 0.293089 0.8812031
vt 0.3057471 0.8880189
vt 0.3047734 0.8821768
vt 0.3281422 0.8812031
vt 0.3534583 0.9834414
vt 0.3339844 0.9649411
vt 0.3631953 0.9084666
vt 0.3261948 0.9084666
vt 0.3067208 0.9162562
vt 0.2960101 0.8967822
vt 0.2969838 0.8889926
vt 0.3047734 0.8821768
vt 0.3057471 0.8880189
vt 0.1587186 0.03116411
vt 0.1791663 0.01363748
vt 0.1772189 0.04090106
vt 0.3135367 0.9483882
vt 0.3106156 0.9308617
vt 0.3261948 0.9084666
vt 0.3261948 0.9084666
vt 0.3106156 0.9308617
vt 0.3067208 0.9162562
vt 0.3057471 0.8880189
vt 0.2960101 0.8967822
vt 0.2969838 0.8889926
vt 0.2882205 0.9172299
vt 0.2960101 0.8967822
vt 0.3067208 0.9162562
vt 0.1791663 0.01363748
vt 0.1918244 0.001953125
vt 0.189877 0.02824301
vt 0.1772189 0.04090106
vt 0.189877 0.02824301
vt 0.1879296 0.04479587
vt 0.1791663 0.0749805
vt 0.1889033 0.08861232
vt 0.1645608 0.1002967
vt 0.1791663 0.0749805
vt 0.1811137 0.04674327
vt 0.1879296 0.04479587
vt 0.1772189 0.04090106
vt 0.1791663 0.01363748
vt 0.189877 0.02824301
vt 0.1772189 0.04090106
vt 0.1811137 0.04674327
vt 0.1635871 0.05842763
vt 0.1635871 0.05842763
vt 0.1811137 0.04674327
vt 0.1791663 0.0749805
vt 0.4186962 0.9240458
vt 0.3534583 0.9834414
vt 0.3631953 0.9084666
vt 0.1645608 0.1002967
vt 0.1889033 0.08861232
vt 0.1879296 0.1372972
vt 0.1392446 0.04090106
vt 0.1772189 0.04090106
vt 0.1635871 0.05842763
vt 0.1811137 0.04674327
vt 0.1772189 0.04090106
vt 0.1879296 0.04479587
vt 0.1635871 0.05842763
vt 0.1791663 0.0749805
vt 0.1645608 0.1002967
vt 0.7925965 0.09542817
vt 0.7789647 0.1032178
vt 0.7789647 0.07303315
vt 0.777991 0.05550653
vt 0.7789647 0.07303315
vt 0.7702014 0.07011205
vt 0.7789647 0.07303315
vt 0.7604644 0.1041915
vt 0.7419641 0.1041915
vt 0.7789647 0.07303315
vt 0.7789647 0.1032178
vt 0.7604644 0.1041915
vt 0.1392446 0.1791663
vt 0.1772189 0.1830611
vt 0.1392446 0.1879296
vt 0.1392446 0.1363236
vt 0.170403 0.1343762
vt 0.1645608 0.1557975
vt 0.1645608 0.1557975
vt 0.1869559 0.1519027
vt 0.1869559 0.1635871
vt 0.1392446 0.1791663
vt 0.1713767 0.1713767
vt 0.1772189 0.1830611
vt 0.170403 0.1343762
vt 0.1879296 0.1372972
vt 0.1869559 0.1519027
vt 0.1392446 0.160666
vt 0.1392446 0.1363236
vt 0.1645608 0.1557975
vt 0.8023334 0.128534
vt 0.8023334 0.1051652
vt 0.8140178 0.09932297
vt 0.777991 0.05550653
vt 0.8023334 0.08082271
vt 0.7925965 0.09542817
vt 0.7925965 0.1178232
vt 0.8023334 0.128534
vt 0.7887017 0.1402183
vt 0.8023334 0.1051652
vt 0.7925965 0.1178232
vt 0.7925965 0.09542817
vt 0.8023334 0.1051652
vt 0.7925965 0.09542817
vt 0.8023334 0.08082271
vt 0.7010688 0.354432
vt 0.729306 0.3495635
vt 0.7312534 0.4099329
vt 0.8344655 0.2823783
vt 0.829597 0.3369055
vt 0.810123 0.3388529
vt 0.7916228 0.2755625
vt 0.7906491 0.3398266
vt 0.780912 0.3408003
vt 0.7497537 0.3456687
vt 0.729306 0.3495635
vt 0.7176217 0.2755625
vt 0.9659148 0.3816956
vt 0.9532567 0.4294068
vt 0.9094403 0.4011696
vt 0.6708841 0.2590096
vt 0.6913318 0.2424567
vt 0.6786737 0.3145104
vt 0.6923055 0.4011696
vt 0.7010688 0.354432
vt 0.7312534 0.4099329
vt 0.9659148 0.3816956
vt 0.9094403 0.4011696
vt 0.939625 0.283352
vt 0.939625 0.283352
vt 0.9795466 0.2843257
vt 0.9659148 0.3816956
vt 0.8734134 0.3914326
vt 0.8549132 0.3398266
vt 0.8812031 0.3466424
vt 0.7312534 0.4099329
vt 0.729306 0.3495635
vt 0.7497537 0.3456687
vt 0.8344655 0.2823783
vt 0.8549132 0.3398266
vt 0.829597 0.3369055
vt 0.768254 0.2726414
vt 0.7916228 0.2755625
vt 0.780912 0.3408003
vt 0.7916228 0.2755625
vt 0.810123 0.3388529
vt 0.7906491 0.3398266
vt 0.6747789 0.3563794
vt 0.7010688 0.354432
vt 0.6923055 0.4011696
vt 0.6056463 0.9795466
vt 0.5822775 0.9844151
vt 0.5861723 0.9737044
vt 0.60662 0.9737044
vt 0.6105148 0.9639674
vt 0.6241466 0.9746781
vt 0.6085674 0.9902573
vt 0.5842249 0.9922047
vt 0.5822775 0.9844151
vt 0.60662 0.9737044
vt 0.6056463 0.9795466
vt 0.5861723 0.9737044
vt 0.6056463 0.9795466
vt 0.6241466 0.9746781
vt 0.6085674 0.9902573
vt 0.6085674 0.9902573
vt 0.6241466 0.9746781
vt 0.6231729 0.9844151
vt 0.6085674 0.9902573
vt 0.5822775 0.9844151
vt 0.6056463 0.9795466
vt 0.5861723 0.9737044
vt 0.596883 0.9639674
vt 0.60662 0.9737044
vt 0.7955176 0.4693285
vt 0.7818857 0.4683548
vt 0.7887017 0.4586178
vt 0.8062282 0.454723
vt 0.7887017 0.4586178
vt 0.7857805 0.4527756
vt 0.7770173 0.4634863
vt 0.7887017 0.4586178
vt 0.7818857 0.4683548
vt 0.6523839 0.9775992
vt 0.6241466 0.9746781
vt 0.638752 0.9698096
vt 0.8130441 0.4732233
vt 0.8130441 0.4654337
vt 0.8218074 0.4761444
vt 0.8130441 0.4654337
vt 0.8208337 0.4625126
vt 0.8218074 0.4761444
vt 0.8130441 0.4732233
vt 0.7955176 0.4693285
vt 0.8130441 0.4654337
vt 0.5861723 0.9737044
vt 0.5754616 0.9649411
vt 0.596883 0.9639674
vt 0.7380694 0.4469334
vt 0.7302797 0.4498545
vt 0.7312534 0.4099329
vt 0.7546222 0.4420649
vt 0.7380694 0.4469334
vt 0.7312534 0.4099329
vt 0.5686458 0.991231
vt 0.5530666 0.9844151
vt 0.5666984 0.9766255
vt 0.596883 0.9639674
vt 0.5861723 0.952283
vt 0.6105148 0.9639674
vt 0.5861723 0.9737044
vt 0.5822775 0.9844151
vt 0.5666984 0.9766255
vt 0.7770173 0.4634863
vt 0.7692277 0.4849077
vt 0.7624118 0.4703022
vt 0.3086682 0.8140178
vt 0.3096419 0.8179126
vt 0.2882205 0.8159652
vt 0.2989312 0.8500447
vt 0.2999049 0.8500447
vt 0.2979575 0.8519921
vt 0.2882205 0.810123
vt 0.3008786 0.8003861
vt 0.302826 0.8081756
vt 0.302826 0.8081756
vt 0.2882205 0.8159652
vt 0.2882205 0.810123
vt 0.5754616 0.9649411
vt 0.5666984 0.9766255
vt 0.5559877 0.9688359
vt 0.8432288 0.4829603
vt 0.8325181 0.496592
vt 0.8218074 0.4761444
vt 0.6056463 0.9795466
vt 0.60662 0.9737044
vt 0.6241466 0.9746781
vt 0.7721488 0.4556967
vt 0.7857805 0.4527756
vt 0.7770173 0.4634863
vt 0.7244375 0.4897761
vt 0.7244375 0.4761444
vt 0.7409904 0.4995131
vt 0.5530666 0.9844151
vt 0.5559877 0.9688359
vt 0.5666984 0.9766255
vt 0.2882205 0.810123
vt 0.2921153 0.8023335
vt 0.3008786 0.8003861
vt 0.3086682 0.8140178
vt 0.2882205 0.8159652
vt 0.302826 0.8081756
vt 0.2989312 0.8480973
vt 0.2960101 0.8461499
vt 0.2989312 0.8432288
vt 0.2940627 0.8539395
vt 0.2960101 0.849071
vt 0.2979575 0.8519921
vt 0.1986403 0.1918244
vt 0.1772189 0.1830611
vt 0.202535 0.1811137
vt 0.1772189 0.1830611
vt 0.1986403 0.1918244
vt 0.18014 0.1918244
vt 0.3583269 0.1256129
vt 0.3476162 0.1655345
vt 0.3203526 0.121718
vt 0.3203526 0.121718
vt 0.3476162 0.1655345
vt 0.3261948 0.1596923
vt 0.3583269 0.1256129
vt 0.383643 0.1548238
vt 0.3476162 0.1655345
vt 0.3203526 0.121718
vt 0.3359318 0.1061389
vt 0.3583269 0.1256129
vt 0.7419641 0.2736151
vt 0.768254 0.2726414
vt 0.7497537 0.3456687
vt 0.768254 0.2726414
vt 0.7419641 0.2736151
vt 0.7419641 0.2453778
vt 0.435249 0.2210353
vt 0.4284332 0.2249301
vt 0.4148014 0.2074035
vt 0.3203526 0.121718
vt 0.3037997 0.1158759
vt 0.3145104 0.079849
vt 0.3203526 0.121718
vt 0.3145104 0.079849
vt 0.3359318 0.1061389
vt 0.4196699 0.2297986
vt 0.4148014 0.2074035
vt 0.4284332 0.2249301
vt 0.9220984 0.08471751
vt 0.8889926 0.05842763
vt 0.9084666 0.05550653
vt 0.3729323 0.08861232
vt 0.3855904 0.10906
vt 0.3583269 0.1256129
vt 0.383643 0.1548238
vt 0.4021433 0.150929
vt 0.3982485 0.1879296
vt 0.3729323 0.08861232
vt 0.3583269 0.1256129
vt 0.3359318 0.1061389
vt 0.3729323 0.08861232
vt 0.3359318 0.1061389
vt 0.3145104 0.079849
vt 0.4498545 0.2580359
vt 0.4732233 0.2521937
vt 0.4634863 0.2658255
vt 0.4634863 0.2658255
vt 0.4732233 0.2629043
vt 0.4732233 0.2765362
vt 0.4508282 0.2745888
vt 0.4498545 0.2580359
vt 0.4634863 0.2658255
vt 0.4391438 0.2570622
vt 0.4498545 0.2580359
vt 0.4508282 0.2745888
vt 0.4732233 0.2521937
vt 0.4732233 0.2629043
vt 0.4634863 0.2658255
vt 0.009742714 0.839334
vt 0.01461121 0.8344655
vt 0.01461121 0.839334
vt 0.7692277 0.4849077
vt 0.7770173 0.4634863
vt 0.7818857 0.4683548
vt 0.01266381 0.8442025
vt 0.009742714 0.839334
vt 0.01461121 0.839334
vt 0.7692277 0.4849077
vt 0.7955176 0.4693285
vt 0.8237548 0.4975657
vt 0.7614381 0.4615389
vt 0.7546222 0.4420649
vt 0.7721488 0.4556967
vt 0.7624118 0.4703022
vt 0.7614381 0.4615389
vt 0.7721488 0.4556967
vt 0.7721488 0.4556967
vt 0.7770173 0.4634863
vt 0.7624118 0.4703022
vt 0.7614381 0.4615389
vt 0.7624118 0.4703022
vt 0.7546222 0.4625126
vt 0.8062282 0.454723
vt 0.8091493 0.4284331
vt 0.8247285 0.444986
vt 0.8062282 0.454723
vt 0.7945439 0.4294068
vt 0.8091493 0.4284331
vt 0.8062282 0.454723
vt 0.7857805 0.4527756
vt 0.7945439 0.4294068
vt 0.8062282 0.454723
vt 0.7955176 0.4693285
vt 0.7887017 0.4586178
vt 0.7955176 0.4693285
vt 0.8062282 0.454723
vt 0.8130441 0.4654337
vt 0.7507274 0.4858814
vt 0.7370957 0.4664074
vt 0.7526748 0.474197
vt 0.7614381 0.4615389
vt 0.7546222 0.4625126
vt 0.7546222 0.4420649
vt 0.8091493 0.4284331
vt 0.8003861 0.4021433
vt 0.8315444 0.4079854
vt 0.7546222 0.4420649
vt 0.7546222 0.4625126
vt 0.7380694 0.4469334
vt 0.7750699 0.4040907
vt 0.8003861 0.4021433
vt 0.7945439 0.4294068
vt 0.8315444 0.4079854
vt 0.8480973 0.4303805
vt 0.8247285 0.444986
vt 0.7750699 0.4040907
vt 0.7721488 0.4556967
vt 0.7546222 0.4420649
vt 0.8091493 0.4284331
vt 0.8315444 0.4079854
vt 0.8247285 0.444986
vt 0.2044825 0.2268775
vt 0.1820874 0.2327197
vt 0.1918244 0.2103246
vt 0.3797482 0.2590096
vt 0.3748797 0.2502463
vt 0.3904589 0.2385619
vt 0.2044825 0.2268775
vt 0.222009 0.2200616
vt 0.2210353 0.2346671
vt 0.3894852 0.222009
vt 0.3729323 0.212272
vt 0.3963011 0.2093509
vt 0.3894852 0.222009
vt 0.3816956 0.2366145
vt 0.3700112 0.2297986
vt 0.4625126 0.283352
vt 0.4732233 0.2901679
vt 0.4469334 0.2891942
vt 0.1645608 0.1557975
vt 0.170403 0.1343762
vt 0.1869559 0.1519027
vt 0.1392446 0.06329614
vt 0.1635871 0.05842763
vt 0.1645608 0.1002967
vt 0.1392446 0.1032178
vt 0.1392446 0.06329614
vt 0.1645608 0.1002967
vt 0.8325181 0.02824301
vt 0.8763345 0.01363748
vt 0.871466 0.03700626
vt 0.5365137 0.7624118
vt 0.4995131 0.8052545
vt 0.4391438 0.7429378
vt 0.4459597 0.6591997
vt 0.4926973 0.7098321
vt 0.4391438 0.7429378
vt 0.8227811 0.04284847
vt 0.8325181 0.02824301
vt 0.871466 0.03700626
vt 0.4926973 0.7098321
vt 0.5365137 0.7624118
vt 0.4391438 0.7429378
vt 0.1889033 0.08861232
vt 0.1791663 0.0749805
vt 0.1879296 0.04479587
vt 0.1392446 0.1363236
vt 0.1392446 0.1032178
vt 0.170403 0.1343762
vt 0.3057471 0.8880189
vt 0.3261948 0.9084666
vt 0.2960101 0.8967822
vt 0.3135367 0.9483882
vt 0.2882205 0.9980469
vt 0.2882205 0.9172299
vt 0.4186962 0.9240458
vt 0.3631953 0.9084666
vt 0.4333016 0.8675712
vt 0.1392446 0.1032178
vt 0.1645608 0.1002967
vt 0.170403 0.1343762
vt 0.1392446 0.04090106
vt 0.1587186 0.03116411
vt 0.1772189 0.04090106
vt 0.2882205 0.8880189
vt 0.2969838 0.8889926
vt 0.2960101 0.8967822
vt 0.8257022 0.3855904
vt 0.829597 0.3369055
vt 0.8549132 0.3398266
vt 0.8344655 0.1392446
vt 0.8432288 0.1022441
vt 0.8617291 0.1178232
vt 0.8442025 0.06134874
vt 0.8549132 0.0749805
vt 0.8403077 0.08374381
vt 0.8549132 0.3398266
vt 0.8597817 0.2843257
vt 0.9016507 0.2872468
vt 0.8597817 0.1850085
vt 0.8646501 0.1528764
vt 0.9084666 0.170403
vt 0.8617291 0.1178232
vt 0.8617291 0.1002967
vt 0.8860715 0.09542817
vt 0.8549132 0.0749805
vt 0.8646501 0.05258548
vt 0.8802294 0.07303315
vt 0.8305707 0.2278512
vt 0.8627028 0.2307723
vt 0.8597817 0.2599833
vt 0.8432288 0.1022441
vt 0.8403077 0.08374381
vt 0.858808 0.08179641
vt 0.8442025 0.06134874
vt 0.8227811 0.04284847
vt 0.8646501 0.05258548
vt 0.8617291 0.1002967
vt 0.858808 0.08179641
vt 0.8860715 0.09542817
vt 0.8860715 0.09542817
vt 0.858808 0.08179641
vt 0.8802294 0.07303315
vt 0.8549132 0.0749805
vt 0.858808 0.08179641
vt 0.8403077 0.08374381
vt 0.8510184 0.3972748
vt 0.8257022 0.3855904
vt 0.8549132 0.3398266
vt 0.8344655 0.1392446
vt 0.8646501 0.1528764
vt 0.8597817 0.1850085
vt 0.9026244 0.2327197
vt 0.8597817 0.2599833
vt 0.8627028 0.2307723
vt 0.8734134 0.3914326
vt 0.8695186 0.4099329
vt 0.8510184 0.3972748
vt 0.8695186 0.4099329
vt 0.8480973 0.4303805
vt 0.8510184 0.3972748
vt 0.9026244 0.2327197
vt 0.8627028 0.2307723
vt 0.8597817 0.1850085
vt 0.8432288 0.1022441
vt 0.8617291 0.1002967
vt 0.8617291 0.1178232
vt 0.8636764 0.1392446
vt 0.8344655 0.1392446
vt 0.8617291 0.1178232
vt 0.8344655 0.2823783
vt 0.8597817 0.2843257
vt 0.8549132 0.3398266
vt 0.829597 0.06621724
vt 0.8442025 0.06134874
vt 0.8403077 0.08374381
vt 0.3330107 0.8471236
vt 0.3135367 0.8422551
vt 0.3310633 0.8120704
vt 0.3437214 0.8315444
vt 0.3563794 0.8042808
vt 0.3602742 0.8578343
vt 0.3330107 0.8471236
vt 0.3437214 0.8315444
vt 0.3602742 0.8578343
vt 0.4732233 0.2132457
vt 0.454723 0.2132457
vt 0.4732233 0.1850085
vt 0.4245383 0.1372972
vt 0.4070118 0.0779016
vt 0.4732233 0.08666492
vt 0.4313543 0.1850085
vt 0.4284332 0.2005876
vt 0.4157751 0.189877
vt 0.3875378 0.4615389
vt 0.2882205 0.4849077
vt 0.2891942 0.2356408
vt 0.3729323 0.08861232
vt 0.3846167 0.05355918
vt 0.4070118 0.0779016
vt 0.4157751 0.189877
vt 0.4021433 0.150929
vt 0.4313543 0.1850085
vt 0.4313543 0.1850085
vt 0.454723 0.2132457
vt 0.4284332 0.2005876
vt 0.3466425 0.5861723
vt 0.3232737 0.5813038
vt 0.3709849 0.5092502
vt 0.5102239 0.4342753
vt 0.4177225 0.5404085
vt 0.3875378 0.4615389
vt 0.3875378 0.4615389
vt 0.4888025 0.332037
vt 0.5102239 0.4342753
vt 0.4011696 0.1051652
vt 0.4245383 0.1372972
vt 0.4021433 0.150929
vt 0.4732233 0.1850085
vt 0.4313543 0.1850085
vt 0.4732233 0.1528764
vt 0.1392446 0.2307723
vt 0.1392446 0.2044824
vt 0.1762452 0.2083772
vt 0.2200616 0.141192
vt 0.1869559 0.1519027
vt 0.1879296 0.1372972
vt 0.1879296 0.1372972
vt 0.170403 0.1343762
vt 0.1645608 0.1002967
vt 0.1869559 0.1635871
vt 0.1869559 0.1519027
vt 0.2200616 0.141192
vt 0.2005877 0.1080863
vt 0.2200616 0.141192
vt 0.1879296 0.1372972
vt 0.403117 0.787728
vt 0.3787745 0.7945439
vt 0.3778008 0.7526748
vt 0.4148014 0.7799383
vt 0.4274594 0.8110967
vt 0.403117 0.787728
vt 0.3865641 0.7370956
vt 0.3953274 0.7478063
vt 0.3778008 0.7526748
vt 0.0233745 0.8140178
vt 0.01461121 0.81986
vt 0.006821618 0.8140178
vt 0.4313543 0.7478063
vt 0.4391438 0.7429378
vt 0.432328 0.7779909
vt 0.006821618 0.8140178
vt 0.00584792 0.8344655
vt 0.001953125 0.8315444
vt 0.3875378 0.706911
vt 0.3865641 0.7370956
vt 0.3778008 0.7526748
vt 0.4148014 0.7799383
vt 0.432328 0.7779909
vt 0.4274594 0.8110967
vt 0.3573532 0.6786737
vt 0.3446951 0.7039899
vt 0.3398266 0.658226
vt 0.3398266 0.658226
vt 0.3670901 0.658226
vt 0.3573532 0.6786737
vt 0.5754616 0.6192781
vt 0.5365137 0.7624118
vt 0.4926973 0.7098321
vt 0.341774 0.7273586
vt 0.3446951 0.7039899
vt 0.3778008 0.7526748
vt 0.4459597 0.6591997
vt 0.4186962 0.7185954
vt 0.3875378 0.706911
vt 0.02434819 0.8354392
vt 0.0224008 0.8315444
vt 0.02921669 0.829597
vt 0.009742714 0.839334
vt 0.01169011 0.8471236
vt 0.009742714 0.8480973
vt 0.00584792 0.8344655
vt 0.006821618 0.8140178
vt 0.01071641 0.8266759
vt 0.004874221 0.8383603
vt 0.001953125 0.8315444
vt 0.00584792 0.8344655
vt 0.0224008 0.8315444
vt 0.0214271 0.8247285
vt 0.02921669 0.829597
vt 0.01169011 0.8471236
vt 0.01363751 0.8519921
vt 0.009742714 0.8480973
vt 0.01363751 0.8519921
vt 0.01169011 0.8471236
vt 0.0204534 0.8510184
vt 0.01169011 0.8471236
vt 0.01266381 0.8442025
vt 0.0204534 0.8461499
vt 0.4225909 0.7361219
vt 0.4186962 0.7185954
vt 0.4391438 0.7429378
vt 0.4391438 0.7429378
vt 0.4313543 0.7478063
vt 0.4225909 0.7361219
vt 0.009742714 0.8480973
vt 0.004874221 0.8383603
vt 0.00584792 0.8344655
vt 0.006821618 0.8549132
vt 0.004874221 0.8383603
vt 0.009742714 0.8480973
vt 0.01461121 0.839334
vt 0.0175323 0.8354392
vt 0.018506 0.8383603
vt 0.01461121 0.81986
vt 0.0233745 0.8140178
vt 0.01461121 0.8344655
vt 0.018506 0.8432288
vt 0.0204534 0.8461499
vt 0.01266381 0.8442025
vt 0.0204534 0.8510184
vt 0.01169011 0.8471236
vt 0.0204534 0.8461499
vt 0.0224008 0.8578343
vt 0.01363751 0.8519921
vt 0.0204534 0.8510184
vt 0.01461121 0.839334
vt 0.018506 0.8383603
vt 0.018506 0.8432288
vt 0.009742714 0.839334
vt 0.01071641 0.8266759
vt 0.01461121 0.8344655
vt 0.4459597 0.6591997
vt 0.5754616 0.6192781
vt 0.4926973 0.7098321
vt 0.4459597 0.6591997
vt 0.4391438 0.7429378
vt 0.4186962 0.7185954
vt 0.01461121 0.839334
vt 0.01461121 0.8344655
vt 0.0175323 0.8354392
vt 0.7526748 0.474197
vt 0.7692277 0.4849077
vt 0.7507274 0.4858814
vt 0.02434819 0.8354392
vt 0.018506 0.8432288
vt 0.018506 0.8383603
vt 0.02434819 0.8354392
vt 0.0175323 0.8354392
vt 0.0224008 0.8315444
vt 0.018506 0.8432288
vt 0.0233745 0.8383603
vt 0.0204534 0.8461499
vt 0.0175323 0.8354392
vt 0.01461121 0.8344655
vt 0.0214271 0.8247285
vt 0.0233745 0.8383603
vt 0.02921669 0.8451762
vt 0.0204534 0.8461499
vt 0.0175323 0.8354392
vt 0.02434819 0.8354392
vt 0.018506 0.8383603
vt 0.00584792 0.8344655
vt 0.009742714 0.839334
vt 0.009742714 0.8480973
vt 0.009742714 0.839334
vt 0.00584792 0.8344655
vt 0.01071641 0.8266759
vt 0.02921669 0.829597
vt 0.0214271 0.8247285
vt 0.0233745 0.8140178
vt 0.006821618 0.8549132
vt 0.009742714 0.8480973
vt 0.01363751 0.8519921
vt 0.01266381 0.8442025
vt 0.01461121 0.839334
vt 0.018506 0.8432288
vt 0.0224008 0.8578343
vt 0.006821618 0.8549132
vt 0.01363751 0.8519921
vt 0.403117 0.787728
vt 0.4274594 0.8110967
vt 0.3787745 0.7945439
vt 0.4225909 0.7361219
vt 0.3972748 0.7224902
vt 0.4186962 0.7185954
vt 0.4148014 0.7799383
vt 0.3778008 0.7526748
vt 0.4089592 0.7614381
vt 0.4089592 0.7614381
vt 0.3778008 0.7526748
vt 0.3953274 0.7478063
vt 0.3047734 0.8549132
vt 0.302826 0.8510184
vt 0.3076945 0.8510184
vt 0.0233745 0.8383603
vt 0.018506 0.8432288
vt 0.02434819 0.8354392
vt 0.01071641 0.8266759
vt 0.01461121 0.81986
vt 0.01461121 0.8344655
vt 0.3875378 0.706911
vt 0.3778008 0.7526748
vt 0.3446951 0.7039899
vt 0.02921669 0.8451762
vt 0.0204534 0.8510184
vt 0.0204534 0.8461499
vt 0.01071641 0.8266759
vt 0.006821618 0.8140178
vt 0.01461121 0.81986
vt 0.02921669 0.8451762
vt 0.0224008 0.8578343
vt 0.0204534 0.8510184
vt 0.01169011 0.8471236
vt 0.009742714 0.839334
vt 0.01266381 0.8442025
vt 0.02921669 0.8451762
vt 0.0233745 0.8383603
vt 0.02434819 0.8354392
vt 0.0214271 0.8247285
vt 0.0224008 0.8315444
vt 0.0175323 0.8354392
vt 0.02434819 0.8354392
vt 0.02921669 0.829597
vt 0.02921669 0.8451762
vt 0.0233745 0.8140178
vt 0.0214271 0.8247285
vt 0.01461121 0.8344655
vt 0.3330107 0.8471236
vt 0.3193789 0.8519921
vt 0.3135367 0.8422551
vt 0.3242474 0.8597817
vt 0.312563 0.8597817
vt 0.3076945 0.8510184
vt 0.3193789 0.8519921
vt 0.3076945 0.8510184
vt 0.3135367 0.8422551
vt 0.3047734 0.8549132
vt 0.2989312 0.8539395
vt 0.302826 0.8510184
vt 0.3076945 0.8510184
vt 0.312563 0.8597817
vt 0.3047734 0.8549132
vt 0.3096419 0.7263849
vt 0.3135367 0.706911
vt 0.341774 0.7273586
vt 0.3096419 0.7263849
vt 0.341774 0.7273586
vt 0.3096419 0.7419641
vt 0.3135367 0.8042808
vt 0.3086682 0.8140178
vt 0.3057471 0.8042808
vt 0.3174315 0.7964913
vt 0.3106156 0.7984387
vt 0.3076945 0.7955176
vt 0.3223 0.7740962
vt 0.3184052 0.7867543
vt 0.3047734 0.7721488
vt 0.3184052 0.7916228
vt 0.3174315 0.7964913
vt 0.3076945 0.7955176
vt 0.3184052 0.7867543
vt 0.3184052 0.7916228
vt 0.3086682 0.7906491
vt 0.3106156 0.7984387
vt 0.3135367 0.8042808
vt 0.3057471 0.8042808
vt 0.3086682 0.8140178
vt 0.302826 0.8081756
vt 0.3057471 0.8042808
vt 0.302826 0.8081756
vt 0.3008786 0.8003861
vt 0.3057471 0.8042808
vt 0.3261948 0.8023335
vt 0.3223 0.8091493
vt 0.3174315 0.7964913
vt 0.3076945 0.7955176
vt 0.3008786 0.8003861
vt 0.2921153 0.8023335
vt 0.2882205 0.810123
vt 0.2882205 0.8023335
vt 0.2921153 0.8023335
vt 0.3261948 0.8023335
vt 0.3310633 0.8120704
vt 0.3252211 0.810123
vt 0.3096419 0.8179126
vt 0.3086682 0.8140178
vt 0.3252211 0.810123
vt 0.3261948 0.787728
vt 0.3252211 0.7984387
vt 0.3184052 0.7916228
vt 0.312563 0.8597817
vt 0.3164578 0.8675712
vt 0.302826 0.858808
vt 0.3106156 0.7984387
vt 0.3174315 0.7964913
vt 0.3135367 0.8042808
vt 0.3184052 0.7867543
vt 0.3086682 0.7848068
vt 0.3047734 0.7721488
vt 0.3310633 0.8120704
vt 0.3135367 0.8422551
vt 0.3096419 0.8179126
vt 0.3086682 0.7906491
vt 0.3184052 0.7916228
vt 0.3076945 0.7955176
vt 0.3086682 0.7848068
vt 0.3184052 0.7867543
vt 0.3086682 0.7906491
vt 0.332037 0.7906491
vt 0.3563794 0.8042808
vt 0.3291159 0.7994124
vt 0.3261948 0.787728
vt 0.332037 0.7906491
vt 0.3291159 0.7994124
vt 0.3096419 0.8179126
vt 0.302826 0.829597
vt 0.2882205 0.829597
vt 0.3174315 0.7964913
vt 0.3223 0.8091493
vt 0.3135367 0.8042808
vt 0.3252211 0.810123
vt 0.3086682 0.8140178
vt 0.3223 0.8091493
vt 0.3008786 0.8003861
vt 0.3106156 0.7984387
vt 0.3057471 0.8042808
vt 0.3076945 0.7955176
vt 0.3106156 0.7984387
vt 0.3008786 0.8003861
vt 0.2882205 0.7994124
vt 0.3076945 0.7955176
vt 0.2921153 0.8023335
vt 0.3223 0.8091493
vt 0.3261948 0.8023335
vt 0.3252211 0.810123
vt 0.3310633 0.8120704
vt 0.3096419 0.8179126
vt 0.3252211 0.810123
vt 0.3291159 0.7994124
vt 0.3563794 0.8042808
vt 0.3310633 0.8120704
vt 0.3252211 0.7984387
vt 0.3174315 0.7964913
vt 0.3184052 0.7916228
vt 0.3223 0.7740962
vt 0.3261948 0.787728
vt 0.3184052 0.7867543
vt 0.3184052 0.7867543
vt 0.3261948 0.787728
vt 0.3184052 0.7916228
vt 0.3261948 0.8023335
vt 0.3252211 0.7984387
vt 0.3291159 0.7994124
vt 0.312563 0.8597817
vt 0.3242474 0.8597817
vt 0.3164578 0.8675712
vt 0.312563 0.8597817
vt 0.302826 0.858808
vt 0.3047734 0.8549132
vt 0.2882205 0.8159652
vt 0.3096419 0.8179126
vt 0.2882205 0.829597
vt 0.2989312 0.839334
vt 0.293089 0.8422551
vt 0.2882205 0.8383603
vt 0.2882205 0.829597
vt 0.2989312 0.839334
vt 0.2882205 0.8383603
vt 0.293089 0.8422551
vt 0.2882205 0.8480973
vt 0.2882205 0.8442025
vt 0.302826 0.8510184
vt 0.2999049 0.8500447
vt 0.2989312 0.8432288
vt 0.2960101 0.8578343
vt 0.2882205 0.8597817
vt 0.2940627 0.8539395
vt 0.3047734 0.8549132
vt 0.302826 0.858808
vt 0.2989312 0.8539395
vt 0.2960101 0.8578343
vt 0.2940627 0.8539395
vt 0.2989312 0.8539395
vt 0.2989312 0.839334
vt 0.2989312 0.8432288
vt 0.293089 0.8422551
vt 0.2940627 0.8539395
vt 0.2979575 0.8519921
vt 0.2989312 0.8539395
vt 0.2960101 0.8724397
vt 0.2960101 0.871466
vt 0.3047734 0.8743871
vt 0.3310633 0.758517
vt 0.3067208 0.7555959
vt 0.3096419 0.7419641
vt 0.3047734 0.8743871
vt 0.3047734 0.8773082
vt 0.2960101 0.8753608
vt 0.2989312 0.8480973
vt 0.2999049 0.8500447
vt 0.2989312 0.8500447
vt 0.293089 0.8422551
vt 0.2989312 0.8432288
vt 0.2960101 0.8461499
vt 0.2960101 0.849071
vt 0.2940627 0.8539395
vt 0.2921153 0.8480973
vt 0.2989312 0.839334
vt 0.302826 0.8510184
vt 0.2989312 0.8432288
vt 0.2999049 0.8500447
vt 0.302826 0.8510184
vt 0.2989312 0.8539395
vt 0.302826 0.858808
vt 0.2960101 0.8578343
vt 0.2989312 0.8539395
vt 0.2882205 0.8597817
vt 0.2882205 0.8510184
vt 0.2940627 0.8539395
vt 0.2989312 0.8539395
vt 0.2979575 0.8519921
vt 0.2999049 0.8500447
vt 0.3330107 0.7828594
vt 0.3310633 0.758517
vt 0.3563794 0.8042808
vt 0.332037 0.7906491
vt 0.3330107 0.7828594
vt 0.3563794 0.8042808
vt 0.3135367 0.8422551
vt 0.302826 0.829597
vt 0.3096419 0.8179126
vt 0.2960101 0.871466
vt 0.2882205 0.8704923
vt 0.2960101 0.8646501
vt 0.3047734 0.8724397
vt 0.2960101 0.871466
vt 0.2960101 0.8646501
vt 0.3339844 0.9649411
vt 0.3135367 0.9483882
vt 0.3631953 0.9084666
vt 0.3281422 0.8812031
vt 0.3047734 0.8821768
vt 0.3047734 0.8773082
vt 0.2960101 0.8646501
vt 0.2882205 0.8704923
vt 0.2882205 0.8597817
vt 0.2960101 0.871466
vt 0.3047734 0.8724397
vt 0.3047734 0.8743871
vt 0.3281422 0.8812031
vt 0.3145104 0.8753608
vt 0.3164578 0.8675712
vt 0.3281422 0.8812031
vt 0.3164578 0.8675712
vt 0.3242474 0.8597817
vt 0.3281422 0.8812031
vt 0.3261948 0.9084666
vt 0.3057471 0.8880189
vt 0.3437214 0.8315444
vt 0.3330107 0.8471236
vt 0.3310633 0.8120704
vt 0.4333016 0.8675712
vt 0.3602742 0.8578343
vt 0.4274594 0.8110967
vt 0.3281422 0.8812031
vt 0.3242474 0.8597817
vt 0.3330107 0.8471236
vt 0.3602742 0.8578343
vt 0.3281422 0.8812031
vt 0.3330107 0.8471236
vt 0.3563794 0.8042808
vt 0.3787745 0.7945439
vt 0.3602742 0.8578343
vt 0.3437214 0.8315444
vt 0.3310633 0.8120704
vt 0.3563794 0.8042808
vt 0.3281422 0.8812031
vt 0.3602742 0.8578343
vt 0.3631953 0.9084666
vt 0.3631953 0.9084666
vt 0.3135367 0.9483882
vt 0.3261948 0.9084666
vt 0.3252211 0.7984387
vt 0.3261948 0.8023335
vt 0.3174315 0.7964913
vt 0.3310633 0.8120704
vt 0.3261948 0.8023335
vt 0.3291159 0.7994124
vt 0.3047734 0.8743871
vt 0.3281422 0.8812031
vt 0.3047734 0.8773082
vt 0.2960101 0.8734134
vt 0.3047734 0.8743871
vt 0.2960101 0.8753608
vt 0.3310633 0.758517
vt 0.3223 0.7740962
vt 0.3047734 0.7721488
vt 0.3076945 0.7955176
vt 0.2882205 0.7994124
vt 0.2882205 0.7955176
vt 0.3076945 0.7955176
vt 0.2882205 0.7955176
vt 0.3086682 0.7906491
vt 0.302826 0.829597
vt 0.2989312 0.839334
vt 0.2882205 0.829597
vt 0.3135367 0.8422551
vt 0.2989312 0.839334
vt 0.302826 0.829597
vt 0.2960101 0.8578343
vt 0.2960101 0.8646501
vt 0.2882205 0.8597817
vt 0.3602742 0.8578343
vt 0.4333016 0.8675712
vt 0.3631953 0.9084666
vt 0.3047734 0.8724397
vt 0.3145104 0.8753608
vt 0.3047734 0.8743871
vt 0.3086682 0.7848068
vt 0.2882205 0.7916228
vt 0.2882205 0.7731225
vt 0.3086682 0.7848068
vt 0.2882205 0.7731225
vt 0.3047734 0.7721488
vt 0.3729323 0.212272
vt 0.3729323 0.1879296
vt 0.3963011 0.2093509
vt 0.3700112 0.2297986
vt 0.3602742 0.2453778
vt 0.3427477 0.2249301
vt 0.3992222 0.2434304
vt 0.3797482 0.2590096
vt 0.3904589 0.2385619
vt 0.3904589 0.2385619
vt 0.3816956 0.2366145
vt 0.3894852 0.222009
vt 0.3797482 0.2590096
vt 0.3992222 0.2434304
vt 0.3894852 0.2648517
vt 0.3904589 0.2385619
vt 0.4060381 0.219088
vt 0.3992222 0.2434304
vt 0.3992222 0.2434304
vt 0.4060381 0.219088
vt 0.4196699 0.2297986
vt 0.4196699 0.2297986
vt 0.4060381 0.219088
vt 0.4148014 0.2074035
vt 0.3904589 0.2385619
vt 0.3894852 0.222009
vt 0.4060381 0.219088
vt 0.3816956 0.2366145
vt 0.3904589 0.2385619
vt 0.3748797 0.2502463
vt 0.9639674 0.160666
vt 0.939625 0.1684556
vt 0.9269668 0.1304814
vt 0.7234638 0.2229827
vt 0.7273586 0.1626134
vt 0.7370957 0.1635871
vt 0.8344655 0.1392446
vt 0.829597 0.1752715
vt 0.8072019 0.1694293
vt 0.9367039 0.2249301
vt 0.9230721 0.2288249
vt 0.939625 0.1684556
vt 0.8636764 0.1392446
vt 0.8646501 0.1528764
vt 0.8344655 0.1392446
vt 0.2882205 0.6377784
vt 0.2882205 0.5725405
vt 0.3232737 0.5813038
vt 0.9775992 0.219088
vt 0.9367039 0.2249301
vt 0.9639674 0.160666
vt 0.3232737 0.5813038
vt 0.2882205 0.4849077
vt 0.3709849 0.5092502
vt 0.9659148 0.1363236
vt 0.9639674 0.160666
vt 0.9269668 0.1304814
vt 0.7478063 0.18014
vt 0.7370957 0.1635871
vt 0.7497537 0.1548238
vt 0.7867543 0.1713767
vt 0.7887017 0.1402183
vt 0.8072019 0.1694293
vt 0.8110967 0.1392446
vt 0.8344655 0.1392446
vt 0.8072019 0.1694293
vt 0.9026244 0.2327197
vt 0.9084666 0.170403
vt 0.939625 0.1684556
vt 0.312563 0.6329099
vt 0.3174315 0.6611471
vt 0.2882205 0.6377784
vt 0.3291159 0.6309625
vt 0.3232737 0.5813038
vt 0.3466425 0.5861723
vt 0.3719586 0.6085674
vt 0.4459597 0.6591997
vt 0.3670901 0.658226
vt 0.222009 0.2200616
vt 0.2015614 0.2112983
vt 0.1986403 0.1918244
vt 0.1392446 0.1879296
vt 0.1762452 0.2083772
vt 0.1392446 0.2044824
vt 0.4021433 0.150929
vt 0.3855904 0.10906
vt 0.4011696 0.1051652
vt 0.3164578 0.1859822
vt 0.3261948 0.1596923
vt 0.3476162 0.1655345
vt 0.222009 0.1694293
vt 0.2667992 0.1684556
vt 0.2531674 0.18014
vt 0.3018523 0.1626134
vt 0.3261948 0.1596923
vt 0.3164578 0.1859822
vt 0.3729323 0.08861232
vt 0.4011696 0.1051652
vt 0.3855904 0.10906
vt 0.3018523 0.1626134
vt 0.3203526 0.121718
vt 0.3261948 0.1596923
vt 0.2044825 0.2268775
vt 0.2210353 0.2346671
vt 0.2142194 0.2405093
vt 0.2044825 0.2268775
vt 0.2015614 0.2112983
vt 0.222009 0.2200616
vt 0.1918244 0.2103246
vt 0.1820874 0.2327197
vt 0.1762452 0.2083772
vt 0.9162562 0.4722496
vt 0.9016507 0.4586178
vt 0.9318354 0.4371964
vt 0.878282 0.4683548
vt 0.8442025 0.4625126
vt 0.8724397 0.4401175
vt 0.716648 0.4518019
vt 0.7302797 0.4498545
vt 0.7370957 0.4664074
vt 0.6523839 0.9775992
vt 0.6231729 0.9844151
vt 0.6241466 0.9746781
vt 0.8130441 0.4654337
vt 0.8062282 0.454723
vt 0.8208337 0.4625126
vt 0.8724397 0.4401175
vt 0.8480973 0.4303805
vt 0.8695186 0.4099329
vt 0.9016507 0.4586178
vt 0.8967822 0.4878288
vt 0.878282 0.4683548
vt 0.8315444 0.4079854
vt 0.8510184 0.3972748
vt 0.8480973 0.4303805
vt 0.7380694 0.4469334
vt 0.7546222 0.4625126
vt 0.7302797 0.4498545
vt 0.9016507 0.4586178
vt 0.878282 0.4683548
vt 0.9016507 0.4196699
vt 0.9016507 0.4196699
vt 0.9318354 0.4371964
vt 0.9016507 0.4586178
vt 0.7312534 0.4099329
vt 0.716648 0.4518019
vt 0.6903581 0.4245384
vt 0.8442025 0.4625126
vt 0.8480973 0.4303805
vt 0.8724397 0.4401175
vt 0.7244375 0.4761444
vt 0.716648 0.4518019
vt 0.7370957 0.4664074
vt 0.7409904 0.4995131
vt 0.7244375 0.4761444
vt 0.7507274 0.4858814
vt 0.7857805 0.4527756
vt 0.7721488 0.4556967
vt 0.7750699 0.4040907
vt 0.8247285 0.444986
vt 0.8208337 0.4625126
vt 0.8062282 0.454723
vt 0.8247285 0.444986
vt 0.8442025 0.4625126
vt 0.8208337 0.4625126
vt 0.4508282 0.2745888
vt 0.4469334 0.2891942
vt 0.4420649 0.280431
vt 0.810123 0.3388529
vt 0.829597 0.3369055
vt 0.8257022 0.3855904
vt 0.7176217 0.2755625
vt 0.729306 0.3495635
vt 0.7010688 0.354432
vt 0.8812031 0.3466424
vt 0.8549132 0.3398266
vt 0.9016507 0.2872468
vt 0.5754616 0.9649411
vt 0.5861723 0.9737044
vt 0.5666984 0.9766255
vt 0.7526748 0.474197
vt 0.7370957 0.4664074
vt 0.7546222 0.4625126
vt 0.8442025 0.4625126
vt 0.8432288 0.4829603
vt 0.8218074 0.4761444
vt 0.596883 0.9639674
vt 0.5754616 0.9649411
vt 0.5861723 0.952283
vt 0.7244375 0.4761444
vt 0.7370957 0.4664074
vt 0.7507274 0.4858814
vt 0.8247285 0.444986
vt 0.8480973 0.4303805
vt 0.8442025 0.4625126
vt 0.7750699 0.4040907
vt 0.7546222 0.4420649
vt 0.7312534 0.4099329
vt 0.3047734 0.7721488
vt 0.2882205 0.7731225
vt 0.2882205 0.7555959
vt 0.4732233 0.2395356
vt 0.4518019 0.2405093
vt 0.4537493 0.2288249
vt 0.3047734 0.8743871
vt 0.3145104 0.8753608
vt 0.3281422 0.8812031
vt 0.9318354 0.4371964
vt 0.9016507 0.4196699
vt 0.9094403 0.4011696
vt 0.8597817 0.2599833
vt 0.8597817 0.2843257
vt 0.8344655 0.2823783
vt 0.7984387 0.2239564
vt 0.7916228 0.2755625
vt 0.768254 0.2726414
vt 0.920151 0.2560885
vt 0.9230721 0.2288249
vt 0.9367039 0.2249301
vt 0.9795466 0.2843257
vt 0.939625 0.283352
vt 0.9367039 0.2249301
vt 0.939625 0.1684556
vt 0.9084666 0.170403
vt 0.9269668 0.1304814
vt 0.9367039 0.2249301
vt 0.939625 0.1684556
vt 0.9639674 0.160666
vt 0.8072019 0.1694293
vt 0.829597 0.1752715
vt 0.8305707 0.2278512
vt 0.7370957 0.1635871
vt 0.7273586 0.1626134
vt 0.7322271 0.1265866
vt 0.9026244 0.2327197
vt 0.8597817 0.1850085
vt 0.9084666 0.170403
vt 0.8110967 0.1392446
vt 0.8023334 0.128534
vt 0.8140178 0.09932297
vt 0.9094403 0.1139285
vt 0.9026244 0.09640187
vt 0.9211247 0.09737557
vt 0.8997033 0.1314551
vt 0.8617291 0.1178232
vt 0.8860715 0.09542817
vt 0.9269668 0.1304814
vt 0.9211247 0.09737557
vt 0.9513093 0.1139285
vt 0.871466 0.03700626
vt 0.8958085 0.03797996
vt 0.8889926 0.05842763
vt 0.9026244 0.09640187
vt 0.8802294 0.07303315
vt 0.8889926 0.05842763
vt 0.8227811 0.04284847
vt 0.829597 0.06621724
vt 0.8023334 0.08082271
vt 0.858808 0.08179641
vt 0.8549132 0.0749805
vt 0.8802294 0.07303315
vt 0.829597 0.06621724
vt 0.8403077 0.08374381
vt 0.8140178 0.09932297
vt 0.8227811 0.04284847
vt 0.871466 0.03700626
vt 0.8646501 0.05258548
vt 0.9084666 0.05550653
vt 0.8889926 0.05842763
vt 0.8958085 0.03797996
vt 0.4391438 0.2570622
vt 0.4342753 0.2736151
vt 0.4216173 0.2658255
vt 0.3894852 0.2648517
vt 0.3992222 0.2434304
vt 0.4079855 0.2531674
vt 0.4732233 0.2132457
vt 0.4732233 0.2307723
vt 0.4537493 0.2288249
vt 0.3086682 0.7906491
vt 0.2882205 0.7955176
vt 0.2882205 0.7916228
vt 0.364169 0.7555959
vt 0.3787745 0.7945439
vt 0.3310633 0.758517
vt 0.4216173 0.2658255
vt 0.4216173 0.2823783
vt 0.4011696 0.2823783
vt 0.4294069 0.2434304
vt 0.4216173 0.2658255
vt 0.4079855 0.2531674
vt 0.454723 0.2132457
vt 0.435249 0.2210353
vt 0.4284332 0.2005876
vt 0.4391438 0.2327197
vt 0.4294069 0.2434304
vt 0.4196699 0.2297986
vt 0.4888025 0.332037
vt 0.3875378 0.4615389
vt 0.2891942 0.2356408
vt 0.3252211 0.2035087
vt 0.3476162 0.1655345
vt 0.3729323 0.1879296
vt 0.4021433 0.150929
vt 0.4245383 0.1372972
vt 0.4313543 0.1850085
vt 0.3729323 0.212272
vt 0.3427477 0.2249301
vt 0.3729323 0.1879296
vt 0.4401175 0.2434304
vt 0.4518019 0.2405093
vt 0.4498545 0.2580359
vt 0.4537493 0.2288249
vt 0.4391438 0.2327197
vt 0.435249 0.2210353
vt 0.2375882 0.2005876
vt 0.222009 0.2200616
vt 0.1986403 0.1918244
vt 0.202535 0.1811137
vt 0.2531674 0.18014
vt 0.2375882 0.2005876
vt 0.4625126 0.283352
vt 0.4469334 0.2891942
vt 0.4508282 0.2745888
vt 0.9775992 0.219088
vt 0.981494 0.2375882
vt 0.9367039 0.2249301
vt 0.2366145 0.1334025
vt 0.2755625 0.1450868
vt 0.2200616 0.141192
vt 0.1889033 0.08861232
vt 0.2005877 0.1080863
vt 0.1879296 0.1372972
vt 0.3232737 0.5813038
vt 0.2882205 0.5725405
vt 0.2882205 0.4849077
vt 0.780912 0.3408003
vt 0.7906491 0.3398266
vt 0.7925965 0.3875378
vt 0.7925965 0.3875378
vt 0.8003861 0.4021433
vt 0.7750699 0.4040907
vt 0.8257022 0.3855904
vt 0.8003861 0.4021433
vt 0.7925965 0.3875378
vt 0.6747789 0.3563794
vt 0.6708841 0.2590096
vt 0.6786737 0.3145104
vt 0.8257022 0.3855904
vt 0.8315444 0.4079854
vt 0.8003861 0.4021433
vt 0.8510184 0.3972748
vt 0.8549132 0.3398266
vt 0.8734134 0.3914326
vt 0.9016507 0.2872468
vt 0.939625 0.283352
vt 0.9094403 0.4011696
vt 0.5754616 0.6192781
vt 0.4177225 0.5404085
vt 0.5102239 0.4342753
vt 0.7312534 0.4099329
vt 0.7302797 0.4498545
vt 0.716648 0.4518019
vt 0.596883 0.9639674
vt 0.6105148 0.9639674
vt 0.60662 0.9737044
vt 0.7692277 0.4849077
vt 0.7818857 0.4683548
vt 0.7955176 0.4693285
vt 0.7945439 0.4294068
vt 0.7857805 0.4527756
vt 0.7750699 0.4040907
vt 0.7770173 0.4634863
vt 0.7857805 0.4527756
vt 0.7887017 0.4586178
vt 0.9162562 0.4722496
vt 0.8967822 0.4878288
vt 0.9016507 0.4586178
vt 0.7546222 0.4625126
vt 0.7370957 0.4664074
vt 0.7302797 0.4498545
vt 0.8208337 0.4625126
vt 0.8442025 0.4625126
vt 0.8218074 0.4761444
vt 0.6095411 0.9513093
vt 0.6105148 0.9639674
vt 0.5861723 0.952283
vt 0.878282 0.4683548
vt 0.8724397 0.4401175
vt 0.9016507 0.4196699
vt 0.7945439 0.4294068
vt 0.8003861 0.4021433
vt 0.8091493 0.4284331
vt 0.3330107 0.7828594
vt 0.3223 0.7740962
vt 0.3310633 0.758517
vt 0.3067208 0.7555959
vt 0.3310633 0.758517
vt 0.3047734 0.7721488
vt 0.4537493 0.2288249
vt 0.4732233 0.2307723
vt 0.4732233 0.2395356
vt 0.3291159 0.7994124
vt 0.3252211 0.7984387
vt 0.3261948 0.787728
vt 0.6923055 0.4011696
vt 0.7312534 0.4099329
vt 0.6903581 0.4245384
vt 0.8257022 0.3855904
vt 0.8510184 0.3972748
vt 0.8315444 0.4079854
vt 0.9094403 0.4011696
vt 0.9016507 0.4196699
vt 0.8734134 0.3914326
vt 0.9532567 0.4294068
vt 0.9318354 0.4371964
vt 0.9094403 0.4011696
vt 0.3154841 0.6845159
vt 0.2882205 0.6660156
vt 0.3174315 0.6611471
vt 0.8344655 0.2823783
vt 0.8305707 0.2278512
vt 0.8597817 0.2599833
vt 0.7731225 0.2200616
vt 0.7984387 0.2239564
vt 0.768254 0.2726414
vt 0.939625 0.283352
vt 0.920151 0.2560885
vt 0.9367039 0.2249301
vt 0.981494 0.2375882
vt 0.9795466 0.2843257
vt 0.9367039 0.2249301
vt 0.7984387 0.2239564
vt 0.8305707 0.2278512
vt 0.7916228 0.2755625
vt 0.6903581 0.1811137
vt 0.6718578 0.1947455
vt 0.6543313 0.1168495
vt 0.9659148 0.1363236
vt 0.9775992 0.219088
vt 0.9639674 0.160666
vt 0.8305707 0.2278512
vt 0.7984387 0.2239564
vt 0.8072019 0.1694293
vt 0.829597 0.1752715
vt 0.8344655 0.1392446
vt 0.8597817 0.1850085
vt 0.6864633 0.1178232
vt 0.7322271 0.1265866
vt 0.7078847 0.1343762
vt 0.7604644 0.1041915
vt 0.7789647 0.1032178
vt 0.7497537 0.1304814
vt 0.9211247 0.09737557
vt 0.9269668 0.1304814
vt 0.9094403 0.1139285
vt 0.8636764 0.1392446
vt 0.8617291 0.1178232
vt 0.8997033 0.1314551
vt 0.9659148 0.1363236
vt 0.9269668 0.1304814
vt 0.9513093 0.1139285
vt 0.8403077 0.08374381
vt 0.8432288 0.1022441
vt 0.8140178 0.09932297
vt 0.8617291 0.1002967
vt 0.8432288 0.1022441
vt 0.858808 0.08179641
vt 0.8860715 0.09542817
vt 0.8802294 0.07303315
vt 0.9026244 0.09640187
vt 0.7789647 0.07303315
vt 0.777991 0.05550653
vt 0.7925965 0.09542817
vt 0.8140178 0.09932297
vt 0.8023334 0.1051652
vt 0.8023334 0.08082271
vt 0.9220984 0.08471751
vt 0.9513093 0.1139285
vt 0.9211247 0.09737557
vt 0.8646501 0.05258548
vt 0.871466 0.03700626
vt 0.8889926 0.05842763
vt 0.8646501 0.05258548
vt 0.8889926 0.05842763
vt 0.8802294 0.07303315
vt 0.9220984 0.08471751
vt 0.9211247 0.09737557
vt 0.8889926 0.05842763
vt 0.777991 0.05550653
vt 0.8227811 0.04284847
vt 0.8023334 0.08082271
vt 0.8442025 0.06134874
vt 0.8646501 0.05258548
vt 0.8549132 0.0749805
vt 0.8023334 0.08082271
vt 0.829597 0.06621724
vt 0.8140178 0.09932297
vt 0.8442025 0.06134874
vt 0.829597 0.06621724
vt 0.8227811 0.04284847
vt 0.7702014 0.07011205
vt 0.7789647 0.07303315
vt 0.7419641 0.1041915
vt 0.3203526 0.121718
vt 0.3018523 0.1626134
vt 0.3037997 0.1158759
vt 0.8763345 0.01363748
vt 0.8958085 0.03797996
vt 0.871466 0.03700626
vt 0.8227811 0.04284847
vt 0.8130441 0.02921671
vt 0.8325181 0.02824301
vt 0.8130441 0.02921671
vt 0.8227811 0.04284847
vt 0.777991 0.05550653
vt 0.2200616 0.141192
vt 0.2755625 0.1450868
vt 0.2278512 0.1557975
vt 0.3729323 0.08861232
vt 0.3213263 0.05842763
vt 0.3846167 0.05355918
vt 0.2278512 0.1557975
vt 0.1869559 0.1635871
vt 0.2200616 0.141192
vt 0.4391438 0.2327197
vt 0.4401175 0.2434304
vt 0.4294069 0.2434304
vt 0.4216173 0.2658255
vt 0.4342753 0.2736151
vt 0.4216173 0.2823783
vt 0.4342753 0.2492726
vt 0.4391438 0.2570622
vt 0.4216173 0.2658255
vt 0.4011696 0.2823783
vt 0.3894852 0.2648517
vt 0.4079855 0.2531674
vt 0.189877 0.02824301
vt 0.1918244 0.001953125
vt 0.2181142 0.003900528
vt 0.3261948 0.9084666
vt 0.3281422 0.8812031
vt 0.3631953 0.9084666
vt 0.3330107 0.8471236
vt 0.3242474 0.8597817
vt 0.3193789 0.8519921
vt 0.4274594 0.8110967
vt 0.3602742 0.8578343
vt 0.3787745 0.7945439
vt 0.3242474 0.8597817
vt 0.3076945 0.8510184
vt 0.3193789 0.8519921
vt 0.3145104 0.8753608
vt 0.3047734 0.8724397
vt 0.3164578 0.8675712
vt 0.2960101 0.8753608
vt 0.2950364 0.8773082
vt 0.2882205 0.8743871
vt 0.4284332 0.2005876
vt 0.435249 0.2210353
vt 0.4148014 0.2074035
vt 0.454723 0.2132457
vt 0.4732233 0.2132457
vt 0.4537493 0.2288249
vt 0.3086682 0.7848068
vt 0.3086682 0.7906491
vt 0.2882205 0.7916228
vt 0.3563794 0.8042808
vt 0.3310633 0.758517
vt 0.3787745 0.7945439
vt 0.364169 0.7555959
vt 0.341774 0.7273586
vt 0.3778008 0.7526748
vt 0.4060381 0.219088
vt 0.3894852 0.222009
vt 0.3963011 0.2093509
vt 0.3992222 0.2434304
vt 0.4196699 0.2297986
vt 0.4079855 0.2531674
vt 0.4079855 0.2531674
vt 0.4216173 0.2658255
vt 0.4011696 0.2823783
vt 0.4196699 0.2297986
vt 0.4294069 0.2434304
vt 0.4079855 0.2531674
vt 0.4313543 0.1850085
vt 0.4732233 0.1850085
vt 0.454723 0.2132457
vt 0.4196699 0.2297986
vt 0.4284332 0.2249301
vt 0.4391438 0.2327197
vt 0.432328 0.7779909
vt 0.4391438 0.7429378
vt 0.4995131 0.8052545
vt 0.3573532 0.6786737
vt 0.3875378 0.706911
vt 0.3446951 0.7039899
vt 0.3719586 0.6085674
vt 0.4177225 0.5404085
vt 0.4459597 0.6591997
vt 0.5754616 0.6192781
vt 0.4459597 0.6591997
vt 0.4177225 0.5404085
vt 0.3213263 0.05842763
vt 0.3729323 0.08861232
vt 0.3145104 0.079849
vt 0.3310633 0.03019041
vt 0.3846167 0.05355918
vt 0.3213263 0.05842763
vt 0.3709849 0.5092502
vt 0.2882205 0.4849077
vt 0.3875378 0.4615389
vt 0.2882205 0.6660156
vt 0.2882205 0.6377784
vt 0.3174315 0.6611471
vt 0.3446951 0.7039899
vt 0.3135367 0.706911
vt 0.3154841 0.6845159
vt 0.4284332 0.2249301
vt 0.435249 0.2210353
vt 0.4391438 0.2327197
vt 0.3252211 0.2035087
vt 0.3164578 0.1859822
vt 0.3476162 0.1655345
vt 0.202535 0.1811137
vt 0.222009 0.1694293
vt 0.2531674 0.18014
vt 0.3476162 0.1655345
vt 0.383643 0.1548238
vt 0.3729323 0.1879296
vt 0.3427477 0.2249301
vt 0.3252211 0.2035087
vt 0.3729323 0.1879296
vt 0.4021433 0.150929
vt 0.4157751 0.189877
vt 0.3982485 0.1879296
vt 0.383643 0.1548238
vt 0.3982485 0.1879296
vt 0.3729323 0.1879296
vt 0.4284332 0.2005876
vt 0.4148014 0.2074035
vt 0.4157751 0.189877
vt 0.4391438 0.2570622
vt 0.4401175 0.2434304
vt 0.4498545 0.2580359
vt 0.454723 0.2132457
vt 0.4537493 0.2288249
vt 0.435249 0.2210353
vt 0.1986403 0.1918244
vt 0.202535 0.1811137
vt 0.2375882 0.2005876
usemtl Material 2
f 1347/1347/1347 1346/1346/1346 1345/1345/1345
f 1350/1350/1350 1349/1349/1349 1348/1348/1348
f 1353/1353/1353 1352/1352/1352 1351/1351/1351
f 1356/1356/1356 1355/1355/1355 1354/1354/1354
f 1359/1359/1359 1358/1358/1358 1357/1357/1357
f 1362/1362/1362 1361/1361/1361 1360/1360/1360
f 1365/1365/1365 1364/1364/1364 1363/1363/1363
f 1368/1368/1368 1367/1367/1367 1366/1366/1366
f 1371/1371/1371 1370/1370/1370 1369/1369/1369
f 1374/1374/1374 1373/1373/1373 1372/1372/1372
f 1377/1377/1377 1376/1376/1376 1375/1375/1375
f 1380/1380/1380 1379/1379/1379 1378/1378/1378
f 1383/1383/1383 1382/1382/1382 1381/1381/1381
f 1386/1386/1386 1385/1385/1385 1384/1384/1384
f 1389/1389/1389 1388/1388/1388 1387/1387/1387
f 1392/1392/1392 1391/1391/1391 1390/1390/1390
f 1395/1395/1395 1394/1394/1394 1393/1393/1393
f 1398/1398/1398 1397/1397/1397 1396/1396/1396
f 1401/1401/1401 1400/1400/1400 1399/1399/1399
f 1404/1404/1404 1403/1403/1403 1402/1402/1402
f 1407/1407/1407 1406/1406/1406 1405/1405/1405
f 1410/1410/1410 1409/1409/1409 1408/1408/1408
f 1413/1413/1413 1412/1412/1412 1411/1411/1411
f 1416/1416/1416 1415/1415/1415 1414/1414/1414
f 1419/1419/1419 1418/1418/1418 1417/1417/1417
f 1422/1422/1422 1421/1421/1421 1420/1420/1420
f 1425/1425/1425 1424/1424/1424 1423/1423/1423
f 1428/1428/1428 1427/1427/1427 1426/1426/1426
f 1431/1431/1431 1430/1430/1430 1429/1429/1429
f 1434/1434/1434 1433/1433/1433 1432/1432/1432
f 1437/1437/1437 1436/1436/1436 1435/1435/1435
f 1440/1440/1440 1439/1439/1439 1438/1438/1438
f 1443/1443/1443 1442/1442/1442 1441/1441/1441
f 1446/1446/1446 1445/1445/1445 1444/1444/1444
f 1449/1449/1449 1448/1448/1448 1447/1447/1447
f 1452/1452/1452 1451/1451/1451 1450/1450/1450
f 1455/1455/1455 1454/1454/1454 1453/1453/1453
f 1458/1458/1458 1457/1457/1457 1456/1456/1456
f 1461/1461/1461 1460/1460/1460 1459/1459/1459
f 1464/1464/1464 1463/1463/1463 1462/1462/1462
f 1467/1467/1467 1466/1466/1466 1465/1465/1465
f 1470/1470/1470 1469/1469/1469 1468/1468/1468
f 1473/1473/1473 1472/1472/1472 1471/1471/1471
f 1476/1476/1476 1475/1475/1475 1474/1474/1474
f 1479/1479/1479 1478/1478/1478 1477/1477/1477
f 1482/1482/1482 1481/1481/1481 1480/1480/1480
f 1485/1485/1485 1484/1484/1484 1483/1483/1483
f 1488/1488/1488 1487/1487/1487 1486/1486/1486
f 1491/1491/1491 1490/1490/1490 1489/1489/1489
f 1494/1494/1494 1493/1493/1493 1492/1492/1492
f 1497/1497/1497 1496/1496/1496 1495/1495/1495
f 1500/1500/1500 1499/1499/1499 1498/1498/1498
f 1503/1503/1503 1502/1502/1502 1501/1501/1501
f 1506/1506/1506 1505/1505/1505 1504/1504/1504
f 1509/1509/1509 1508/1508/1508 1507/1507/1507
f 1512/1512/1512 1511/1511/1511 1510/1510/1510
f 1515/1515/1515 1514/1514/1514 1513/1513/1513
f 1518/1518/1518 1517/1517/1517 1516/1516/1516
f 1521/1521/1521 1520/1520/1520 1519/1519/1519
f 1524/1524/1524 1523/1523/1523 1522/1522/1522
f 1527/1527/1527 1526/1526/1526 1525/1525/1525
f 1530/1530/1530 1529/1529/1529 1528/1528/1528
f 1533/1533/1533 1532/1532/1532 1531/1531/1531
f 1536/1536/1536 1535/1535/1535 1534/1534/1534
f 1539/1539/1539 1538/1538/1538 1537/1537/1537
f 1542/1542/1542 1541/1541/1541 1540/1540/1540
f 1545/1545/1545 1544/1544/1544 1543/1543/1543
f 1548/1548/1548 1547/1547/1547 1546/1546/1546
f 1551/1551/1551 1550/1550/1550 1549/1549/1549
f 1554/1554/1554 1553/1553/1553 1552/1552/1552
f 1557/1557/1557 1556/1556/1556 1555/1555/1555
f 1560/1560/1560 1559/1559/1559 1558/1558/1558
f 1563/1563/1563 1562/1562/1562 1561/1561/1561
f 1566/1566/1566 1565/1565/1565 1564/1564/1564
f 1569/1569/1569 1568/1568/1568 1567/1567/1567
f 1572/1572/1572 1571/1571/1571 1570/1570/1570
f 1575/1575/1575 1574/1574/1574 1573/1573/1573
f 1578/1578/1578 1577/1577/1577 1576/1576/1576
f 1581/1581/1581 1580/1580/1580 1579/1579/1579
f 1584/1584/1584 1583/1583/1583 1582/1582/1582
f 1587/1587/1587 1586/1586/1586 1585/1585/1585
f 1590/1590/1590 1589/1589/1589 1588/1588/1588
f 1593/1593/1593 1592/1592/1592 1591/1591/1591
f 1596/1596/1596 1595/1595/1595 1594/1594/1594
f 1599/1599/1599 1598/1598/1598 1597/1597/1597
f 1602/1602/1602 1601/1601/1601 1600/1600/1600
f 1605/1605/1605 1604/1604/1604 1603/1603/1603
f 1608/1608/1608 1607/1607/1607 1606/1606/1606
f 1611/1611/1611 1610/1610/1610 1609/1609/1609
f 1614/1614/1614 1613/1613/1613 1612/1612/1612
f 1617/1617/1617 1616/1616/1616 1615/1615/1615
f 1620/1620/1620 1619/1619/1619 1618/1618/1618
f 1623/1623/1623 1622/1622/1622 1621/1621/1621
f 1626/1626/1626 1625/1625/1625 1624/1624/1624
f 1629/1629/1629 1628/1628/1628 1627/1627/1627
f 1632/1632/1632 1631/1631/1631 1630/1630/1630
f 1635/1635/1635 1634/1634/1634 1633/1633/1633
f 1638/1638/1638 1637/1637/1637 1636/1636/1636
f 1641/1641/1641 1640/1640/1640 1639/1639/1639
f 1644/1644/1644 1643/1643/1643 1642/1642/1642
f 1647/1647/1647 1646/1646/1646 1645/1645/1645
f 1650/1650/1650 1649/1649/1649 1648/1648/1648
f 1653/1653/1653 1652/1652/1652 1651/1651/1651
f 1656/1656/1656 1655/1655/1655 1654/1654/1654
f 1659/1659/1659 1658/1658/1658 1657/1657/1657
f 1662/1662/1662 1661/1661/1661 1660/1660/1660
f 1665/1665/1665 1664/1664/1664 1663/1663/1663
f 1668/1668/1668 1667/1667/1667 1666/1666/1666
f 1671/1671/1671 1670/1670/1670 1669/1669/1669
f 1674/1674/1674 1673/1673/1673 1672/1672/1672
f 1677/1677/1677 1676/1676/1676 1675/1675/1675
f 1680/1680/1680 1679/1679/1679 1678/1678/1678
f 1683/1683/1683 1682/1682/1682 1681/1681/1681
f 1686/1686/1686 1685/1685/1685 1684/1684/1684
f 1689/1689/1689 1688/1688/1688 1687/1687/1687
f 1692/1692/1692 1691/1691/1691 1690/1690/1690
f 1695/1695/1695 1694/1694/1694 1693/1693/1693
f 1698/1698/1698 1697/1697/1697 1696/1696/1696
f 1701/1701/1701 1700/1700/1700 1699/1699/1699
f 1704/1704/1704 1703/1703/1703 1702/1702/1702
f 1707/1707/1707 1706/1706/1706 1705/1705/1705
f 1710/1710/1710 1709/1709/1709 1708/1708/1708
f 1713/1713/1713 1712/1712/1712 1711/1711/1711
f 1716/1716/1716 1715/1715/1715 1714/1714/1714
f 1719/1719/1719 1718/1718/1718 1717/1717/1717
f 1722/1722/1722 1721/1721/1721 1720/1720/1720
f 1725/1725/1725 1724/1724/1724 1723/1723/1723
f 1728/1728/1728 1727/1727/1727 1726/1726/1726
f 1731/1731/1731 1730/1730/1730 1729/1729/1729
f 1734/1734/1734 1733/1733/1733 1732/1732/1732
f 1737/1737/1737 1736/1736/1736 1735/1735/1735
f 1740/1740/1740 1739/1739/1739 1738/1738/1738
f 1743/1743/1743 1742/1742/1742 1741/1741/1741
f 1746/1746/1746 1745/1745/1745 1744/1744/1744
f 1749/1749/1749 1748/1748/1748 1747/1747/1747
f 1752/1752/1752 1751/1751/1751 1750/1750/1750
f 1755/1755/1755 1754/1754/1754 1753/1753/1753
f 1758/1758/1758 1757/1757/1757 1756/1756/1756
f 1761/1761/1761 1760/1760/1760 1759/1759/1759
f 1764/1764/1764 1763/1763/1763 1762/1762/1762
f 1767/1767/1767 1766/1766/1766 1765/1765/1765
f 1770/1770/1770 1769/1769/1769 1768/1768/1768
f 1773/1773/1773 1772/1772/1772 1771/1771/1771
f 1776/1776/1776 1775/1775/1775 1774/1774/1774
f 1779/1779/1779 1778/1778/1778 1777/1777/1777
f 1782/1782/1782 1781/1781/1781 1780/1780/1780
f 1785/1785/1785 1784/1784/1784 1783/1783/1783
f 1788/1788/1788 1787/1787/1787 1786/1786/1786
f 1791/1791/1791 1790/1790/1790 1789/1789/1789
f 1794/1794/1794 1793/1793/1793 1792/1792/1792
f 1797/1797/1797 1796/1796/1796 1795/1795/1795
f 1800/1800/1800 1799/1799/1799 1798/1798/1798
f 1803/1803/1803 1802/1802/1802 1801/1801/1801
f 1806/1806/1806 1805/1805/1805 1804/1804/1804
f 1809/1809/1809 1808/1808/1808 1807/1807/1807
f 1812/1812/1812 1811/1811/1811 1810/1810/1810
f 1815/1815/1815 1814/1814/1814 1813/1813/1813
f 1818/1818/1818 1817/1817/1817 1816/1816/1816
f 1821/1821/1821 1820/1820/1820 1819/1819/1819
f 1824/1824/1824 1823/1823/1823 1822/1822/1822
f 1827/1827/1827 1826/1826/1826 1825/1825/1825
f 1830/1830/1830 1829/1829/1829 1828/1828/1828
f 1833/1833/1833 1832/1832/1832 1831/1831/1831
f 1836/1836/1836 1835/1835/1835 1834/1834/1834
f 1839/1839/1839 1838/1838/1838 1837/1837/1837
f 1842/1842/1842 1841/1841/1841 1840/1840/1840
f 1845/1845/1845 1844/1844/1844 1843/1843/1843
f 1848/1848/1848 1847/1847/1847 1846/1846/1846
f 1851/1851/1851 1850/1850/1850 1849/1849/1849
f 1854/1854/1854 1853/1853/1853 1852/1852/1852
f 1857/1857/1857 1856/1856/1856 1855/1855/1855
f 1860/1860/1860 1859/1859/1859 1858/1858/1858
f 1863/1863/1863 1862/1862/1862 1861/1861/1861
f 1866/1866/1866 1865/1865/1865 1864/1864/1864
f 1869/1869/1869 1868/1868/1868 1867/1867/1867
f 1872/1872/1872 1871/1871/1871 1870/1870/1870
f 1875/1875/1875 1874/1874/1874 1873/1873/1873
f 1878/1878/1878 1877/1877/1877 1876/1876/1876
f 1881/1881/1881 1880/1880/1880 1879/1879/1879
f 1884/1884/1884 1883/1883/1883 1882/1882/1882
f 1887/1887/1887 1886/1886/1886 1885/1885/1885
f 1890/1890/1890 1889/1889/1889 1888/1888/1888
f 1893/1893/1893 1892/1892/1892 1891/1891/1891
f 1896/1896/1896 1895/1895/1895 1894/1894/1894
f 1899/1899/1899 1898/1898/1898 1897/1897/1897
f 1902/1902/1902 1901/1901/1901 1900/1900/1900
f 1905/1905/1905 1904/1904/1904 1903/1903/1903
f 1908/1908/1908 1907/1907/1907 1906/1906/1906
f 1911/1911/1911 1910/1910/1910 1909/1909/1909
f 1914/1914/1914 1913/1913/1913 1912/1912/1912
f 1917/1917/1917 1916/1916/1916 1915/1915/1915
f 1920/1920/1920 1919/1919/1919 1918/1918/1918
f 1923/1923/1923 1922/1922/1922 1921/1921/1921
f 1926/1926/1926 1925/1925/1925 1924/1924/1924
f 1929/1929/1929 1928/1928/1928 1927/1927/1927
f 1932/1932/1932 1931/1931/1931 1930/1930/1930
f 1935/1935/1935 1934/1934/1934 1933/1933/1933
f 1938/1938/1938 1937/1937/1937 1936/1936/1936
f 1941/1941/1941 1940/1940/1940 1939/1939/1939
f 1944/1944/1944 1943/1943/1943 1942/1942/1942
f 1947/1947/1947 1946/1946/1946 1945/1945/1945
f 1950/1950/1950 1949/1949/1949 1948/1948/1948
f 1953/1953/1953 1952/1952/1952 1951/1951/1951
f 1956/1956/1956 1955/1955/1955 1954/1954/1954
f 1959/1959/1959 1958/1958/1958 1957/1957/1957
f 1962/1962/1962 1961/1961/1961 1960/1960/1960
f 1965/1965/1965 1964/1964/1964 1963/1963/1963
f 1968/1968/1968 1967/1967/1967 1966/1966/1966
f 1971/1971/1971 1970/1970/1970 1969/1969/1969
f 1974/1974/1974 1973/1973/1973 1972/1972/1972
f 1977/1977/1977 1976/1976/1976 1975/1975/1975
f 1980/1980/1980 1979/1979/1979 1978/1978/1978
f 1983/1983/1983 1982/1982/1982 1981/1981/1981
f 1986/1986/1986 1985/1985/1985 1984/1984/1984
f 1989/1989/1989 1988/1988/1988 1987/1987/1987
f 1992/1992/1992 1991/1991/1991 1990/1990/1990
f 1995/1995/1995 1994/1994/1994 1993/1993/1993
f 1998/1998/1998 1997/1997/1997 1996/1996/1996
f 2001/2001/2001 2000/2000/2000 1999/1999/1999
f 2004/2004/2004 2003/2003/2003 2002/2002/2002
f 2007/2007/2007 2006/2006/2006 2005/2005/2005
f 2010/2010/2010 2009/2009/2009 2008/2008/2008
f 2013/2013/2013 2012/2012/2012 2011/2011/2011
f 2016/2016/2016 2015/2015/2015 2014/2014/2014
f 2019/2019/2019 2018/2018/2018 2017/2017/2017
f 2022/2022/2022 2021/2021/2021 2020/2020/2020
f 2025/2025/2025 2024/2024/2024 2023/2023/2023
f 2028/2028/2028 2027/2027/2027 2026/2026/2026
f 2031/2031/2031 2030/2030/2030 2029/2029/2029
f 2034/2034/2034 2033/2033/2033 2032/2032/2032
f 2037/2037/2037 2036/2036/2036 2035/2035/2035
f 2040/2040/2040 2039/2039/2039 2038/2038/2038
f 2043/2043/2043 2042/2042/2042 2041/2041/2041
f 2046/2046/2046 2045/2045/2045 2044/2044/2044
f 2049/2049/2049 2048/2048/2048 2047/2047/2047
f 2052/2052/2052 2051/2051/2051 2050/2050/2050
f 2055/2055/2055 2054/2054/2054 2053/2053/2053
f 2058/2058/2058 2057/2057/2057 2056/2056/2056
f 2061/2061/2061 2060/2060/2060 2059/2059/2059
f 2064/2064/2064 2063/2063/2063 2062/2062/2062
f 2067/2067/2067 2066/2066/2066 2065/2065/2065
f 2070/2070/2070 2069/2069/2069 2068/2068/2068
f 2073/2073/2073 2072/2072/2072 2071/2071/2071
f 2076/2076/2076 2075/2075/2075 2074/2074/2074
f 2079/2079/2079 2078/2078/2078 2077/2077/2077
f 2082/2082/2082 2081/2081/2081 2080/2080/2080
f 2085/2085/2085 2084/2084/2084 2083/2083/2083
f 2088/2088/2088 2087/2087/2087 2086/2086/2086
f 2091/2091/2091 2090/2090/2090 2089/2089/2089
f 2094/2094/2094 2093/2093/2093 2092/2092/2092
f 2097/2097/2097 2096/2096/2096 2095/2095/2095
f 2100/2100/2100 2099/2099/2099 2098/2098/2098
f 2103/2103/2103 2102/2102/2102 2101/2101/2101
f 2106/2106/2106 2105/2105/2105 2104/2104/2104
f 2109/2109/2109 2108/2108/2108 2107/2107/2107
f 2112/2112/2112 2111/2111/2111 2110/2110/2110
f 2115/2115/2115 2114/2114/2114 2113/2113/2113
f 2118/2118/2118 2117/2117/2117 2116/2116/2116
f 2121/2121/2121 2120/2120/2120 2119/2119/2119
f 2124/2124/2124 2123/2123/2123 2122/2122/2122
f 2127/2127/2127 2126/2126/2126 2125/2125/2125
f 2130/2130/2130 2129/2129/2129 2128/2128/2128
f 2133/2133/2133 2132/2132/2132 2131/2131/2131
f 2136/2136/2136 2135/2135/2135 2134/2134/2134
f 2139/2139/2139 2138/2138/2138 2137/2137/2137
f 2142/2142/2142 2141/2141/2141 2140/2140/2140
f 2145/2145/2145 2144/2144/2144 2143/2143/2143
f 2148/2148/2148 2147/2147/2147 2146/2146/2146
f 2151/2151/2151 2150/2150/2150 2149/2149/2149
f 2154/2154/2154 2153/2153/2153 2152/2152/2152
f 2157/2157/2157 2156/2156/2156 2155/2155/2155
f 2160/2160/2160 2159/2159/2159 2158/2158/2158
f 2163/2163/2163 2162/2162/2162 2161/2161/2161
f 2166/2166/2166 2165/2165/2165 2164/2164/2164
f 2169/2169/2169 2168/2168/2168 2167/2167/2167
f 2172/2172/2172 2171/2171/2171 2170/2170/2170
f 2175/2175/2175 2174/2174/2174 2173/2173/2173
f 2178/2178/2178 2177/2177/2177 2176/2176/2176
f 2181/2181/2181 2180/2180/2180 2179/2179/2179
f 2184/2184/2184 2183/2183/2183 2182/2182/2182
f 2187/2187/2187 2186/2186/2186 2185/2185/2185
f 2190/2190/2190 2189/2189/2189 2188/2188/2188
f 2193/2193/2193 2192/2192/2192 2191/2191/2191
f 2196/2196/2196 2195/2195/2195 2194/2194/2194
f 2199/2199/2199 2198/2198/2198 2197/2197/2197
f 2202/2202/2202 2201/2201/2201 2200/2200/2200
f 2205/2205/2205 2204/2204/2204 2203/2203/2203
f 2208/2208/2208 2207/2207/2207 2206/2206/2206
f 2211/2211/2211 2210/2210/2210 2209/2209/2209
f 2214/2214/2214 2213/2213/2213 2212/2212/2212
f 2217/2217/2217 2216/2216/2216 2215/2215/2215
f 2220/2220/2220 2219/2219/2219 2218/2218/2218
f 2223/2223/2223 2222/2222/2222 2221/2221/2221
f 2226/2226/2226 2225/2225/2225 2224/2224/2224
f 2229/2229/2229 2228/2228/2228 2227/2227/2227
f 2232/2232/2232 2231/2231/2231 2230/2230/2230
f 2235/2235/2235 2234/2234/2234 2233/2233/2233
f 2238/2238/2238 2237/2237/2237 2236/2236/2236
f 2241/2241/2241 2240/2240/2240 2239/2239/2239
f 2244/2244/2244 2243/2243/2243 2242/2242/2242
f 2247/2247/2247 2246/2246/2246 2245/2245/2245
f 2250/2250/2250 2249/2249/2249 2248/2248/2248
f 2253/2253/2253 2252/2252/2252 2251/2251/2251
f 2256/2256/2256 2255/2255/2255 2254/2254/2254
f 2259/2259/2259 2258/2258/2258 2257/2257/2257
f 2262/2262/2262 2261/2261/2261 2260/2260/2260
f 2265/2265/2265 2264/2264/2264 2263/2263/2263
f 2268/2268/2268 2267/2267/2267 2266/2266/2266
f 2271/2271/2271 2270/2270/2270 2269/2269/2269
f 2274/2274/2274 2273/2273/2273 2272/2272/2272
f 2277/2277/2277 2276/2276/2276 2275/2275/2275
f 2280/2280/2280 2279/2279/2279 2278/2278/2278
f 2283/2283/2283 2282/2282/2282 2281/2281/2281
f 2286/2286/2286 2285/2285/2285 2284/2284/2284
f 2289/2289/2289 2288/2288/2288 2287/2287/2287
f 2292/2292/2292 2291/2291/2291 2290/2290/2290
f 2295/2295/2295 2294/2294/2294 2293/2293/2293
f 2298/2298/2298 2297/2297/2297 2296/2296/2296
f 2301/2301/2301 2300/2300/2300 2299/2299/2299
f 2304/2304/2304 2303/2303/2303 2302/2302/2302
f 2307/2307/2307 2306/2306/2306 2305/2305/2305
f 2310/2310/2310 2309/2309/2309 2308/2308/2308
f 2313/2313/2313 2312/2312/2312 2311/2311/2311
f 2316/2316/2316 2315/2315/2315 2314/2314/2314
f 2319/2319/2319 2318/2318/2318 2317/2317/2317
f 2322/2322/2322 2321/2321/2321 2320/2320/2320
f 2325/2325/2325 2324/2324/2324 2323/2323/2323
f 2328/2328/2328 2327/2327/2327 2326/2326/2326
f 2331/2331/2331 2330/2330/2330 2329/2329/2329
f 2334/2334/2334 2333/2333/2333 2332/2332/2332
f 2337/2337/2337 2336/2336/2336 2335/2335/2335
f 2340/2340/2340 2339/2339/2339 2338/2338/2338
f 2343/2343/2343 2342/2342/2342 2341/2341/2341
f 2346/2346/2346 2345/2345/2345 2344/2344/2344
f 2349/2349/2349 2348/2348/2348 2347/2347/2347
f 2352/2352/2352 2351/2351/2351 2350/2350/2350
f 2355/2355/2355 2354/2354/2354 2353/2353/2353
f 2358/2358/2358 2357/2357/2357 2356/2356/2356
f 2361/2361/2361 2360/2360/2360 2359/2359/2359
f 2364/2364/2364 2363/2363/2363 2362/2362/2362
f 2367/2367/2367 2366/2366/2366 2365/2365/2365
f 2370/2370/2370 2369/2369/2369 2368/2368/2368
f 2373/2373/2373 2372/2372/2372 2371/2371/2371
f 2376/2376/2376 2375/2375/2375 2374/2374/2374
f 2379/2379/2379 2378/2378/2378 2377/2377/2377
f 2382/2382/2382 2381/2381/2381 2380/2380/2380
f 2385/2385/2385 2384/2384/2384 2383/2383/2383
f 2388/2388/2388 2387/2387/2387 2386/2386/2386
f 2391/2391/2391 2390/2390/2390 2389/2389/2389
f 2394/2394/2394 2393/2393/2393 2392/2392/2392
f 2397/2397/2397 2396/2396/2396 2395/2395/2395
f 2400/2400/2400 2399/2399/2399 2398/2398/2398
f 2403/2403/2403 2402/2402/2402 2401/2401/2401
f 2406/2406/2406 2405/2405/2405 2404/2404/2404
f 2409/2409/2409 2408/2408/2408 2407/2407/2407
f 2412/2412/2412 2411/2411/2411 2410/2410/2410
f 2415/2415/2415 2414/2414/2414 2413/2413/2413
f 2418/2418/2418 2417/2417/2417 2416/2416/2416
f 2421/2421/2421 2420/2420/2420 2419/2419/2419
f 2424/2424/2424 2423/2423/2423 2422/2422/2422
f 2427/2427/2427 2426/2426/2426 2425/2425/2425
f 2430/2430/2430 2429/2429/2429 2428/2428/2428
f 2433/2433/2433 2432/2432/2432 2431/2431/2431
f 2436/2436/2436 2435/2435/2435 2434/2434/2434
f 2439/2439/2439 2438/2438/2438 2437/2437/2437
f 2442/2442/2442 2441/2441/2441 2440/2440/2440
f 2445/2445/2445 2444/2444/2444 2443/2443/2443
f 2448/2448/2448 2447/2447/2447 2446/2446/2446
f 2451/2451/2451 2450/2450/2450 2449/2449/2449
f 2454/2454/2454 2453/2453/2453 2452/2452/2452
f 2457/2457/2457 2456/2456/2456 2455/2455/2455
f 2460/2460/2460 2459/2459/2459 2458/2458/2458
f 2463/2463/2463 2462/2462/2462 2461/2461/2461
f 2466/2466/2466 2465/2465/2465 2464/2464/2464
f 2469/2469/2469 2468/2468/2468 2467/2467/2467
f 2472/2472/2472 2471/2471/2471 2470/2470/2470
f 2475/2475/2475 2474/2474/2474 2473/2473/2473
f 2478/2478/2478 2477/2477/2477 2476/2476/2476
f 2481/2481/2481 2480/2480/2480 2479/2479/2479
f 2484/2484/2484 2483/2483/2483 2482/2482/2482
f 2487/2487/2487 2486/2486/2486 2485/2485/2485
f 2490/2490/2490 2489/2489/2489 2488/2488/2488
f 2493/2493/2493 2492/2492/2492 2491/2491/2491
f 2496/2496/2496 2495/2495/2495 2494/2494/2494
f 2499/2499/2499 2498/2498/2498 2497/2497/2497
f 2502/2502/2502 2501/2501/2501 2500/2500/2500
f 2505/2505/2505 2504/2504/2504 2503/2503/2503
f 2508/2508/2508 2507/2507/2507 2506/2506/2506
f 2511/2511/2511 2510/2510/2510 2509/2509/2509
f 2514/2514/2514 2513/2513/2513 2512/2512/2512
f 2517/2517/2517 2516/2516/2516 2515/2515/2515
f 2520/2520/2520 2519/2519/2519 2518/2518/2518
f 2523/2523/2523 2522/2522/2522 2521/2521/2521
f 2526/2526/2526 2525/2525/2525 2524/2524/2524
f 2529/2529/2529 2528/2528/2528 2527/2527/2527
f 2532/2532/2532 2531/2531/2531 2530/2530/2530
f 2535/2535/2535 2534/2534/2534 2533/2533/2533
f 2538/2538/2538 2537/2537/2537 2536/2536/2536
f 2541/2541/2541 2540/2540/2540 2539/2539/2539
f 2544/2544/2544 2543/2543/2543 2542/2542/2542
f 2547/2547/2547 2546/2546/2546 2545/2545/2545
f 2550/2550/2550 2549/2549/2549 2548/2548/2548
f 2553/2553/2553 2552/2552/2552 2551/2551/2551
f 2556/2556/2556 2555/2555/2555 2554/2554/2554
f 2559/2559/2559 2558/2558/2558 2557/2557/2557
f 2562/2562/2562 2561/2561/2561 2560/2560/2560
f 2565/2565/2565 2564/2564/2564 2563/2563/2563
f 2568/2568/2568 2567/2567/2567 2566/2566/2566
f 2571/2571/2571 2570/2570/2570 2569/2569/2569
f 2574/2574/2574 2573/2573/2573 2572/2572/2572
f 2577/2577/2577 2576/2576/2576 2575/2575/2575
f 2580/2580/2580 2579/2579/2579 2578/2578/2578
f 2583/2583/2583 2582/2582/2582 2581/2581/2581
f 2586/2586/2586 2585/2585/2585 2584/2584/2584
f 2589/2589/2589 2588/2588/2588 2587/2587/2587
f 2592/2592/2592 2591/2591/2591 2590/2590/2590
f 2595/2595/2595 2594/2594/2594 2593/2593/2593
f 2598/2598/2598 2597/2597/2597 2596/2596/2596
f 2601/2601/2601 2600/2600/2600 2599/2599/2599
f 2604/2604/2604 2603/2603/2603 2602/2602/2602
f 2607/2607/2607 2606/2606/2606 2605/2605/2605
f 2610/2610/2610 2609/2609/2609 2608/2608/2608
f 2613/2613/2613 2612/2612/2612 2611/2611/2611
f 2616/2616/2616 2615/2615/2615 2614/2614/2614
f 2619/2619/2619 2618/2618/2618 2617/2617/2617
f 2622/2622/2622 2621/2621/2621 2620/2620/2620
f 2625/2625/2625 2624/2624/2624 2623/2623/2623
f 2628/2628/2628 2627/2627/2627 2626/2626/2626
f 2631/2631/2631 2630/2630/2630 2629/2629/2629
f 2634/2634/2634 2633/2633/2633 2632/2632/2632
f 2637/2637/2637 2636/2636/2636 2635/2635/2635
f 2640/2640/2640 2639/2639/2639 2638/2638/2638
f 2643/2643/2643 2642/2642/2642 2641/2641/2641
f 2646/2646/2646 2645/2645/2645 2644/2644/2644
f 2649/2649/2649 2648/2648/2648 2647/2647/2647
f 2652/2652/2652 2651/2651/2651 2650/2650/2650
f 2655/2655/2655 2654/2654/2654 2653/2653/2653
f 2658/2658/2658 2657/2657/2657 2656/2656/2656
f 2661/2661/2661 2660/2660/2660 2659/2659/2659
f 2664/2664/2664 2663/2663/2663 2662/2662/2662
f 2667/2667/2667 2666/2666/2666 2665/2665/2665
f 2670/2670/2670 2669/2669/2669 2668/2668/2668
f 2673/2673/2673 2672/2672/2672 2671/2671/2671
f 2676/2676/2676 2675/2675/2675 2674/2674/2674
f 2679/2679/2679 2678/2678/2678 2677/2677/2677
f 2682/2682/2682 2681/2681/2681 2680/2680/2680
f 2685/2685/2685 2684/2684/2684 2683/2683/2683
f 2688/2688/2688 2687/2687/2687 2686/2686/2686
f 2691/2691/2691 2690/2690/2690 2689/2689/2689
f 2694/2694/2694 2693/2693/2693 2692/2692/2692
f 2697/2697/2697 2696/2696/2696 2695/2695/2695
f 2700/2700/2700 2699/2699/2699 2698/2698/2698
f 2703/2703/2703 2702/2702/2702 2701/2701/2701
f 2706/2706/2706 2705/2705/2705 2704/2704/2704
f 2709/2709/2709 2708/2708/2708 2707/2707/2707
f 2712/2712/2712 2711/2711/2711 2710/2710/2710
f 2715/2715/2715 2714/2714/2714 2713/2713/2713
f 2718/2718/2718 2717/2717/2717 2716/2716/2716
f 2721/2721/2721 2720/2720/2720 2719/2719/2719
f 2724/2724/2724 2723/2723/2723 2722/2722/2722
f 2727/2727/2727 2726/2726/2726 2725/2725/2725
f 2730/2730/2730 2729/2729/2729 2728/2728/2728
f 2733/2733/2733 2732/2732/2732 2731/2731/2731
f 2736/2736/2736 2735/2735/2735 2734/2734/2734
f 2739/2739/2739 2738/2738/2738 2737/2737/2737
f 2742/2742/2742 2741/2741/2741 2740/2740/2740
f 2745/2745/2745 2744/2744/2744 2743/2743/2743
f 2748/2748/2748 2747/2747/2747 2746/2746/2746
f 2751/2751/2751 2750/2750/2750 2749/2749/2749
f 2754/2754/2754 2753/2753/2753 2752/2752/2752
f 2757/2757/2757 2756/2756/2756 2755/2755/2755
f 2760/2760/2760 2759/2759/2759 2758/2758/2758
f 2763/2763/2763 2762/2762/2762 2761/2761/2761
f 2766/2766/2766 2765/2765/2765 2764/2764/2764
f 2769/2769/2769 2768/2768/2768 2767/2767/2767
f 2772/2772/2772 2771/2771/2771 2770/2770/2770
f 2775/2775/2775 2774/2774/2774 2773/2773/2773
f 2778/2778/2778 2777/2777/2777 2776/2776/2776
f 2781/2781/2781 2780/2780/2780 2779/2779/2779
f 2784/2784/2784 2783/2783/2783 2782/2782/2782
f 2787/2787/2787 2786/2786/2786 2785/2785/2785
f 2790/2790/2790 2789/2789/2789 2788/2788/2788
f 2793/2793/2793 2792/2792/2792 2791/2791/2791
f 2796/2796/2796 2795/2795/2795 2794/2794/2794
f 2799/2799/2799 2798/2798/2798 2797/2797/2797
f 2802/2802/2802 2801/2801/2801 2800/2800/2800
f 2805/2805/2805 2804/2804/2804 2803/2803/2803
f 2808/2808/2808 2807/2807/2807 2806/2806/2806
f 2811/2811/2811 2810/2810/2810 2809/2809/2809
f 2814/2814/2814 2813/2813/2813 2812/2812/2812
f 2817/2817/2817 2816/2816/2816 2815/2815/2815
f 2820/2820/2820 2819/2819/2819 2818/2818/2818
f 2823/2823/2823 2822/2822/2822 2821/2821/2821
f 2826/2826/2826 2825/2825/2825 2824/2824/2824
f 2829/2829/2829 2828/2828/2828 2827/2827/2827
f 2832/2832/2832 2831/2831/2831 2830/2830/2830
f 2835/2835/2835 2834/2834/2834 2833/2833/2833
f 2838/2838/2838 2837/2837/2837 2836/2836/2836
f 2841/2841/2841 2840/2840/2840 2839/2839/2839
f 2844/2844/2844 2843/2843/2843 2842/2842/2842
f 2847/2847/2847 2846/2846/2846 2845/2845/2845
f 2850/2850/2850 2849/2849/2849 2848/2848/2848
f 2853/2853/2853 2852/2852/2852 2851/2851/2851
f 2856/2856/2856 2855/2855/2855 2854/2854/2854
f 2859/2859/2859 2858/2858/2858 2857/2857/2857
f 2862/2862/2862 2861/2861/2861 2860/2860/2860
f 2865/2865/2865 2864/2864/2864 2863/2863/2863
f 2868/2868/2868 2867/2867/2867 2866/2866/2866
f 2871/2871/2871 2870/2870/2870 2869/2869/2869
f 2874/2874/2874 2873/2873/2873 2872/2872/2872
f 2877/2877/2877 2876/2876/2876 2875/2875/2875
f 2880/2880/2880 2879/2879/2879 2878/2878/2878
f 2883/2883/2883 2882/2882/2882 2881/2881/2881
f 2886/2886/2886 2885/2885/2885 2884/2884/2884
f 2889/2889/2889 2888/2888/2888 2887/2887/2887
f 2892/2892/2892 2891/2891/2891 2890/2890/2890
f 2895/2895/2895 2894/2894/2894 2893/2893/2893
f 2898/2898/2898 2897/2897/2897 2896/2896/2896
f 2901/2901/2901 2900/2900/2900 2899/2899/2899
f 2904/2904/2904 2903/2903/2903 2902/2902/2902
f 2907/2907/2907 2906/2906/2906 2905/2905/2905
f 2910/2910/2910 2909/2909/2909 2908/2908/2908
f 2913/2913/2913 2912/2912/2912 2911/2911/2911
f 2916/2916/2916 2915/2915/2915 2914/2914/2914
f 2919/2919/2919 2918/2918/2918 2917/2917/2917
f 2922/2922/2922 2921/2921/2921 2920/2920/2920
f 2925/2925/2925 2924/2924/2924 2923/2923/2923
f 2928/2928/2928 2927/2927/2927 2926/2926/2926
f 2931/2931/2931 2930/2930/2930 2929/2929/2929
f 2934/2934/2934 2933/2933/2933 2932/2932/2932
f 2937/2937/2937 2936/2936/2936 2935/2935/2935
f 2940/2940/2940 2939/2939/2939 2938/2938/2938
f 2943/2943/2943 2942/2942/2942 2941/2941/2941
f 2946/2946/2946 2945/2945/2945 2944/2944/2944
f 2949/2949/2949 2948/2948/2948 2947/2947/2947
f 2952/2952/2952 2951/2951/2951 2950/2950/2950
f 2955/2955/2955 2954/2954/2954 2953/2953/2953
f 2958/2958/2958 2957/2957/2957 2956/2956/2956
f 2961/2961/2961 2960/2960/2960 2959/2959/2959
f 2964/2964/2964 2963/2963/2963 2962/2962/2962
f 2967/2967/2967 2966/2966/2966 2965/2965/2965
f 2970/2970/2970 2969/2969/2969 2968/2968/2968
f 2973/2973/2973 2972/2972/2972 2971/2971/2971
f 2976/2976/2976 2975/2975/2975 2974/2974/2974
f 2979/2979/2979 2978/2978/2978 2977/2977/2977
f 2982/2982/2982 2981/2981/2981 2980/2980/2980
f 2985/2985/2985 2984/2984/2984 2983/2983/2983
f 2988/2988/2988 2987/2987/2987 2986/2986/2986
f 2991/2991/2991 2990/2990/2990 2989/2989/2989
f 2994/2994/2994 2993/2993/2993 2992/2992/2992
f 2997/2997/2997 2996/2996/2996 2995/2995/2995
f 3000/3000/3000 2999/2999/2999 2998/2998/2998
f 3003/3003/3003 3002/3002/3002 3001/3001/3001
f 3006/3006/3006 3005/3005/3005 3004/3004/3004
f 3009/3009/3009 3008/3008/3008 3007/3007/3007
f 3012/3012/3012 3011/3011/3011 3010/3010/3010
f 3015/3015/3015 3014/3014/3014 3013/3013/3013
f 3018/3018/3018 3017/3017/3017 3016/3016/3016
f 3021/3021/3021 3020/3020/3020 3019/3019/3019
f 3024/3024/3024 3023/3023/3023 3022/3022/3022
f 3027/3027/3027 3026/3026/3026 3025/3025/3025
f 3030/3030/3030 3029/3029/3029 3028/3028/3028
f 3033/3033/3033 3032/3032/3032 3031/3031/3031
f 3036/3036/3036 3035/3035/3035 3034/3034/3034
f 3039/3039/3039 3038/3038/3038 3037/3037/3037
f 3042/3042/3042 3041/3041/3041 3040/3040/3040
f 3045/3045/3045 3044/3044/3044 3043/3043/3043
f 3048/3048/3048 3047/3047/3047 3046/3046/3046
f 3051/3051/3051 3050/3050/3050 3049/3049/3049
f 3054/3054/3054 3053/3053/3053 3052/3052/3052
f 3057/3057/3057 3056/3056/3056 3055/3055/3055
f 3060/3060/3060 3059/3059/3059 3058/3058/3058
f 3063/3063/3063 3062/3062/3062 3061/3061/3061
f 3066/3066/3066 3065/3065/3065 3064/3064/3064
f 3069/3069/3069 3068/3068/3068 3067/3067/3067
f 3072/3072/3072 3071/3071/3071 3070/3070/3070
f 3075/3075/3075 3074/3074/3074 3073/3073/3073
f 3078/3078/3078 3077/3077/3077 3076/3076/3076
f 3081/3081/3081 3080/3080/3080 3079/3079/3079
f 3084/3084/3084 3083/3083/3083 3082/3082/3082
f 3087/3087/3087 3086/3086/3086 3085/3085/3085
f 3090/3090/3090 3089/3089/3089 3088/3088/3088
f 3093/3093/3093 3092/3092/3092 3091/3091/3091
f 3096/3096/3096 3095/3095/3095 3094/3094/3094
f 3099/3099/3099 3098/3098/3098 3097/3097/3097
f 3102/3102/3102 3101/3101/3101 3100/3100/3100
f 3105/3105/3105 3104/3104/3104 3103/3103/3103
f 3108/3108/3108 3107/3107/3107 3106/3106/3106
f 3111/3111/3111 3110/3110/3110 3109/3109/3109
f 3114/3114/3114 3113/3113/3113 3112/3112/3112
f 3117/3117/3117 3116/3116/3116 3115/3115/3115
f 3120/3120/3120 3119/3119/3119 3118/3118/3118
f 3123/3123/3123 3122/3122/3122 3121/3121/3121
f 3126/3126/3126 3125/3125/3125 3124/3124/3124
f 3129/3129/3129 3128/3128/3128 3127/3127/3127
f 3132/3132/3132 3131/3131/3131 3130/3130/3130
f 3135/3135/3135 3134/3134/3134 3133/3133/3133
f 3138/3138/3138 3137/3137/3137 3136/3136/3136
f 3141/3141/3141 3140/3140/3140 3139/3139/3139
f 3144/3144/3144 3143/3143/3143 3142/3142/3142
f 3147/3147/3147 3146/3146/3146 3145/3145/3145
f 3150/3150/3150 3149/3149/3149 3148/3148/3148
f 3153/3153/3153 3152/3152/3152 3151/3151/3151
f 3156/3156/3156 3155/3155/3155 3154/3154/3154
f 3159/3159/3159 3158/3158/3158 3157/3157/3157
f 3162/3162/3162 3161/3161/3161 3160/3160/3160
f 3165/3165/3165 3164/3164/3164 3163/3163/3163
f 3168/3168/3168 3167/3167/3167 3166/3166/3166
f 3171/3171/3171 3170/3170/3170 3169/3169/3169
f 3174/3174/3174 3173/3173/3173 3172/3172/3172
f 3177/3177/3177 3176/3176/3176 3175/3175/3175
f 3180/3180/3180 3179/3179/3179 3178/3178/3178
f 3183/3183/3183 3182/3182/3182 3181/3181/3181
f 3186/3186/3186 3185/3185/3185 3184/3184/3184
f 3189/3189/3189 3188/3188/3188 3187/3187/3187
f 3192/3192/3192 3191/3191/3191 3190/3190/3190
f 3195/3195/3195 3194/3194/3194 3193/3193/3193
f 3198/3198/3198 3197/3197/3197 3196/3196/3196
f 3201/3201/3201 3200/3200/3200 3199/3199/3199
f 3204/3204/3204 3203/3203/3203 3202/3202/3202
f 3207/3207/3207 3206/3206/3206 3205/3205/3205
f 3210/3210/3210 3209/3209/3209 3208/3208/3208
f 3213/3213/3213 3212/3212/3212 3211/3211/3211
f 3216/3216/3216 3215/3215/3215 3214/3214/3214
f 3219/3219/3219 3218/3218/3218 3217/3217/3217
f 3222/3222/3222 3221/3221/3221 3220/3220/3220
f 3225/3225/3225 3224/3224/3224 3223/3223/3223
f 3228/3228/3228 3227/3227/3227 3226/3226/3226
f 3231/3231/3231 3230/3230/3230 3229/3229/3229
f 3234/3234/3234 3233/3233/3233 3232/3232/3232
f 3237/3237/3237 3236/3236/3236 3235/3235/3235
f 3240/3240/3240 3239/3239/3239 3238/3238/3238
f 3243/3243/3243 3242/3242/3242 3241/3241/3241
f 3246/3246/3246 3245/3245/3245 3244/3244/3244
f 3249/3249/3249 3248/3248/3248 3247/3247/3247
f 3252/3252/3252 3251/3251/3251 3250/3250/3250
f 3255/3255/3255 3254/3254/3254 3253/3253/3253
f 3258/3258/3258 3257/3257/3257 3256/3256/3256
f 3261/3261/3261 3260/3260/3260 3259/3259/3259
f 3264/3264/3264 3263/3263/3263 3262/3262/3262
f 3267/3267/3267 3266/3266/3266 3265/3265/3265
f 3270/3270/3270 3269/3269/3269 3268/3268/3268
f 3273/3273/3273 3272/3272/3272 3271/3271/3271
f 3276/3276/3276 3275/3275/3275 3274/3274/3274
f 3279/3279/3279 3278/3278/3278 3277/3277/3277
f 3282/3282/3282 3281/3281/3281 3280/3280/3280
f 3285/3285/3285 3284/3284/3284 3283/3283/3283
f 3288/3288/3288 3287/3287/3287 3286/3286/3286
f 3291/3291/3291 3290/3290/3290 3289/3289/3289
f 3294/3294/3294 3293/3293/3293 3292/3292/3292
f 3297/3297/3297 3296/3296/3296 3295/3295/3295
f 3300/3300/3300 3299/3299/3299 3298/3298/3298
f 3303/3303/3303 3302/3302/3302 3301/3301/3301
f 3306/3306/3306 3305/3305/3305 3304/3304/3304
f 3309/3309/3309 3308/3308/3308 3307/3307/3307
f 3312/3312/3312 3311/3311/3311 3310/3310/3310
f 3315/3315/3315 3314/3314/3314 3313/3313/3313
f 3318/3318/3318 3317/3317/3317 3316/3316/3316
f 3321/3321/3321 3320/3320/3320 3319/3319/3319
f 3324/3324/3324 3323/3323/3323 3322/3322/3322
f 3327/3327/3327 3326/3326/3326 3325/3325/3325
f 3330/3330/3330 3329/3329/3329 3328/3328/3328
f 3333/3333/3333 3332/3332/3332 3331/3331/3331
f 3336/3336/3336 3335/3335/3335 3334/3334/3334
f 3339/3339/3339 3338/3338/3338 3337/3337/3337
f 3342/3342/3342 3341/3341/3341 3340/3340/3340
f 3345/3345/3345 3344/3344/3344 3343/3343/3343
f 3348/3348/3348 3347/3347/3347 3346/3346/3346
f 3351/3351/3351 3350/3350/3350 3349/3349/3349
f 3354/3354/3354 3353/3353/3353 3352/3352/3352
f 3357/3357/3357 3356/3356/3356 3355/3355/3355
f 3360/3360/3360 3359/3359/3359 3358/3358/3358
f 3363/3363/3363 3362/3362/3362 3361/3361/3361
f 3366/3366/3366 3365/3365/3365 3364/3364/3364
f 3369/3369/3369 3368/3368/3368 3367/3367/3367
f 3372/3372/3372 3371/3371/3371 3370/3370/3370
f 3375/3375/3375 3374/3374/3374 3373/3373/3373
f 3378/3378/3378 3377/3377/3377 3376/3376/3376
f 3381/3381/3381 3380/3380/3380 3379/3379/3379
f 3384/3384/3384 3383/3383/3383 3382/3382/3382
f 3387/3387/3387 3386/3386/3386 3385/3385/3385
f 3390/3390/3390 3389/3389/3389 3388/3388/3388
f 3393/3393/3393 3392/3392/3392 3391/3391/3391
f 3396/3396/3396 3395/3395/3395 3394/3394/3394
f 3399/3399/3399 3398/3398/3398 3397/3397/3397
f 3402/3402/3402 3401/3401/3401 3400/3400/3400
f 3405/3405/3405 3404/3404/3404 3403/3403/3403
f 3408/3408/3408 3407/3407/3407 3406/3406/3406
f 3411/3411/3411 3410/3410/3410 3409/3409/3409
f 3414/3414/3414 3413/3413/3413 3412/3412/3412
f 3417/3417/3417 3416/3416/3416 3415/3415/3415
f 3420/3420/3420 3419/3419/3419 3418/3418/3418
f 3423/3423/3423 3422/3422/3422 3421/3421/3421
f 3426/3426/3426 3425/3425/3425 3424/3424/3424
f 3429/3429/3429 3428/3428/3428 3427/3427/3427
f 3432/3432/3432 3431/3431/3431 3430/3430/3430
f 3435/3435/3435 3434/3434/3434 3433/3433/3433
f 3438/3438/3438 3437/3437/3437 3436/3436/3436
f 3441/3441/3441 3440/3440/3440 3439/3439/3439
f 3444/3444/3444 3443/3443/3443 3442/3442/3442
f 3447/3447/3447 3446/3446/3446 3445/3445/3445
f 3450/3450/3450 3449/3449/3449 3448/3448/3448
f 3453/3453/3453 3452/3452/3452 3451/3451/3451
f 3456/3456/3456 3455/3455/3455 3454/3454/3454
f 3459/3459/3459 3458/3458/3458 3457/3457/3457
f 3462/3462/3462 3461/3461/3461 3460/3460/3460
f 3465/3465/3465 3464/3464/3464 3463/3463/3463
f 3468/3468/3468 3467/3467/3467 3466/3466/3466
f 3471/3471/3471 3470/3470/3470 3469/3469/3469
f 3474/3474/3474 3473/3473/3473 3472/3472/3472
f 3477/3477/3477 3476/3476/3476 3475/3475/3475
f 3480/3480/3480 3479/3479/3479 3478/3478/3478
f 3483/3483/3483 3482/3482/3482 3481/3481/3481
f 3486/3486/3486 3485/3485/3485 3484/3484/3484
f 3489/3489/3489 3488/3488/3488 3487/3487/3487
f 3492/3492/3492 3491/3491/3491 3490/3490/3490
f 3495/3495/3495 3494/3494/3494 3493/3493/3493
f 3498/3498/3498 3497/3497/3497 3496/3496/3496
f 3501/3501/3501 3500/3500/3500 3499/3499/3499
f 3504/3504/3504 3503/3503/3503 3502/3502/3502
f 3507/3507/3507 3506/3506/3506 3505/3505/3505
f 3510/3510/3510 3509/3509/3509 3508/3508/3508
f 3513/3513/3513 3512/3512/3512 3511/3511/3511
f 3516/3516/3516 3515/3515/3515 3514/3514/3514
f 3519/3519/3519 3518/3518/3518 3517/3517/3517
f 3522/3522/3522 3521/3521/3521 3520/3520/3520
f 3525/3525/3525 3524/3524/3524 3523/3523/3523
f 3528/3528/3528 3527/3527/3527 3526/3526/3526
f 3531/3531/3531 3530/3530/3530 3529/3529/3529
f 3534/3534/3534 3533/3533/3533 3532/3532/3532
f 3537/3537/3537 3536/3536/3536 3535/3535/3535
f 3540/3540/3540 3539/3539/3539 3538/3538/3538
f 3543/3543/3543 3542/3542/3542 3541/3541/3541
f 3546/3546/3546 3545/3545/3545 3544/3544/3544
f 3549/3549/3549 3548/3548/3548 3547/3547/3547
f 3552/3552/3552 3551/3551/3551 3550/3550/3550
f 3555/3555/3555 3554/3554/3554 3553/3553/3553
f 3558/3558/3558 3557/3557/3557 3556/3556/3556
f 3561/3561/3561 3560/3560/3560 3559/3559/3559
f 3564/3564/3564 3563/3563/3563 3562/3562/3562
f 3567/3567/3567 3566/3566/3566 3565/3565/3565
f 3570/3570/3570 3569/3569/3569 3568/3568/3568
f 3573/3573/3573 3572/3572/3572 3571/3571/3571
f 3576/3576/3576 3575/3575/3575 3574/3574/3574
f 3579/3579/3579 3578/3578/3578 3577/3577/3577
f 3582/3582/3582 3581/3581/3581 3580/3580/3580
f 3585/3585/3585 3584/3584/3584 3583/3583/3583
f 3588/3588/3588 3587/3587/3587 3586/3586/3586
f 3591/3591/3591 3590/3590/3590 3589/3589/3589
f 3594/3594/3594 3593/3593/3593 3592/3592/3592
f 3597/3597/3597 3596/3596/3596 3595/3595/3595
f 3600/3600/3600 3599/3599/3599 3598/3598/3598
f 3603/3603/3603 3602/3602/3602 3601/3601/3601
f 3606/3606/3606 3605/3605/3605 3604/3604/3604
f 3609/3609/3609 3608/3608/3608 3607/3607/3607
f 3612/3612/3612 3611/3611/3611 3610/3610/3610
f 3615/3615/3615 3614/3614/3614 3613/3613/3613
f 3618/3618/3618 3617/3617/3617 3616/3616/3616
f 3621/3621/3621 3620/3620/3620 3619/3619/3619
f 3624/3624/3624 3623/3623/3623 3622/3622/3622
f 3627/3627/3627 3626/3626/3626 3625/3625/3625
f 3630/3630/3630 3629/3629/3629 3628/3628/3628
f 3633/3633/3633 3632/3632/3632 3631/3631/3631
f 3636/3636/3636 3635/3635/3635 3634/3634/3634
f 3639/3639/3639 3638/3638/3638 3637/3637/3637
f 3642/3642/3642 3641/3641/3641 3640/3640/3640
f 3645/3645/3645 3644/3644/3644 3643/3643/3643
f 3648/3648/3648 3647/3647/3647 3646/3646/3646
f 3651/3651/3651 3650/3650/3650 3649/3649/3649
f 3654/3654/3654 3653/3653/3653 3652/3652/3652
f 3657/3657/3657 3656/3656/3656 3655/3655/3655
f 3660/3660/3660 3659/3659/3659 3658/3658/3658
f 3663/3663/3663 3662/3662/3662 3661/3661/3661
f 3666/3666/3666 3665/3665/3665 3664/3664/3664
f 3669/3669/3669 3668/3668/3668 3667/3667/3667
f 3672/3672/3672 3671/3671/3671 3670/3670/3670
f 3675/3675/3675 3674/3674/3674 3673/3673/3673
f 3678/3678/3678 3677/3677/3677 3676/3676/3676
f 3681/3681/3681 3680/3680/3680 3679/3679/3679
f 3684/3684/3684 3683/3683/3683 3682/3682/3682
f 3687/3687/3687 3686/3686/3686 3685/3685/3685
f 3690/3690/3690 3689/3689/3689 3688/3688/3688
f 3693/3693/3693 3692/3692/3692 3691/3691/3691
f 3696/3696/3696 3695/3695/3695 3694/3694/3694
f 3699/3699/3699 3698/3698/3698 3697/3697/3697
f 3702/3702/3702 3701/3701/3701 3700/3700/3700
f 3705/3705/3705 3704/3704/3704 3703/3703/3703
f 3708/3708/3708 3707/3707/3707 3706/3706/3706
f 3711/3711/3711 3710/3710/3710 3709/3709/3709
f 3714/3714/3714 3713/3713/3713 3712/3712/3712
f 3717/3717/3717 3716/3716/3716 3715/3715/3715
f 3720/3720/3720 3719/3719/3719 3718/3718/3718
f 3723/3723/3723 3722/3722/3722 3721/3721/3721
f 3726/3726/3726 3725/3725/3725 3724/3724/3724
f 3729/3729/3729 3728/3728/3728 3727/3727/3727
f 3732/3732/3732 3731/3731/3731 3730/3730/3730
f 3735/3735/3735 3734/3734/3734 3733/3733/3733
f 3738/3738/3738 3737/3737/3737 3736/3736/3736
f 3741/3741/3741 3740/3740/3740 3739/3739/3739
f 3744/3744/3744 3743/3743/3743 3742/3742/3742
f 3747/3747/3747 3746/3746/3746 3745/3745/3745
f 3750/3750/3750 3749/3749/3749 3748/3748/3748
f 3753/3753/3753 3752/3752/3752 3751/3751/3751
f 3756/3756/3756 3755/3755/3755 3754/3754/3754
f 3759/3759/3759 3758/3758/3758 3757/3757/3757
f 3762/3762/3762 3761/3761/3761 3760/3760/3760
f 3765/3765/3765 3764/3764/3764 3763/3763/3763
f 3768/3768/3768 3767/3767/3767 3766/3766/3766
f 3771/3771/3771 3770/3770/3770 3769/3769/3769
f 3774/3774/3774 3773/3773/3773 3772/3772/3772
f 3777/3777/3777 3776/3776/3776 3775/3775/3775
f 3780/3780/3780 3779/3779/3779 3778/3778/3778
f 3783/3783/3783 3782/3782/3782 3781/3781/3781
f 3786/3786/3786 3785/3785/3785 3784/3784/3784
f 3789/3789/3789 3788/3788/3788 3787/3787/3787
f 3792/3792/3792 3791/3791/3791 3790/3790/3790
f 3795/3795/3795 3794/3794/3794 3793/3793/3793
f 3798/3798/3798 3797/3797/3797 3796/3796/3796
f 3801/3801/3801 3800/3800/3800 3799/3799/3799
f 3804/3804/3804 3803/3803/3803 3802/3802/3802
f 3807/3807/3807 3806/3806/3806 3805/3805/3805
f 3810/3810/3810 3809/3809/3809 3808/3808/3808
f 3813/3813/3813 3812/3812/3812 3811/3811/3811
f 3816/3816/3816 3815/3815/3815 3814/3814/3814
f 3819/3819/3819 3818/3818/3818 3817/3817/3817
f 3822/3822/3822 3821/3821/3821 3820/3820/3820
f 3825/3825/3825 3824/3824/3824 3823/3823/3823
f 3828/3828/3828 3827/3827/3827 3826/3826/3826
f 3831/3831/3831 3830/3830/3830 3829/3829/3829
f 3834/3834/3834 3833/3833/3833 3832/3832/3832
f 3837/3837/3837 3836/3836/3836 3835/3835/3835
f 3840/3840/3840 3839/3839/3839 3838/3838/3838
f 3843/3843/3843 3842/3842/3842 3841/3841/3841
f 3846/3846/3846 3845/3845/3845 3844/3844/3844
f 3849/3849/3849 3848/3848/3848 3847/3847/3847
f 3852/3852/3852 3851/3851/3851 3850/3850/3850
f 3855/3855/3855 3854/3854/3854 3853/3853/3853
f 3858/3858/3858 3857/3857/3857 3856/3856/3856
f 3861/3861/3861 3860/3860/3860 3859/3859/3859
f 3864/3864/3864 3863/3863/3863 3862/3862/3862
f 3867/3867/3867 3866/3866/3866 3865/3865/3865
f 3870/3870/3870 3869/3869/3869 3868/3868/3868
f 3873/3873/3873 3872/3872/3872 3871/3871/3871
f 3876/3876/3876 3875/3875/3875 3874/3874/3874
f 3879/3879/3879 3878/3878/3878 3877/3877/3877
f 3882/3882/3882 3881/3881/3881 3880/3880/3880
f 3885/3885/3885 3884/3884/3884 3883/3883/3883
f 3888/3888/3888 3887/3887/3887 3886/3886/3886
f 3891/3891/3891 3890/3890/3890 3889/3889/3889
f 3894/3894/3894 3893/3893/3893 3892/3892/3892
f 3897/3897/3897 3896/3896/3896 3895/3895/3895
f 3900/3900/3900 3899/3899/3899 3898/3898/3898
f 3903/3903/3903 3902/3902/3902 3901/3901/3901
f 3906/3906/3906 3905/3905/3905 3904/3904/3904
f 3909/3909/3909 3908/3908/3908 3907/3907/3907
f 3912/3912/3912 3911/3911/3911 3910/3910/3910
f 3915/3915/3915 3914/3914/3914 3913/3913/3913
f 3918/3918/3918 3917/3917/3917 3916/3916/3916
f 3921/3921/3921 3920/3920/3920 3919/3919/3919
f 3924/3924/3924 3923/3923/3923 3922/3922/3922
f 3927/3927/3927 3926/3926/3926 3925/3925/3925
f 3930/3930/3930 3929/3929/3929 3928/3928/3928
f 3933/3933/3933 3932/3932/3932 3931/3931/3931
f 3936/3936/3936 3935/3935/3935 3934/3934/3934
f 3939/3939/3939 3938/3938/3938 3937/3937/3937
f 3942/3942/3942 3941/3941/3941 3940/3940/3940
f 3945/3945/3945 3944/3944/3944 3943/3943/3943
f 3948/3948/3948 3947/3947/3947 3946/3946/3946
f 3951/3951/3951 3950/3950/3950 3949/3949/3949
f 3954/3954/3954 3953/3953/3953 3952/3952/3952
f 3957/3957/3957 3956/3956/3956 3955/3955/3955
f 3960/3960/3960 3959/3959/3959 3958/3958/3958
f 3963/3963/3963 3962/3962/3962 3961/3961/3961
f 3966/3966/3966 3965/3965/3965 3964/3964/3964
f 3969/3969/3969 3968/3968/3968 3967/3967/3967
f 3972/3972/3972 3971/3971/3971 3970/3970/3970
f 3975/3975/3975 3974/3974/3974 3973/3973/3973
f 3978/3978/3978 3977/3977/3977 3976/3976/3976
f 3981/3981/3981 3980/3980/3980 3979/3979/3979
f 3984/3984/3984 3983/3983/3983 3982/3982/3982
f 3987/3987/3987 3986/3986/3986 3985/3985/3985
f 3990/3990/3990 3989/3989/3989 3988/3988/3988
f 3993/3993/3993 3992/3992/3992 3991/3991/3991
f 3996/3996/3996 3995/3995/3995 3994/3994/3994
f 3999/3999/3999 3998/3998/3998 3997/3997/3997
f 4002/4002/4002 4001/4001/4001 4000/4000/4000
f 4005/4005/4005 4004/4004/4004 4003/4003/4003
f 4008/4008/4008 4007/4007/4007 4006/4006/4006
f 4011/4011/4011 4010/4010/4010 4009/4009/4009
f 4014/4014/4014 4013/4013/4013 4012/4012/4012
f 4017/4017/4017 4016/4016/4016 4015/4015/4015
f 4020/4020/4020 4019/4019/4019 4018/4018/4018
f 4023/4023/4023 4022/4022/4022 4021/4021/4021
f 4026/4026/4026 4025/4025/4025 4024/4024/4024
f 4029/4029/4029 4028/4028/4028 4027/4027/4027
f 4032/4032/4032 4031/4031/4031 4030/4030/4030
f 4035/4035/4035 4034/4034/4034 4033/4033/4033
f 4038/4038/4038 4037/4037/4037 4036/4036/4036
f 4041/4041/4041 4040/4040/4040 4039/4039/4039
f 4044/4044/4044 4043/4043/4043 4042/4042/4042
f 4047/4047/4047 4046/4046/4046 4045/4045/4045
f 4050/4050/4050 4049/4049/4049 4048/4048/4048
f 4053/4053/4053 4052/4052/4052 4051/4051/4051
f 4056/4056/4056 4055/4055/4055 4054/4054/4054
f 4059/4059/4059 4058/4058/4058 4057/4057/4057
f 4062/4062/4062 4061/4061/4061 4060/4060/4060
f 4065/4065/4065 4064/4064/4064 4063/4063/4063
f 4068/4068/4068 4067/4067/4067 4066/4066/4066
f 4071/4071/4071 4070/4070/4070 4069/4069/4069
f 4074/4074/4074 4073/4073/4073 4072/4072/4072
f 4077/4077/4077 4076/4076/4076 4075/4075/4075
f 4080/4080/4080 4079/4079/4079 4078/4078/4078
f 4083/4083/4083 4082/4082/4082 4081/4081/4081
f 4086/4086/4086 4085/4085/4085 4084/4084/4084
f 4089/4089/4089 4088/4088/4088 4087/4087/4087
f 4092/4092/4092 4091/4091/4091 4090/4090/4090
f 4095/4095/4095 4094/4094/4094 4093/4093/4093
f 4098/4098/4098 4097/4097/4097 4096/4096/4096
f 4101/4101/4101 4100/4100/4100 4099/4099/4099
f 4104/4104/4104 4103/4103/4103 4102/4102/4102
f 4107/4107/4107 4106/4106/4106 4105/4105/4105
f 4110/4110/4110 4109/4109/4109 4108/4108/4108
f 4113/4113/4113 4112/4112/4112 4111/4111/4111
f 4116/4116/4116 4115/4115/4115 4114/4114/4114
f 4119/4119/4119 4118/4118/4118 4117/4117/4117
f 4122/4122/4122 4121/4121/4121 4120/4120/4120
f 4125/4125/4125 4124/4124/4124 4123/4123/4123
f 4128/4128/4128 4127/4127/4127 4126/4126/4126
f 4131/4131/4131 4130/4130/4130 4129/4129/4129
f 4134/4134/4134 4133/4133/4133 4132/4132/4132
f 4137/4137/4137 4136/4136/4136 4135/4135/4135
f 4140/4140/4140 4139/4139/4139 4138/4138/4138
f 4143/4143/4143 4142/4142/4142 4141/4141/4141
f 4146/4146/4146 4145/4145/4145 4144/4144/4144
f 4149/4149/4149 4148/4148/4148 4147/4147/4147
f 4152/4152/4152 4151/4151/4151 4150/4150/4150
f 4155/4155/4155 4154/4154/4154 4153/4153/4153
f 4158/4158/4158 4157/4157/4157 4156/4156/4156
f 4161/4161/4161 4160/4160/4160 4159/4159/4159
f 4164/4164/4164 4163/4163/4163 4162/4162/4162
f 4167/4167/4167 4166/4166/4166 4165/4165/4165
f 4170/4170/4170 4169/4169/4169 4168/4168/4168
f 4173/4173/4173 4172/4172/4172 4171/4171/4171
f 4176/4176/4176 4175/4175/4175 4174/4174/4174
f 4179/4179/4179 4178/4178/4178 4177/4177/4177
f 4182/4182/4182 4181/4181/4181 4180/4180/4180
f 4185/4185/4185 4184/4184/4184 4183/4183/4183
f 4188/4188/4188 4187/4187/4187 4186/4186/4186
f 4191/4191/4191 4190/4190/4190 4189/4189/4189
f 4194/4194/4194 4193/4193/4193 4192/4192/4192
f 4197/4197/4197 4196/4196/4196 4195/4195/4195
f 4200/4200/4200 4199/4199/4199 4198/4198/4198
f 4203/4203/4203 4202/4202/4202 4201/4201/4201
f 4206/4206/4206 4205/4205/4205 4204/4204/4204
f 4209/4209/4209 4208/4208/4208 4207/4207/4207
f 4212/4212/4212 4211/4211/4211 4210/4210/4210
f 4215/4215/4215 4214/4214/4214 4213/4213/4213
f 4218/4218/4218 4217/4217/4217 4216/4216/4216
f 4221/4221/4221 4220/4220/4220 4219/4219/4219
f 4224/4224/4224 4223/4223/4223 4222/4222/4222
f 4227/4227/4227 4226/4226/4226 4225/4225/4225
f 4230/4230/4230 4229/4229/4229 4228/4228/4228
f 4233/4233/4233 4232/4232/4232 4231/4231/4231
f 4236/4236/4236 4235/4235/4235 4234/4234/4234
f 4239/4239/4239 4238/4238/4238 4237/4237/4237
f 4242/4242/4242 4241/4241/4241 4240/4240/4240
f 4245/4245/4245 4244/4244/4244 4243/4243/4243
f 4248/4248/4248 4247/4247/4247 4246/4246/4246
f 4251/4251/4251 4250/4250/4250 4249/4249/4249
f 4254/4254/4254 4253/4253/4253 4252/4252/4252
f 4257/4257/4257 4256/4256/4256 4255/4255/4255
f 4260/4260/4260 4259/4259/4259 4258/4258/4258
f 4263/4263/4263 4262/4262/4262 4261/4261/4261
f 4266/4266/4266 4265/4265/4265 4264/4264/4264
f 4269/4269/4269 4268/4268/4268 4267/4267/4267
f 4272/4272/4272 4271/4271/4271 4270/4270/4270
f 4275/4275/4275 4274/4274/4274 4273/4273/4273
f 4278/4278/4278 4277/4277/4277 4276/4276/4276
f 4281/4281/4281 4280/4280/4280 4279/4279/4279
f 4284/4284/4284 4283/4283/4283 4282/4282/4282
f 4287/4287/4287 4286/4286/4286 4285/4285/4285
f 4290/4290/4290 4289/4289/4289 4288/4288/4288
f 4293/4293/4293 4292/4292/4292 4291/4291/4291
f 4296/4296/4296 4295/4295/4295 4294/4294/4294
f 4299/4299/4299 4298/4298/4298 4297/4297/4297
f 4302/4302/4302 4301/4301/4301 4300/4300/4300
f 4305/4305/4305 4304/4304/4304 4303/4303/4303
f 4308/4308/4308 4307/4307/4307 4306/4306/4306
f 4311/4311/4311 4310/4310/4310 4309/4309/4309
f 4314/4314/4314 4313/4313/4313 4312/4312/4312
f 4317/4317/4317 4316/4316/4316 4315/4315/4315
f 4320/4320/4320 4319/4319/4319 4318/4318/4318
f 4323/4323/4323 4322/4322/4322 4321/4321/4321
f 4326/4326/4326 4325/4325/4325 4324/4324/4324
f 4329/4329/4329 4328/4328/4328 4327/4327/4327
f 4332/4332/4332 4331/4331/4331 4330/4330/4330
f 4335/4335/4335 4334/4334/4334 4333/4333/4333
f 4338/4338/4338 4337/4337/4337 4336/4336/4336
f 4341/4341/4341 4340/4340/4340 4339/4339/4339
f 4344/4344/4344 4343/4343/4343 4342/4342/4342
f 4347/4347/4347 4346/4346/4346 4345/4345/4345
f 4350/4350/4350 4349/4349/4349 4348/4348/4348
f 4353/4353/4353 4352/4352/4352 4351/4351/4351
f 4356/4356/4356 4355/4355/4355 4354/4354/4354
f 4359/4359/4359 4358/4358/4358 4357/4357/4357
f 4362/4362/4362 4361/4361/4361 4360/4360/4360
f 4365/4365/4365 4364/4364/4364 4363/4363/4363
f 4368/4368/4368 4367/4367/4367 4366/4366/4366
f 4371/4371/4371 4370/4370/4370 4369/4369/4369
f 4374/4374/4374 4373/4373/4373 4372/4372/4372
f 4377/4377/4377 4376/4376/4376 4375/4375/4375
f 4380/4380/4380 4379/4379/4379 4378/4378/4378
f 4383/4383/4383 4382/4382/4382 4381/4381/4381
f 4386/4386/4386 4385/4385/4385 4384/4384/4384
f 4389/4389/4389 4388/4388/4388 4387/4387/4387
f 4392/4392/4392 4391/4391/4391 4390/4390/4390
f 4395/4395/4395 4394/4394/4394 4393/4393/4393
f 4398/4398/4398 4397/4397/4397 4396/4396/4396
f 4401/4401/4401 4400/4400/4400 4399/4399/4399
f 4404/4404/4404 4403/4403/4403 4402/4402/4402
f 4407/4407/4407 4406/4406/4406 4405/4405/4405
f 4410/4410/4410 4409/4409/4409 4408/4408/4408
f 4413/4413/4413 4412/4412/4412 4411/4411/4411
f 4416/4416/4416 4415/4415/4415 4414/4414/4414
f 4419/4419/4419 4418/4418/4418 4417/4417/4417
f 4422/4422/4422 4421/4421/4421 4420/4420/4420
f 4425/4425/4425 4424/4424/4424 4423/4423/4423
f 4428/4428/4428 4427/4427/4427 4426/4426/4426
f 4431/4431/4431 4430/4430/4430 4429/4429/4429
f 4434/4434/4434 4433/4433/4433 4432/4432/4432
f 4437/4437/4437 4436/4436/4436 4435/4435/4435
f 4440/4440/4440 4439/4439/4439 4438/4438/4438
f 4443/4443/4443 4442/4442/4442 4441/4441/4441
f 4446/4446/4446 4445/4445/4445 4444/4444/4444
f 4449/4449/4449 4448/4448/4448 4447/4447/4447
f 4452/4452/4452 4451/4451/4451 4450/4450/4450
f 4455/4455/4455 4454/4454/4454 4453/4453/4453
f 4458/4458/4458 4457/4457/4457 4456/4456/4456
f 4461/4461/4461 4460/4460/4460 4459/4459/4459
f 4464/4464/4464 4463/4463/4463 4462/4462/4462
f 4467/4467/4467 4466/4466/4466 4465/4465/4465
f 4470/4470/4470 4469/4469/4469 4468/4468/4468
f 4473/4473/4473 4472/4472/4472 4471/4471/4471
f 4476/4476/4476 4475/4475/4475 4474/4474/4474
f 4479/4479/4479 4478/4478/4478 4477/4477/4477
f 4482/4482/4482 4481/4481/4481 4480/4480/4480
f 4485/4485/4485 4484/4484/4484 4483/4483/4483
f 4488/4488/4488 4487/4487/4487 4486/4486/4486
f 4491/4491/4491 4490/4490/4490 4489/4489/4489
f 4494/4494/4494 4493/4493/4493 4492/4492/4492
f 4497/4497/4497 4496/4496/4496 4495/4495/4495
f 4500/4500/4500 4499/4499/4499 4498/4498/4498
f 4503/4503/4503 4502/4502/4502 4501/4501/4501
f 4506/4506/4506 4505/4505/4505 4504/4504/4504
f 4509/4509/4509 4508/4508/4508 4507/4507/4507
f 4512/4512/4512 4511/4511/4511 4510/4510/4510
f 4515/4515/4515 4514/4514/4514 4513/4513/4513
f 4518/4518/4518 4517/4517/4517 4516/4516/4516
f 4521/4521/4521 4520/4520/4520 4519/4519/4519
f 4524/4524/4524 4523/4523/4523 4522/4522/4522
f 4527/4527/4527 4526/4526/4526 4525/4525/4525
f 4530/4530/4530 4529/4529/4529 4528/4528/4528
f 4533/4533/4533 4532/4532/4532 4531/4531/4531
f 4536/4536/4536 4535/4535/4535 4534/4534/4534
f 4539/4539/4539 4538/4538/4538 4537/4537/4537
f 4542/4542/4542 4541/4541/4541 4540/4540/4540
f 4545/4545/4545 4544/4544/4544 4543/4543/4543
f 4548/4548/4548 4547/4547/4547 4546/4546/4546
f 4551/4551/4551 4550/4550/4550 4549/4549/4549
f 4554/4554/4554 4553/4553/4553 4552/4552/4552
f 4557/4557/4557 4556/4556/4556 4555/4555/4555
f 4560/4560/4560 4559/4559/4559 4558/4558/4558
f 4563/4563/4563 4562/4562/4562 4561/4561/4561
f 4566/4566/4566 4565/4565/4565 4564/4564/4564
f 4569/4569/4569 4568/4568/4568 4567/4567/4567
f 4572/4572/4572 4571/4571/4571 4570/4570/4570
f 4575/4575/4575 4574/4574/4574 4573/4573/4573
f 4578/4578/4578 4577/4577/4577 4576/4576/4576
f 4581/4581/4581 4580/4580/4580 4579/4579/4579
f 4584/4584/4584 4583/4583/4583 4582/4582/4582
f 4587/4587/4587 4586/4586/4586 4585/4585/4585
f 4590/4590/4590 4589/4589/4589 4588/4588/4588
f 4593/4593/4593 4592/4592/4592 4591/4591/4591
f 4596/4596/4596 4595/4595/4595 4594/4594/4594
f 4599/4599/4599 4598/4598/4598 4597/4597/4597
f 4602/4602/4602 4601/4601/4601 4600/4600/4600
f 4605/4605/4605 4604/4604/4604 4603/4603/4603
f 4608/4608/4608 4607/4607/4607 4606/4606/4606
f 4611/4611/4611 4610/4610/4610 4609/4609/4609
f 4614/4614/4614 4613/4613/4613 4612/4612/4612
f 4617/4617/4617 4616/4616/4616 4615/4615/4615
f 4620/4620/4620 4619/4619/4619 4618/4618/4618
f 4623/4623/4623 4622/4622/4622 4621/4621/4621
f 4626/4626/4626 4625/4625/4625 4624/4624/4624
f 4629/4629/4629 4628/4628/4628 4627/4627/4627
f 4632/4632/4632 4631/4631/4631 4630/4630/4630
f 4635/4635/4635 4634/4634/4634 4633/4633/4633
f 4638/4638/4638 4637/4637/4637 4636/4636/4636
f 4641/4641/4641 4640/4640/4640 4639/4639/4639
f 4644/4644/4644 4643/4643/4643 4642/4642/4642
f 4647/4647/4647 4646/4646/4646 4645/4645/4645
f 4650/4650/4650 4649/4649/4649 4648/4648/4648
f 4653/4653/4653 4652/4652/4652 4651/4651/4651
f 4656/4656/4656 4655/4655/4655 4654/4654/4654
f 4659/4659/4659 4658/4658/4658 4657/4657/4657
f 4662/4662/4662 4661/4661/4661 4660/4660/4660
f 4665/4665/4665 4664/4664/4664 4663/4663/4663
f 4668/4668/4668 4667/4667/4667 4666/4666/4666
f 4671/4671/4671 4670/4670/4670 4669/4669/4669
f 4674/4674/4674 4673/4673/4673 4672/4672/4672
f 4677/4677/4677 4676/4676/4676 4675/4675/4675
f 4680/4680/4680 4679/4679/4679 4678/4678/4678
f 4683/4683/4683 4682/4682/4682 4681/4681/4681
f 4686/4686/4686 4685/4685/4685 4684/4684/4684
f 4689/4689/4689 4688/4688/4688 4687/4687/4687
f 4692/4692/4692 4691/4691/4691 4690/4690/4690
f 4695/4695/4695 4694/4694/4694 4693/4693/4693
f 4698/4698/4698 4697/4697/4697 4696/4696/4696
f 4701/4701/4701 4700/4700/4700 4699/4699/4699
f 4704/4704/4704 4703/4703/4703 4702/4702/4702
f 4707/4707/4707 4706/4706/4706 4705/4705/4705
f 4710/4710/4710 4709/4709/4709 4708/4708/4708
f 4713/4713/4713 4712/4712/4712 4711/4711/4711
f 4716/4716/4716 4715/4715/4715 4714/4714/4714
f 4719/4719/4719 4718/4718/4718 4717/4717/4717
f 4722/4722/4722 4721/4721/4721 4720/4720/4720
f 4725/4725/4725 4724/4724/4724 4723/4723/4723
f 4728/4728/4728 4727/4727/4727 4726/4726/4726
f 4731/4731/4731 4730/4730/4730 4729/4729/4729
f 4734/4734/4734 4733/4733/4733 4732/4732/4732
f 4737/4737/4737 4736/4736/4736 4735/4735/4735
f 4740/4740/4740 4739/4739/4739 4738/4738/4738
f 4743/4743/4743 4742/4742/4742 4741/4741/4741
f 4746/4746/4746 4745/4745/4745 4744/4744/4744
f 4749/4749/4749 4748/4748/4748 4747/4747/4747
f 4752/4752/4752 4751/4751/4751 4750/4750/4750
f 4755/4755/4755 4754/4754/4754 4753/4753/4753
f 4758/4758/4758 4757/4757/4757 4756/4756/4756
f 4761/4761/4761 4760/4760/4760 4759/4759/4759
f 4764/4764/4764 4763/4763/4763 4762/4762/4762
f 4767/4767/4767 4766/4766/4766 4765/4765/4765
f 4770/4770/4770 4769/4769/4769 4768/4768/4768
f 4773/4773/4773 4772/4772/4772 4771/4771/4771
f 4776/4776/4776 4775/4775/4775 4774/4774/4774
f 4779/4779/4779 4778/4778/4778 4777/4777/4777
f 4782/4782/4782 4781/4781/4781 4780/4780/4780
f 4785/4785/4785 4784/4784/4784 4783/4783/4783
f 4788/4788/4788 4787/4787/4787 4786/4786/4786
f 4791/4791/4791 4790/4790/4790 4789/4789/4789
f 4794/4794/4794 4793/4793/4793 4792/4792/4792
f 4797/4797/4797 4796/4796/4796 4795/4795/4795
f 4800/4800/4800 4799/4799/4799 4798/4798/4798
f 4803/4803/4803 4802/4802/4802 4801/4801/4801
f 4806/4806/4806 4805/4805/4805 4804/4804/4804
f 4809/4809/4809 4808/4808/4808 4807/4807/4807
f 4812/4812/4812 4811/4811/4811 4810/4810/4810
f 4815/4815/4815 4814/4814/4814 4813/4813/4813
f 4818/4818/4818 4817/4817/4817 4816/4816/4816
f 4821/4821/4821 4820/4820/4820 4819/4819/4819
f 4824/4824/4824 4823/4823/4823 4822/4822/4822
f 4827/4827/4827 4826/4826/4826 4825/4825/4825
f 4830/4830/4830 4829/4829/4829 4828/4828/4828
f 4833/4833/4833 4832/4832/4832 4831/4831/4831
f 4836/4836/4836 4835/4835/4835 4834/4834/4834
f 4839/4839/4839 4838/4838/4838 4837/4837/4837
f 4842/4842/4842 4841/4841/4841 4840/4840/4840
f 4845/4845/4845 4844/4844/4844 4843/4843/4843
f 4848/4848/4848 4847/4847/4847 4846/4846/4846
f 4851/4851/4851 4850/4850/4850 4849/4849/4849
f 4854/4854/4854 4853/4853/4853 4852/4852/4852
f 4857/4857/4857 4856/4856/4856 4855/4855/4855
f 4860/4860/4860 4859/4859/4859 4858/4858/4858
f 4863/4863/4863 4862/4862/4862 4861/4861/4861
f 4866/4866/4866 4865/4865/4865 4864/4864/4864
f 4869/4869/4869 4868/4868/4868 4867/4867/4867
f 4872/4872/4872 4871/4871/4871 4870/4870/4870
f 4875/4875/4875 4874/4874/4874 4873/4873/4873
f 4878/4878/4878 4877/4877/4877 4876/4876/4876
f 4881/4881/4881 4880/4880/4880 4879/4879/4879
f 4884/4884/4884 4883/4883/4883 4882/4882/4882
f 4887/4887/4887 4886/4886/4886 4885/4885/4885
f 4890/4890/4890 4889/4889/4889 4888/4888/4888
f 4893/4893/4893 4892/4892/4892 4891/4891/4891
f 4896/4896/4896 4895/4895/4895 4894/4894/4894
f 4899/4899/4899 4898/4898/4898 4897/4897/4897
f 4902/4902/4902 4901/4901/4901 4900/4900/4900
f 4905/4905/4905 4904/4904/4904 4903/4903/4903
f 4908/4908/4908 4907/4907/4907 4906/4906/4906
f 4911/4911/4911 4910/4910/4910 4909/4909/4909
f 4914/4914/4914 4913/4913/4913 4912/4912/4912
f 4917/4917/4917 4916/4916/4916 4915/4915/4915
f 4920/4920/4920 4919/4919/4919 4918/4918/4918
f 4923/4923/4923 4922/4922/4922 4921/4921/4921
f 4926/4926/4926 4925/4925/4925 4924/4924/4924
f 4929/4929/4929 4928/4928/4928 4927/4927/4927
f 4932/4932/4932 4931/4931/4931 4930/4930/4930
f 4935/4935/4935 4934/4934/4934 4933/4933/4933
f 4938/4938/4938 4937/4937/4937 4936/4936/4936
f 4941/4941/4941 4940/4940/4940 4939/4939/4939
f 4944/4944/4944 4943/4943/4943 4942/4942/4942
f 4947/4947/4947 4946/4946/4946 4945/4945/4945
f 4950/4950/4950 4949/4949/4949 4948/4948/4948
f 4953/4953/4953 4952/4952/4952 4951/4951/4951
f 4956/4956/4956 4955/4955/4955 4954/4954/4954
f 4959/4959/4959 4958/4958/4958 4957/4957/4957
f 4962/4962/4962 4961/4961/4961 4960/4960/4960
f 4965/4965/4965 4964/4964/4964 4963/4963/4963
f 4968/4968/4968 4967/4967/4967 4966/4966/4966
f 4971/4971/4971 4970/4970/4970 4969/4969/4969
f 4974/4974/4974 4973/4973/4973 4972/4972/4972
f 4977/4977/4977 4976/4976/4976 4975/4975/4975
f 4980/4980/4980 4979/4979/4979 4978/4978/4978
f 4983/4983/4983 4982/4982/4982 4981/4981/4981
f 4986/4986/4986 4985/4985/4985 4984/4984/4984
f 4989/4989/4989 4988/4988/4988 4987/4987/4987
f 4992/4992/4992 4991/4991/4991 4990/4990/4990
f 4995/4995/4995 4994/4994/4994 4993/4993/4993
f 4998/4998/4998 4997/4997/4997 4996/4996/4996
f 5001/5001/5001 5000/5000/5000 4999/4999/4999
f 5004/5004/5004 5003/5003/5003 5002/5002/5002
f 5007/5007/5007 5006/5006/5006 5005/5005/5005
f 5010/5010/5010 5009/5009/5009 5008/5008/5008
f 5013/5013/5013 5012/5012/5012 5011/5011/5011
f 5016/5016/5016 5015/5015/5015 5014/5014/5014
f 5019/5019/5019 5018/5018/5018 5017/5017/5017
f 5022/5022/5022 5021/5021/5021 5020/5020/5020
f 5025/5025/5025 5024/5024/5024 5023/5023/5023
f 5028/5028/5028 5027/5027/5027 5026/5026/5026
f 5031/5031/5031 5030/5030/5030 5029/5029/5029
f 5034/5034/5034 5033/5033/5033 5032/5032/5032
f 5037/5037/5037 5036/5036/5036 5035/5035/5035
f 5040/5040/5040 5039/5039/5039 5038/5038/5038
f 5043/5043/5043 5042/5042/5042 5041/5041/5041
f 5046/5046/5046 5045/5045/5045 5044/5044/5044
f 5049/5049/5049 5048/5048/5048 5047/5047/5047
f 5052/5052/5052 5051/5051/5051 5050/5050/5050
f 5055/5055/5055 5054/5054/5054 5053/5053/5053
f 5058/5058/5058 5057/5057/5057 5056/5056/5056
f 5061/5061/5061 5060/5060/5060 5059/5059/5059
f 5064/5064/5064 5063/5063/5063 5062/5062/5062
f 5067/5067/5067 5066/5066/5066 5065/5065/5065
f 5070/5070/5070 5069/5069/5069 5068/5068/5068
f 5073/5073/5073 5072/5072/5072 5071/5071/5071
f 5076/5076/5076 5075/5075/5075 5074/5074/5074
f 5079/5079/5079 5078/5078/5078 5077/5077/5077
f 5082/5082/5082 5081/5081/5081 5080/5080/5080
f 5085/5085/5085 5084/5084/5084 5083/5083/5083
f 5088/5088/5088 5087/5087/5087 5086/5086/5086
f 5091/5091/5091 5090/5090/5090 5089/5089/5089
f 5094/5094/5094 5093/5093/5093 5092/5092/5092
f 5097/5097/5097 5096/5096/5096 5095/5095/5095
f 5100/5100/5100 5099/5099/5099 5098/5098/5098
f 5103/5103/5103 5102/5102/5102 5101/5101/5101
f 5106/5106/5106 5105/5105/5105 5104/5104/5104
f 5109/5109/5109 5108/5108/5108 5107/5107/5107
f 5112/5112/5112 5111/5111/5111 5110/5110/5110
f 5115/5115/5115 5114/5114/5114 5113/5113/5113
f 5118/5118/5118 5117/5117/5117 5116/5116/5116
f 5121/5121/5121 5120/5120/5120 5119/5119/5119
f 5124/5124/5124 5123/5123/5123 5122/5122/5122
f 5127/5127/5127 5126/5126/5126 5125/5125/5125
f 5130/5130/5130 5129/5129/5129 5128/5128/5128
f 5133/5133/5133 5132/5132/5132 5131/5131/5131
f 5136/5136/5136 5135/5135/5135 5134/5134/5134
f 5139/5139/5139 5138/5138/5138 5137/5137/5137
f 5142/5142/5142 5141/5141/5141 5140/5140/5140
f 5145/5145/5145 5144/5144/5144 5143/5143/5143
f 5148/5148/5148 5147/5147/5147 5146/5146/5146
f 5151/5151/5151 5150/5150/5150 5149/5149/5149
f 5154/5154/5154 5153/5153/5153 5152/5152/5152
f 5157/5157/5157 5156/5156/5156 5155/5155/5155
f 5160/5160/5160 5159/5159/5159 5158/5158/5158
f 5163/5163/5163 5162/5162/5162 5161/5161/5161
f 5166/5166/5166 5165/5165/5165 5164/5164/5164
f 5169/5169/5169 5168/5168/5168 5167/5167/5167
f 5172/5172/5172 5171/5171/5171 5170/5170/5170
f 5175/5175/5175 5174/5174/5174 5173/5173/5173
f 5178/5178/5178 5177/5177/5177 5176/5176/5176
f 5181/5181/5181 5180/5180/5180 5179/5179/5179
f 5184/5184/5184 5183/5183/5183 5182/5182/5182
f 5187/5187/5187 5186/5186/5186 5185/5185/5185
f 5190/5190/5190 5189/5189/5189 5188/5188/5188
f 5193/5193/5193 5192/5192/5192 5191/5191/5191
f 5196/5196/5196 5195/5195/5195 5194/5194/5194
f 5199/5199/5199 5198/5198/5198 5197/5197/5197
f 5202/5202/5202 5201/5201/5201 5200/5200/5200
f 5205/5205/5205 5204/5204/5204 5203/5203/5203
f 5208/5208/5208 5207/5207/5207 5206/5206/5206
f 5211/5211/5211 5210/5210/5210 5209/5209/5209
f 5214/5214/5214 5213/5213/5213 5212/5212/5212
f 5217/5217/5217 5216/5216/5216 5215/5215/5215
f 5220/5220/5220 5219/5219/5219 5218/5218/5218
f 5223/5223/5223 5222/5222/5222 5221/5221/5221
f 5226/5226/5226 5225/5225/5225 5224/5224/5224
f 5229/5229/5229 5228/5228/5228 5227/5227/5227
f 5232/5232/5232 5231/5231/5231 5230/5230/5230
f 5235/5235/5235 5234/5234/5234 5233/5233/5233
f 5238/5238/5238 5237/5237/5237 5236/5236/5236
f 5241/5241/5241 5240/5240/5240 5239/5239/5239
f 5244/5244/5244 5243/5243/5243 5242/5242/5242
f 5247/5247/5247 5246/5246/5246 5245/5245/5245
f 5250/5250/5250 5249/5249/5249 5248/5248/5248
f 5253/5253/5253 5252/5252/5252 5251/5251/5251
f 5256/5256/5256 5255/5255/5255 5254/5254/5254
f 5259/5259/5259 5258/5258/5258 5257/5257/5257
f 5262/5262/5262 5261/5261/5261 5260/5260/5260
f 5265/5265/5265 5264/5264/5264 5263/5263/5263
f 5268/5268/5268 5267/5267/5267 5266/5266/5266
f 5271/5271/5271 5270/5270/5270 5269/5269/5269
f 5274/5274/5274 5273/5273/5273 5272/5272/5272
f 5277/5277/5277 5276/5276/5276 5275/5275/5275
f 5280/5280/5280 5279/5279/5279 5278/5278/5278
f 5283/5283/5283 5282/5282/5282 5281/5281/5281
f 5286/5286/5286 5285/5285/5285 5284/5284/5284
f 5289/5289/5289 5288/5288/5288 5287/5287/5287
f 5292/5292/5292 5291/5291/5291 5290/5290/5290
f 5295/5295/5295 5294/5294/5294 5293/5293/5293
f 5298/5298/5298 5297/5297/5297 5296/5296/5296
f 5301/5301/5301 5300/5300/5300 5299/5299/5299
f 5304/5304/5304 5303/5303/5303 5302/5302/5302
f 5307/5307/5307 5306/5306/5306 5305/5305/5305
f 5310/5310/5310 5309/5309/5309 5308/5308/5308
f 5313/5313/5313 5312/5312/5312 5311/5311/5311
f 5316/5316/5316 5315/5315/5315 5314/5314/5314
f 5319/5319/5319 5318/5318/5318 5317/5317/5317
f 5322/5322/5322 5321/5321/5321 5320/5320/5320
f 5325/5325/5325 5324/5324/5324 5323/5323/5323
f 5328/5328/5328 5327/5327/5327 5326/5326/5326
f 5331/5331/5331 5330/5330/5330 5329/5329/5329
f 5334/5334/5334 5333/5333/5333 5332/5332/5332
f 5337/5337/5337 5336/5336/5336 5335/5335/5335
f 5340/5340/5340 5339/5339/5339 5338/5338/5338
f 5343/5343/5343 5342/5342/5342 5341/5341/5341
f 5346/5346/5346 5345/5345/5345 5344/5344/5344
f 5349/5349/5349 5348/5348/5348 5347/5347/5347
f 5352/5352/5352 5351/5351/5351 5350/5350/5350
f 5355/5355/5355 5354/5354/5354 5353/5353/5353
f 5358/5358/5358 5357/5357/5357 5356/5356/5356
f 5361/5361/5361 5360/5360/5360 5359/5359/5359
f 5364/5364/5364 5363/5363/5363 5362/5362/5362
f 5367/5367/5367 5366/5366/5366 5365/5365/5365
f 5370/5370/5370 5369/5369/5369 5368/5368/5368
f 5373/5373/5373 5372/5372/5372 5371/5371/5371
f 5376/5376/5376 5375/5375/5375 5374/5374/5374
f 5379/5379/5379 5378/5378/5378 5377/5377/5377
f 5382/5382/5382 5381/5381/5381 5380/5380/5380
f 5385/5385/5385 5384/5384/5384 5383/5383/5383
f 5388/5388/5388 5387/5387/5387 5386/5386/5386
f 5391/5391/5391 5390/5390/5390 5389/5389/5389
f 5394/5394/5394 5393/5393/5393 5392/5392/5392
f 5397/5397/5397 5396/5396/5396 5395/5395/5395
f 5400/5400/5400 5399/5399/5399 5398/5398/5398
f 5403/5403/5403 5402/5402/5402 5401/5401/5401
f 5406/5406/5406 5405/5405/5405 5404/5404/5404
f 5409/5409/5409 5408/5408/5408 5407/5407/5407
f 5412/5412/5412 5411/5411/5411 5410/5410/5410
f 5415/5415/5415 5414/5414/5414 5413/5413/5413
f 5418/5418/5418 5417/5417/5417 5416/5416/5416
f 5421/5421/5421 5420/5420/5420 5419/5419/5419
f 5424/5424/5424 5423/5423/5423 5422/5422/5422
f 5427/5427/5427 5426/5426/5426 5425/5425/5425
f 5430/5430/5430 5429/5429/5429 5428/5428/5428
f 5433/5433/5433 5432/5432/5432 5431/5431/5431
f 5436/5436/5436 5435/5435/5435 5434/5434/5434
f 5439/5439/5439 5438/5438/5438 5437/5437/5437
f 5442/5442/5442 5441/5441/5441 5440/5440/5440
f 5445/5445/5445 5444/5444/5444 5443/5443/5443
f 5448/5448/5448 5447/5447/5447 5446/5446/5446
f 5451/5451/5451 5450/5450/5450 5449/5449/5449
f 5454/5454/5454 5453/5453/5453 5452/5452/5452
f 5457/5457/5457 5456/5456/5456 5455/5455/5455
f 5460/5460/5460 5459/5459/5459 5458/5458/5458
f 5463/5463/5463 5462/5462/5462 5461/5461/5461
f 5466/5466/5466 5465/5465/5465 5464/5464/5464
f 5469/5469/5469 5468/5468/5468 5467/5467/5467
f 5472/5472/5472 5471/5471/5471 5470/5470/5470
f 5475/5475/5475 5474/5474/5474 5473/5473/5473
f 5478/5478/5478 5477/5477/5477 5476/5476/5476
f 5481/5481/5481 5480/5480/5480 5479/5479/5479
f 5484/5484/5484 5483/5483/5483 5482/5482/5482
f 5487/5487/5487 5486/5486/5486 5485/5485/5485
f 5490/5490/5490 5489/5489/5489 5488/5488/5488
f 5493/5493/5493 5492/5492/5492 5491/5491/5491
f 5496/5496/5496 5495/5495/5495 5494/5494/5494
f 5499/5499/5499 5498/5498/5498 5497/5497/5497
f 5502/5502/5502 5501/5501/5501 5500/5500/5500
f 5505/5505/5505 5504/5504/5504 5503/5503/5503
f 5508/5508/5508 5507/5507/5507 5506/5506/5506
f 5511/5511/5511 5510/5510/5510 5509/5509/5509
f 5514/5514/5514 5513/5513/5513 5512/5512/5512
f 5517/5517/5517 5516/5516/5516 5515/5515/5515
f 5520/5520/5520 5519/5519/5519 5518/5518/5518
f 5523/5523/5523 5522/5522/5522 5521/5521/5521
f 5526/5526/5526 5525/5525/5525 5524/5524/5524
f 5529/5529/5529 5528/5528/5528 5527/5527/5527
f 5532/5532/5532 5531/5531/5531 5530/5530/5530
f 5535/5535/5535 5534/5534/5534 5533/5533/5533
f 5538/5538/5538 5537/5537/5537 5536/5536/5536
f 5541/5541/5541 5540/5540/5540 5539/5539/5539
f 5544/5544/5544 5543/5543/5543 5542/5542/5542
f 5547/5547/5547 5546/5546/5546 5545/5545/5545
f 5550/5550/5550 5549/5549/5549 5548/5548/5548
f 5553/5553/5553 5552/5552/5552 5551/5551/5551
f 5556/5556/5556 5555/5555/5555 5554/5554/5554
f 5559/5559/5559 5558/5558/5558 5557/5557/5557
f 5562/5562/5562 5561/5561/5561 5560/5560/5560
f 5565/5565/5565 5564/5564/5564 5563/5563/5563
f 5568/5568/5568 5567/5567/5567 5566/5566/5566
f 5571/5571/5571 5570/5570/5570 5569/5569/5569
f 5574/5574/5574 5573/5573/5573 5572/5572/5572
f 5577/5577/5577 5576/5576/5576 5575/5575/5575
f 5580/5580/5580 5579/5579/5579 5578/5578/5578
f 5583/5583/5583 5582/5582/5582 5581/5581/5581
f 5586/5586/5586 5585/5585/5585 5584/5584/5584
f 5589/5589/5589 5588/5588/5588 5587/5587/5587
f 5592/5592/5592 5591/5591/5591 5590/5590/5590
f 5595/5595/5595 5594/5594/5594 5593/5593/5593
f 5598/5598/5598 5597/5597/5597 5596/5596/5596
f 5601/5601/5601 5600/5600/5600 5599/5599/5599
f 5604/5604/5604 5603/5603/5603 5602/5602/5602
f 5607/5607/5607 5606/5606/5606 5605/5605/5605
f 5610/5610/5610 5609/5609/5609 5608/5608/5608
f 5613/5613/5613 5612/5612/5612 5611/5611/5611
f 5616/5616/5616 5615/5615/5615 5614/5614/5614
f 5619/5619/5619 5618/5618/5618 5617/5617/5617
f 5622/5622/5622 5621/5621/5621 5620/5620/5620
f 5625/5625/5625 5624/5624/5624 5623/5623/5623
f 5628/5628/5628 5627/5627/5627 5626/5626/5626
f 5631/5631/5631 5630/5630/5630 5629/5629/5629
f 5634/5634/5634 5633/5633/5633 5632/5632/5632
f 5637/5637/5637 5636/5636/5636 5635/5635/5635
f 5640/5640/5640 5639/5639/5639 5638/5638/5638
f 5643/5643/5643 5642/5642/5642 5641/5641/5641
f 5646/5646/5646 5645/5645/5645 5644/5644/5644
f 5649/5649/5649 5648/5648/5648 5647/5647/5647
f 5652/5652/5652 5651/5651/5651 5650/5650/5650
f 5655/5655/5655 5654/5654/5654 5653/5653/5653
f 5658/5658/5658 5657/5657/5657 5656/5656/5656
f 5661/5661/5661 5660/5660/5660 5659/5659/5659
f 5664/5664/5664 5663/5663/5663 5662/5662/5662
f 5667/5667/5667 5666/5666/5666 5665/5665/5665
f 5670/5670/5670 5669/5669/5669 5668/5668/5668
f 5673/5673/5673 5672/5672/5672 5671/5671/5671
f 5676/5676/5676 5675/5675/5675 5674/5674/5674
f 5679/5679/5679 5678/5678/5678 5677/5677/5677
f 5682/5682/5682 5681/5681/5681 5680/5680/5680
f 5685/5685/5685 5684/5684/5684 5683/5683/5683
f 5688/5688/5688 5687/5687/5687 5686/5686/5686
f 5691/5691/5691 5690/5690/5690 5689/5689/5689
f 5694/5694/5694 5693/5693/5693 5692/5692/5692
f 5697/5697/5697 5696/5696/5696 5695/5695/5695
f 5700/5700/5700 5699/5699/5699 5698/5698/5698
f 5703/5703/5703 5702/5702/5702 5701/5701/5701
f 5706/5706/5706 5705/5705/5705 5704/5704/5704
f 5709/5709/5709 5708/5708/5708 5707/5707/5707
f 5712/5712/5712 5711/5711/5711 5710/5710/5710
f 5715/5715/5715 5714/5714/5714 5713/5713/5713
f 5718/5718/5718 5717/5717/5717 5716/5716/5716
f 5721/5721/5721 5720/5720/5720 5719/5719/5719
f 5724/5724/5724 5723/5723/5723 5722/5722/5722
f 5727/5727/5727 5726/5726/5726 5725/5725/5725
f 5730/5730/5730 5729/5729/5729 5728/5728/5728
f 5733/5733/5733 5732/5732/5732 5731/5731/5731
f 5736/5736/5736 5735/5735/5735 5734/5734/5734
f 5739/5739/5739 5738/5738/5738 5737/5737/5737
f 5742/5742/5742 5741/5741/5741 5740/5740/5740
f 5745/5745/5745 5744/5744/5744 5743/5743/5743
f 5748/5748/5748 5747/5747/5747 5746/5746/5746
f 5751/5751/5751 5750/5750/5750 5749/5749/5749
f 5754/5754/5754 5753/5753/5753 5752/5752/5752
f 5757/5757/5757 5756/5756/5756 5755/5755/5755
f 5760/5760/5760 5759/5759/5759 5758/5758/5758
f 5763/5763/5763 5762/5762/5762 5761/5761/5761
f 5766/5766/5766 5765/5765/5765 5764/5764/5764
f 5769/5769/5769 5768/5768/5768 5767/5767/5767
f 5772/5772/5772 5771/5771/5771 5770/5770/5770
f 5775/5775/5775 5774/5774/5774 5773/5773/5773
f 5778/5778/5778 5777/5777/5777 5776/5776/5776
f 5781/5781/5781 5780/5780/5780 5779/5779/5779
f 5784/5784/5784 5783/5783/5783 5782/5782/5782
f 5787/5787/5787 5786/5786/5786 5785/5785/5785
f 5790/5790/5790 5789/5789/5789 5788/5788/5788
f 5793/5793/5793 5792/5792/5792 5791/5791/5791
f 5796/5796/5796 5795/5795/5795 5794/5794/5794
f 5799/5799/5799 5798/5798/5798 5797/5797/5797
f 5802/5802/5802 5801/5801/5801 5800/5800/5800
f 5805/5805/5805 5804/5804/5804 5803/5803/5803
f 5808/5808/5808 5807/5807/5807 5806/5806/5806
f 5811/5811/5811 5810/5810/5810 5809/5809/5809
f 5814/5814/5814 5813/5813/5813 5812/5812/5812
f 5817/5817/5817 5816/5816/5816 5815/5815/5815
f 5820/5820/5820 5819/5819/5819 5818/5818/5818
f 5823/5823/5823 5822/5822/5822 5821/5821/5821
f 5826/5826/5826 5825/5825/5825 5824/5824/5824
f 5829/5829/5829 5828/5828/5828 5827/5827/5827
f 5832/5832/5832 5831/5831/5831 5830/5830/5830
f 5835/5835/5835 5834/5834/5834 5833/5833/5833
f 5838/5838/5838 5837/5837/5837 5836/5836/5836
f 5841/5841/5841 5840/5840/5840 5839/5839/5839
f 5844/5844/5844 5843/5843/5843 5842/5842/5842
f 5847/5847/5847 5846/5846/5846 5845/5845/5845
f 5850/5850/5850 5849/5849/5849 5848/5848/5848
f 5853/5853/5853 5852/5852/5852 5851/5851/5851
f 5856/5856/5856 5855/5855/5855 5854/5854/5854
f 5859/5859/5859 5858/5858/5858 5857/5857/5857
f 5862/5862/5862 5861/5861/5861 5860/5860/5860
f 5865/5865/5865 5864/5864/5864 5863/5863/5863
f 5868/5868/5868 5867/5867/5867 5866/5866/5866
f 5871/5871/5871 5870/5870/5870 5869/5869/5869
f 5874/5874/5874 5873/5873/5873 5872/5872/5872
f 5877/5877/5877 5876/5876/5876 5875/5875/5875
f 5880/5880/5880 5879/5879/5879 5878/5878/5878
f 5883/5883/5883 5882/5882/5882 5881/5881/5881
f 5886/5886/5886 5885/5885/5885 5884/5884/5884
f 5889/5889/5889 5888/5888/5888 5887/5887/5887
f 5892/5892/5892 5891/5891/5891 5890/5890/5890
f 5895/5895/5895 5894/5894/5894 5893/5893/5893
f 5898/5898/5898 5897/5897/5897 5896/5896/5896
f 5901/5901/5901 5900/5900/5900 5899/5899/5899
f 5904/5904/5904 5903/5903/5903 5902/5902/5902
f 5907/5907/5907 5906/5906/5906 5905/5905/5905
f 5910/5910/5910 5909/5909/5909 5908/5908/5908
f 5913/5913/5913 5912/5912/5912 5911/5911/5911
f 5916/5916/5916 5915/5915/5915 5914/5914/5914
f 5919/5919/5919 5918/5918/5918 5917/5917/5917
f 5922/5922/5922 5921/5921/5921 5920/5920/5920
f 5925/5925/5925 5924/5924/5924 5923/5923/5923
f 5928/5928/5928 5927/5927/5927 5926/5926/5926
f 5931/5931/5931 5930/5930/5930 5929/5929/5929
f 5934/5934/5934 5933/5933/5933 5932/5932/5932
f 5937/5937/5937 5936/5936/5936 5935/5935/5935
f 5940/5940/5940 5939/5939/5939 5938/5938/5938
f 5943/5943/5943 5942/5942/5942 5941/5941/5941
f 5946/5946/5946 5945/5945/5945 5944/5944/5944
f 5949/5949/5949 5948/5948/5948 5947/5947/5947
f 5952/5952/5952 5951/5951/5951 5950/5950/5950
f 5955/5955/5955 5954/5954/5954 5953/5953/5953
f 5958/5958/5958 5957/5957/5957 5956/5956/5956
f 5961/5961/5961 5960/5960/5960 5959/5959/5959
f 5964/5964/5964 5963/5963/5963 5962/5962/5962
f 5967/5967/5967 5966/5966/5966 5965/5965/5965
f 5970/5970/5970 5969/5969/5969 5968/5968/5968
f 5973/5973/5973 5972/5972/5972 5971/5971/5971
f 5976/5976/5976 5975/5975/5975 5974/5974/5974
f 5979/5979/5979 5978/5978/5978 5977/5977/5977
f 5982/5982/5982 5981/5981/5981 5980/5980/5980
f 5985/5985/5985 5984/5984/5984 5983/5983/5983
f 5988/5988/5988 5987/5987/5987 5986/5986/5986
f 5991/5991/5991 5990/5990/5990 5989/5989/5989
f 5994/5994/5994 5993/5993/5993 5992/5992/5992
f 5997/5997/5997 5996/5996/5996 5995/5995/5995
f 6000/6000/6000 5999/5999/5999 5998/5998/5998
f 6003/6003/6003 6002/6002/6002 6001/6001/6001
f 6006/6006/6006 6005/6005/6005 6004/6004/6004
f 6009/6009/6009 6008/6008/6008 6007/6007/6007
f 6012/6012/6012 6011/6011/6011 6010/6010/6010
f 6015/6015/6015 6014/6014/6014 6013/6013/6013
f 6018/6018/6018 6017/6017/6017 6016/6016/6016
f 6021/6021/6021 6020/6020/6020 6019/6019/6019
f 6024/6024/6024 6023/6023/6023 6022/6022/6022
f 6027/6027/6027 6026/6026/6026 6025/6025/6025
f 6030/6030/6030 6029/6029/6029 6028/6028/6028
f 6033/6033/6033 6032/6032/6032 6031/6031/6031
f 6036/6036/6036 6035/6035/6035 6034/6034/6034
f 6039/6039/6039 6038/6038/6038 6037/6037/6037
f 6042/6042/6042 6041/6041/6041 6040/6040/6040
f 6045/6045/6045 6044/6044/6044 6043/6043/6043
f 6048/6048/6048 6047/6047/6047 6046/6046/6046
f 6051/6051/6051 6050/6050/6050 6049/6049/6049
f 6054/6054/6054 6053/6053/6053 6052/6052/6052
f 6057/6057/6057 6056/6056/6056 6055/6055/6055
f 6060/6060/6060 6059/6059/6059 6058/6058/6058
f 6063/6063/6063 6062/6062/6062 6061/6061/6061
f 6066/6066/6066 6065/6065/6065 6064/6064/6064
f 6069/6069/6069 6068/6068/6068 6067/6067/6067
f 6072/6072/6072 6071/6071/6071 6070/6070/6070
f 6075/6075/6075 6074/6074/6074 6073/6073/6073
f 6078/6078/6078 6077/6077/6077 6076/6076/6076
f 6081/6081/6081 6080/6080/6080 6079/6079/6079
f 6084/6084/6084 6083/6083/6083 6082/6082/6082
f 6087/6087/6087 6086/6086/6086 6085/6085/6085
f 6090/6090/6090 6089/6089/6089 6088/6088/6088
f 6093/6093/6093 6092/6092/6092 6091/6091/6091
f 6096/6096/6096 6095/6095/6095 6094/6094/6094
f 6099/6099/6099 6098/6098/6098 6097/6097/6097
f 6102/6102/6102 6101/6101/6101 6100/6100/6100
f 6105/6105/6105 6104/6104/6104 6103/6103/6103
f 6108/6108/6108 6107/6107/6107 6106/6106/6106
f 6111/6111/6111 6110/6110/6110 6109/6109/6109
f 6114/6114/6114 6113/6113/6113 6112/6112/6112
f 6117/6117/6117 6116/6116/6116 6115/6115/6115
f 6120/6120/6120 6119/6119/6119 6118/6118/6118
f 6123/6123/6123 6122/6122/6122 6121/6121/6121
f 6126/6126/6126 6125/6125/6125 6124/6124/6124
f 6129/6129/6129 6128/6128/6128 6127/6127/6127
f 6132/6132/6132 6131/6131/6131 6130/6130/6130
f 6135/6135/6135 6134/6134/6134 6133/6133/6133
f 6138/6138/6138 6137/6137/6137 6136/6136/6136
f 6141/6141/6141 6140/6140/6140 6139/6139/6139
f 6144/6144/6144 6143/6143/6143 6142/6142/6142
f 6147/6147/6147 6146/6146/6146 6145/6145/6145
f 6150/6150/6150 6149/6149/6149 6148/6148/6148
f 6153/6153/6153 6152/6152/6152 6151/6151/6151
f 6156/6156/6156 6155/6155/6155 6154/6154/6154
f 6159/6159/6159 6158/6158/6158 6157/6157/6157
f 6162/6162/6162 6161/6161/6161 6160/6160/6160
f 6165/6165/6165 6164/6164/6164 6163/6163/6163
f 6168/6168/6168 6167/6167/6167 6166/6166/6166
f 6171/6171/6171 6170/6170/6170 6169/6169/6169
f 6174/6174/6174 6173/6173/6173 6172/6172/6172
f 6177/6177/6177 6176/6176/6176 6175/6175/6175
f 6180/6180/6180 6179/6179/6179 6178/6178/6178
f 6183/6183/6183 6182/6182/6182 6181/6181/6181
f 6186/6186/6186 6185/6185/6185 6184/6184/6184
f 6189/6189/6189 6188/6188/6188 6187/6187/6187
f 6192/6192/6192 6191/6191/6191 6190/6190/6190
f 6195/6195/6195 6194/6194/6194 6193/6193/6193
f 6198/6198/6198 6197/6197/6197 6196/6196/6196
f 6201/6201/6201 6200/6200/6200 6199/6199/6199
f 6204/6204/6204 6203/6203/6203 6202/6202/6202
f 6207/6207/6207 6206/6206/6206 6205/6205/6205
f 6210/6210/6210 6209/6209/6209 6208/6208/6208
f 6213/6213/6213 6212/6212/6212 6211/6211/6211
f 6216/6216/6216 6215/6215/6215 6214/6214/6214
f 6219/6219/6219 6218/6218/6218 6217/6217/6217
f 6222/6222/6222 6221/6221/6221 6220/6220/6220
f 6225/6225/6225 6224/6224/6224 6223/6223/6223
f 6228/6228/6228 6227/6227/6227 6226/6226/6226
f 6231/6231/6231 6230/6230/6230 6229/6229/6229
f 6234/6234/6234 6233/6233/6233 6232/6232/6232
f 6237/6237/6237 6236/6236/6236 6235/6235/6235
f 6240/6240/6240 6239/6239/6239 6238/6238/6238
f 6243/6243/6243 6242/6242/6242 6241/6241/6241
f 6246/6246/6246 6245/6245/6245 6244/6244/6244
f 6249/6249/6249 6248/6248/6248 6247/6247/6247
f 6252/6252/6252 6251/6251/6251 6250/6250/6250
f 6255/6255/6255 6254/6254/6254 6253/6253/6253
f 6258/6258/6258 6257/6257/6257 6256/6256/6256
f 6261/6261/6261 6260/6260/6260 6259/6259/6259
f 6264/6264/6264 6263/6263/6263 6262/6262/6262
f 6267/6267/6267 6266/6266/6266 6265/6265/6265
f 6270/6270/6270 6269/6269/6269 6268/6268/6268
f 6273/6273/6273 6272/6272/6272 6271/6271/6271
f 6276/6276/6276 6275/6275/6275 6274/6274/6274
f 6279/6279/6279 6278/6278/6278 6277/6277/6277
f 6282/6282/6282 6281/6281/6281 6280/6280/6280
f 6285/6285/6285 6284/6284/6284 6283/6283/6283
f 6288/6288/6288 6287/6287/6287 6286/6286/6286
f 6291/6291/6291 6290/6290/6290 6289/6289/6289
f 6294/6294/6294 6293/6293/6293 6292/6292/6292
f 6297/6297/6297 6296/6296/6296 6295/6295/6295
f 6300/6300/6300 6299/6299/6299 6298/6298/6298
f 6303/6303/6303 6302/6302/6302 6301/6301/6301
f 6306/6306/6306 6305/6305/6305 6304/6304/6304
f 6309/6309/6309 6308/6308/6308 6307/6307/6307
f 6312/6312/6312 6311/6311/6311 6310/6310/6310
f 6315/6315/6315 6314/6314/6314 6313/6313/6313
f 6318/6318/6318 6317/6317/6317 6316/6316/6316
f 6321/6321/6321 6320/6320/6320 6319/6319/6319
f 6324/6324/6324 6323/6323/6323 6322/6322/6322
f 6327/6327/6327 6326/6326/6326 6325/6325/6325
f 6330/6330/6330 6329/6329/6329 6328/6328/6328
f 6333/6333/6333 6332/6332/6332 6331/6331/6331
f 6336/6336/6336 6335/6335/6335 6334/6334/6334
f 6339/6339/6339 6338/6338/6338 6337/6337/6337
f 6342/6342/6342 6341/6341/6341 6340/6340/6340
f 6345/6345/6345 6344/6344/6344 6343/6343/6343
f 6348/6348/6348 6347/6347/6347 6346/6346/6346
f 6351/6351/6351 6350/6350/6350 6349/6349/6349
f 6354/6354/6354 6353/6353/6353 6352/6352/6352
f 6357/6357/6357 6356/6356/6356 6355/6355/6355
f 6360/6360/6360 6359/6359/6359 6358/6358/6358
f 6363/6363/6363 6362/6362/6362 6361/6361/6361
f 6366/6366/6366 6365/6365/6365 6364/6364/6364
f 6369/6369/6369 6368/6368/6368 6367/6367/6367
f 6372/6372/6372 6371/6371/6371 6370/6370/6370
f 6375/6375/6375 6374/6374/6374 6373/6373/6373
f 6378/6378/6378 6377/6377/6377 6376/6376/6376
f 6381/6381/6381 6380/6380/6380 6379/6379/6379
f 6384/6384/6384 6383/6383/6383 6382/6382/6382
f 6387/6387/6387 6386/6386/6386 6385/6385/6385
f 6390/6390/6390 6389/6389/6389 6388/6388/6388
f 6393/6393/6393 6392/6392/6392 6391/6391/6391
f 6396/6396/6396 6395/6395/6395 6394/6394/6394
f 6399/6399/6399 6398/6398/6398 6397/6397/6397
f 6402/6402/6402 6401/6401/6401 6400/6400/6400
f 6405/6405/6405 6404/6404/6404 6403/6403/6403
f 6408/6408/6408 6407/6407/6407 6406/6406/6406
f 6411/6411/6411 6410/6410/6410 6409/6409/6409
f 6414/6414/6414 6413/6413/6413 6412/6412/6412
f 6417/6417/6417 6416/6416/6416 6415/6415/6415
f 6420/6420/6420 6419/6419/6419 6418/6418/6418
f 6423/6423/6423 6422/6422/6422 6421/6421/6421
f 6426/6426/6426 6425/6425/6425 6424/6424/6424
f 6429/6429/6429 6428/6428/6428 6427/6427/6427
f 6432/6432/6432 6431/6431/6431 6430/6430/6430
f 6435/6435/6435 6434/6434/6434 6433/6433/6433
f 6438/6438/6438 6437/6437/6437 6436/6436/6436
f 6441/6441/6441 6440/6440/6440 6439/6439/6439
f 6444/6444/6444 6443/6443/6443 6442/6442/6442
f 6447/6447/6447 6446/6446/6446 6445/6445/6445
f 6450/6450/6450 6449/6449/6449 6448/6448/6448
f 6453/6453/6453 6452/6452/6452 6451/6451/6451
f 6456/6456/6456 6455/6455/6455 6454/6454/6454
f 6459/6459/6459 6458/6458/6458 6457/6457/6457
f 6462/6462/6462 6461/6461/6461 6460/6460/6460
f 6465/6465/6465 6464/6464/6464 6463/6463/6463
f 6468/6468/6468 6467/6467/6467 6466/6466/6466
f 6471/6471/6471 6470/6470/6470 6469/6469/6469
f 6474/6474/6474 6473/6473/6473 6472/6472/6472
f 6477/6477/6477 6476/6476/6476 6475/6475/6475
f 6480/6480/6480 6479/6479/6479 6478/6478/6478
f 6483/6483/6483 6482/6482/6482 6481/6481/6481
f 6486/6486/6486 6485/6485/6485 6484/6484/6484
f 6489/6489/6489 6488/6488/6488 6487/6487/6487
f 6492/6492/6492 6491/6491/6491 6490/6490/6490
f 6495/6495/6495 6494/6494/6494 6493/6493/6493
f 6498/6498/6498 6497/6497/6497 6496/6496/6496
f 6501/6501/6501 6500/6500/6500 6499/6499/6499
f 6504/6504/6504 6503/6503/6503 6502/6502/6502
f 6507/6507/6507 6506/6506/6506 6505/6505/6505
f 6510/6510/6510 6509/6509/6509 6508/6508/6508
f 6513/6513/6513 6512/6512/6512 6511/6511/6511
f 6516/6516/6516 6515/6515/6515 6514/6514/6514
f 6519/6519/6519 6518/6518/6518 6517/6517/6517
f 6522/6522/6522 6521/6521/6521 6520/6520/6520
f 6525/6525/6525 6524/6524/6524 6523/6523/6523
f 6528/6528/6528 6527/6527/6527 6526/6526/6526
f 6531/6531/6531 6530/6530/6530 6529/6529/6529
f 6534/6534/6534 6533/6533/6533 6532/6532/6532
f 6537/6537/6537 6536/6536/6536 6535/6535/6535
f 6540/6540/6540 6539/6539/6539 6538/6538/6538
f 6543/6543/6543 6542/6542/6542 6541/6541/6541
f 6546/6546/6546 6545/6545/6545 6544/6544/6544
f 6549/6549/6549 6548/6548/6548 6547/6547/6547
f 6552/6552/6552 6551/6551/6551 6550/6550/6550
f 6555/6555/6555 6554/6554/6554 6553/6553/6553
f 6558/6558/6558 6557/6557/6557 6556/6556/6556
f 6561/6561/6561 6560/6560/6560 6559/6559/6559
f 6564/6564/6564 6563/6563/6563 6562/6562/6562
f 6567/6567/6567 6566/6566/6566 6565/6565/6565
f 6570/6570/6570 6569/6569/6569 6568/6568/6568
f 6573/6573/6573 6572/6572/6572 6571/6571/6571
f 6576/6576/6576 6575/6575/6575 6574/6574/6574
f 6579/6579/6579 6578/6578/6578 6577/6577/6577
f 6582/6582/6582 6581/6581/6581 6580/6580/6580
f 6585/6585/6585 6584/6584/6584 6583/6583/6583
f 6588/6588/6588 6587/6587/6587 6586/6586/6586
f 6591/6591/6591 6590/6590/6590 6589/6589/6589
f 6594/6594/6594 6593/6593/6593 6592/6592/6592
f 6597/6597/6597 6596/6596/6596 6595/6595/6595
f 6600/6600/6600 6599/6599/6599 6598/6598/6598
f 6603/6603/6603 6602/6602/6602 6601/6601/6601
f 6606/6606/6606 6605/6605/6605 6604/6604/6604
f 6609/6609/6609 6608/6608/6608 6607/6607/6607
f 6612/6612/6612 6611/6611/6611 6610/6610/6610
f 6615/6615/6615 6614/6614/6614 6613/6613/6613
f 6618/6618/6618 6617/6617/6617 6616/6616/6616
o Object_10
v 0.08469617 0.1801266 0.02266119
v 0.07221856 0.1848434 0.02106583
v 0.07724092 0.1848846 0.001142099
v 0.07724092 0.1848846 0.001142099
v 0.07221856 0.1848434 0.02106583
v 0.05390286 0.1783969 0.01988187
v 0.07221856 0.1848434 0.02106583
v 0.05930973 0.1852541 0.03546397
v 0.05390286 0.1783969 0.01988187
v 0.05930973 0.1852541 0.03546397
v 0.07221856 0.1848434 0.02106583
v 0.08469617 0.1801266 0.02266119
v 0.09031034 0.180338 0.001130387
v 0.07724092 0.1848846 0.001142099
v 0.07193143 0.1841016 -0.01869108
v 0.07193143 0.1841016 -0.01869108
v 0.07724092 0.1848846 0.001142099
v 0.05784413 0.1762939 0.00143154
v 0.09031034 0.180338 0.001130387
v 0.08469617 0.1801266 0.02266119
v 0.07724092 0.1848846 0.001142099
v 0.05784413 0.1762939 0.00143154
v 0.07724092 0.1848846 0.001142099
v 0.05390286 0.1783969 0.01988187
v 0.08403341 0.1689339 0.0241347
v 0.08469617 0.1801266 0.02266119
v 0.09031034 0.180338 0.001130387
v 0.0682409 0.1803303 0.03800794
v 0.05930973 0.1852541 0.03546397
v 0.08469617 0.1801266 0.02266119
v 0.0682409 0.1803303 0.03800794
v 0.08469617 0.1801266 0.02266119
v 0.08403341 0.1689339 0.0241347
v 0.05930973 0.1852541 0.03546397
v 0.04413028 0.1830247 0.03412847
v 0.05390286 0.1783969 0.01988187
v 0.04798021 0.1856473 0.04314612
v 0.05930973 0.1852541 0.03546397
v 0.0682409 0.1803303 0.03800794
v 0.05930973 0.1852541 0.03546397
v 0.04798021 0.1856473 0.04314612
v 0.04413028 0.1830247 0.03412847
v 0.0506146 0.1812108 0.04611507
v 0.04798021 0.1856473 0.04314612
v 0.0682409 0.1803303 0.03800794
v 0.04798021 0.1856473 0.04314612
v 0.03544119 0.1852342 0.04354814
v 0.04413028 0.1830247 0.03412847
v 0.03544119 0.1852342 0.04354814
v 0.04798021 0.1856473 0.04314612
v 0.0506146 0.1812108 0.04611507
v 0.06816784 0.1707819 0.03997782
v 0.0682409 0.1803303 0.03800794
v 0.08403341 0.1689339 0.0241347
v 0.0506146 0.1812108 0.04611507
v 0.0682409 0.1803303 0.03800794
v 0.06816784 0.1707819 0.03997782
v 0.05390286 0.1783969 0.01988187
v 0.04413028 0.1830247 0.03412847
v 0.03344266 0.1706266 0.01909189
v 0.05784413 0.1762939 0.00143154
v 0.05390286 0.1783969 0.01988187
v 0.03344266 0.1706266 0.01909189
v 0.04413028 0.1830247 0.03412847
v 0.03544119 0.1852342 0.04354814
v 0.02492259 0.1800666 0.03268944
v 0.04413028 0.1830247 0.03412847
v 0.02492259 0.1800666 0.03268944
v 0.03344266 0.1706266 0.01909189
v 0.03481769 0.1806324 0.04862002
v 0.03544119 0.1852342 0.04354814
v 0.0506146 0.1812108 0.04611507
v 0.03544119 0.1852342 0.04354814
v 0.01792414 0.1845516 0.04244627
v 0.02492259 0.1800666 0.03268944
v 0.01792414 0.1845516 0.04244627
v 0.03544119 0.1852342 0.04354814
v 0.03481769 0.1806324 0.04862002
v 0.05349864 0.1744077 0.04699522
v 0.0506146 0.1812108 0.04611507
v 0.06816784 0.1707819 0.03997782
v 0.03481769 0.1806324 0.04862002
v 0.0506146 0.1812108 0.04611507
v 0.05349864 0.1744077 0.04699522
v 0.009212083 0.1697422 0.01738587
v 0.03344266 0.1706266 0.01909189
v 0.02492259 0.1800666 0.03268944
v 0.002330778 0.1803096 0.03037553
v 0.02492259 0.1800666 0.03268944
v 0.01792414 0.1845516 0.04244627
v 0.002330778 0.1803096 0.03037553
v 0.009212083 0.1697422 0.01738587
v 0.02492259 0.1800666 0.03268944
v 0.03705975 0.1655526 0.001780882
v 0.05784413 0.1762939 0.00143154
v 0.03344266 0.1706266 0.01909189
v 0.03705975 0.1655526 0.001780882
v 0.03344266 0.1706266 0.01909189
v 0.01239626 0.164101 0.001994386
v 0.03344266 0.1706266 0.01909189
v 0.009212083 0.1697422 0.01738587
v 0.01239626 0.164101 0.001994386
v 0.04083722 0.1717907 0.04840866
v 0.03481769 0.1806324 0.04862002
v 0.05349864 0.1744077 0.04699522
v 0.01666629 0.1803433 0.0476789
v 0.01792414 0.1845516 0.04244627
v 0.03481769 0.1806324 0.04862002
v 0.01666629 0.1803433 0.0476789
v 0.03481769 0.1806324 0.04862002
v 0.04083722 0.1717907 0.04840866
v 0.01666629 0.1803433 0.0476789
v -0.005375657 0.1820418 0.04510957
v 0.01792414 0.1845516 0.04244627
v -0.003526218 0.1860216 0.04012868
v 0.002330778 0.1803096 0.03037553
v 0.01792414 0.1845516 0.04244627
v -0.005375657 0.1820418 0.04510957
v -0.003526218 0.1860216 0.04012868
v 0.01792414 0.1845516 0.04244627
v 0.02144232 0.1704702 0.04699191
v 0.01666629 0.1803433 0.0476789
v 0.04083722 0.1717907 0.04840866
v 0.02144232 0.1704702 0.04699191
v -0.002584934 0.1716355 0.0437934
v 0.01666629 0.1803433 0.0476789
v -0.002584934 0.1716355 0.0437934
v -0.005375657 0.1820418 0.04510957
v 0.01666629 0.1803433 0.0476789
v -0.01936453 0.1752209 0.01775567
v 0.009212083 0.1697422 0.01738587
v 0.002330778 0.1803096 0.03037553
v -0.02389505 0.1833349 0.03080054
v 0.002330778 0.1803096 0.03037553
v -0.003526218 0.1860216 0.04012868
v -0.02389505 0.1833349 0.03080054
v -0.01936453 0.1752209 0.01775567
v 0.002330778 0.1803096 0.03037553
v 0.01239626 0.164101 0.001994386
v 0.009212083 0.1697422 0.01738587
v -0.01737048 0.1710854 0.002072886
v 0.009212083 0.1697422 0.01738587
v -0.01936453 0.1752209 0.01775567
v -0.01737048 0.1710854 0.002072886
v -0.005375657 0.1820418 0.04510957
v -0.03080214 0.1828494 0.0461107
v -0.003526218 0.1860216 0.04012868
v -0.0282515 0.187557 0.04017197
v -0.02389505 0.1833349 0.03080054
v -0.003526218 0.1860216 0.04012868
v -0.03080214 0.1828494 0.0461107
v -0.0282515 0.187557 0.04017197
v -0.003526218 0.1860216 0.04012868
v -0.002584934 0.1716355 0.0437934
v -0.03039118 0.1726291 0.04671781
v -0.005375657 0.1820418 0.04510957
v -0.03039118 0.1726291 0.04671781
v -0.03080214 0.1828494 0.0461107
v -0.005375657 0.1820418 0.04510957
v -0.01936453 0.1752209 0.01775567
v -0.02389505 0.1833349 0.03080054
v -0.05063744 0.1745394 0.02174023
v -0.01737048 0.1710854 0.002072886
v -0.01936453 0.1752209 0.01775567
v -0.05063744 0.1745394 0.02174023
v -0.02389505 0.1833349 0.03080054
v -0.0282515 0.187557 0.04017197
v -0.05149184 0.1796027 0.03634596
v -0.02389505 0.1833349 0.03080054
v -0.05149184 0.1796027 0.03634596
v -0.05063744 0.1745394 0.02174023
v -0.05305095 0.1817991 0.04544495
v -0.0282515 0.187557 0.04017197
v -0.03080214 0.1828494 0.0461107
v -0.0282515 0.187557 0.04017197
v -0.05305095 0.1817991 0.04544495
v -0.05149184 0.1796027 0.03634596
v -0.05627537 0.1757879 0.05217498
v -0.05305095 0.1817991 0.04544495
v -0.03080214 0.1828494 0.0461107
v -0.05627537 0.1757879 0.05217498
v -0.03080214 0.1828494 0.0461107
v -0.03039118 0.1726291 0.04671781
v -0.05149184 0.1796027 0.03634596
v -0.05305095 0.1817991 0.04544495
v -0.07405333 0.1667184 0.04251654
v -0.07019589 0.1715431 0.04908738
v -0.05305095 0.1817991 0.04544495
v -0.05627537 0.1757879 0.05217498
v -0.05305095 0.1817991 0.04544495
v -0.07019589 0.1715431 0.04908738
v -0.07405333 0.1667184 0.04251654
v -0.07557849 0.1636474 0.05401977
v -0.07019589 0.1715431 0.04908738
v -0.05627537 0.1757879 0.05217498
v -0.07405333 0.1667184 0.04251654
v -0.07019589 0.1715431 0.04908738
v -0.07557849 0.1636474 0.05401977
v -0.05149184 0.1796027 0.03634596
v -0.07405333 0.1667184 0.04251654
v -0.07635777 0.1609432 0.02703145
v -0.05063744 0.1745394 0.02174023
v -0.05149184 0.1796027 0.03634596
v -0.07635777 0.1609432 0.02703145
v -0.05752103 0.1659251 0.0540707
v -0.05627537 0.1757879 0.05217498
v -0.03039118 0.1726291 0.04671781
v -0.07557849 0.1636474 0.05401977
v -0.05627537 0.1757879 0.05217498
v -0.05752103 0.1659251 0.0540707
v -0.08491846 0.1530297 0.04710207
v -0.07405333 0.1667184 0.04251654
v -0.07557849 0.1636474 0.05401977
v -0.07635777 0.1609432 0.02703145
v -0.07405333 0.1667184 0.04251654
v -0.08491846 0.1530297 0.04710207
v -0.05047108 0.1720248 0.002310768
v -0.01737048 0.1710854 0.002072886
v -0.05063744 0.1745394 0.02174023
v -0.05047108 0.1720248 0.002310768
v -0.05063744 0.1745394 0.02174023
v -0.07635777 0.1609432 0.02703145
v -0.07489724 0.1574241 0.0557834
v -0.07557849 0.1636474 0.05401977
v -0.05752103 0.1659251 0.0540707
v -0.08491846 0.1530297 0.04710207
v -0.07557849 0.1636474 0.05401977
v -0.07489724 0.1574241 0.0557834
v 0.01239626 0.164101 0.001994386
v -0.01737048 0.1710854 0.002072886
v -0.0196216 0.1747086 -0.01374553
v -0.0196216 0.1747086 -0.01374553
v -0.01737048 0.1710854 0.002072886
v -0.05047108 0.1720248 0.002310768
v -0.08049177 0.1477047 0.04985648
v -0.08491846 0.1530297 0.04710207
v -0.07489724 0.1574241 0.0557834
v -0.08839262 0.1457186 0.03035365
v -0.07635777 0.1609432 0.02703145
v -0.08491846 0.1530297 0.04710207
v -0.08839262 0.1457186 0.03035365
v -0.08491846 0.1530297 0.04710207
v -0.08049177 0.1477047 0.04985648
v -0.07750504 0.158358 0.002762973
v -0.05047108 0.1720248 0.002310768
v -0.07635777 0.1609432 0.02703145
v -0.05099254 0.1738259 -0.01719989
v -0.0196216 0.1747086 -0.01374553
v -0.05047108 0.1720248 0.002310768
v -0.05099254 0.1738259 -0.01719989
v -0.05047108 0.1720248 0.002310768
v -0.07750504 0.158358 0.002762973
v -0.08327625 0.1397073 0.0323873
v -0.08839262 0.1457186 0.03035365
v -0.08049177 0.1477047 0.04985648
v -0.08327625 0.1397073 0.0323873
v -0.08479977 0.1365084 0.003214881
v -0.08839262 0.1457186 0.03035365
v -0.08839262 0.1457186 0.03035365
v -0.08981512 0.1428389 0.003134996
v -0.07635777 0.1609432 0.02703145
v -0.08479977 0.1365084 0.003214881
v -0.08981512 0.1428389 0.003134996
v -0.08839262 0.1457186 0.03035365
v -0.08981512 0.1428389 0.003134996
v -0.07750504 0.158358 0.002762973
v -0.07635777 0.1609432 0.02703145
v -0.08981512 0.1428389 0.003134996
v -0.08908657 0.1447819 -0.0241881
v -0.07750504 0.158358 0.002762973
v -0.0768342 0.1600583 -0.02160104
v -0.05099254 0.1738259 -0.01719989
v -0.07750504 0.158358 0.002762973
v -0.08908657 0.1447819 -0.0241881
v -0.0768342 0.1600583 -0.02160104
v -0.07750504 0.158358 0.002762973
v -0.05099254 0.1738259 -0.01719989
v -0.0768342 0.1600583 -0.02160104
v -0.07478731 0.1652716 -0.03732012
v -0.07478731 0.1652716 -0.03732012
v -0.0768342 0.1600583 -0.02160104
v -0.08908657 0.1447819 -0.0241881
v -0.08479977 0.1365084 0.003214881
v -0.08399197 0.1386648 -0.02607651
v -0.08981512 0.1428389 0.003134996
v -0.08399197 0.1386648 -0.02607651
v -0.08908657 0.1447819 -0.0241881
v -0.08981512 0.1428389 0.003134996
v 0.009006419 0.1691544 -0.01356634
v 0.01239626 0.164101 0.001994386
v -0.0196216 0.1747086 -0.01374553
v 0.03705975 0.1655526 0.001780882
v 0.01239626 0.164101 0.001994386
v 0.009006419 0.1691544 -0.01356634
v 0.05361976 0.1777432 -0.01702459
v 0.07193143 0.1841016 -0.01869108
v 0.05784413 0.1762939 0.00143154
v 0.05361976 0.1777432 -0.01702459
v 0.05784413 0.1762939 0.00143154
v 0.03705975 0.1655526 0.001780882
v -0.0196216 0.1747086 -0.01374553
v -0.05099254 0.1738259 -0.01719989
v -0.05204426 0.1782378 -0.03192183
v -0.05204426 0.1782378 -0.03192183
v -0.05099254 0.1738259 -0.01719989
v -0.07478731 0.1652716 -0.03732012
v -0.0243844 0.1822824 -0.02697383
v -0.0196216 0.1747086 -0.01374553
v -0.05204426 0.1782378 -0.03192183
v 0.009006419 0.1691544 -0.01356634
v -0.0196216 0.1747086 -0.01374553
v -0.0243844 0.1822824 -0.02697383
v -0.08586919 0.151433 -0.04126611
v -0.07478731 0.1652716 -0.03732012
v -0.08908657 0.1447819 -0.0241881
v -0.08586919 0.151433 -0.04126611
v -0.08908657 0.1447819 -0.0241881
v -0.08399197 0.1386648 -0.02607651
v -0.05204426 0.1782378 -0.03192183
v -0.07478731 0.1652716 -0.03732012
v -0.07101605 0.1698998 -0.04412058
v -0.07101605 0.1698998 -0.04412058
v -0.07478731 0.1652716 -0.03732012
v -0.08586919 0.151433 -0.04126611
v -0.0243844 0.1822824 -0.02697383
v -0.05204426 0.1782378 -0.03192183
v -0.05367838 0.1802614 -0.0410922
v -0.05367838 0.1802614 -0.0410922
v -0.05204426 0.1782378 -0.03192183
v -0.07101605 0.1698998 -0.04412058
v 0.03314654 0.1699513 -0.01559845
v 0.03705975 0.1655526 0.001780882
v 0.009006419 0.1691544 -0.01356634
v 0.03314654 0.1699513 -0.01559845
v 0.05361976 0.1777432 -0.01702459
v 0.03705975 0.1655526 0.001780882
v 0.001914458 0.1792348 -0.026834
v 0.009006419 0.1691544 -0.01356634
v -0.0243844 0.1822824 -0.02697383
v 0.03314654 0.1699513 -0.01559845
v 0.009006419 0.1691544 -0.01356634
v 0.001914458 0.1792348 -0.026834
v -0.07651887 0.1618244 -0.04869664
v -0.07101605 0.1698998 -0.04412058
v -0.08586919 0.151433 -0.04126611
v -0.05367838 0.1802614 -0.0410922
v -0.07101605 0.1698998 -0.04412058
v -0.07651887 0.1618244 -0.04869664
v -0.02880389 0.1861259 -0.03642964
v -0.0243844 0.1822824 -0.02697383
v -0.05367838 0.1802614 -0.0410922
v 0.001914458 0.1792348 -0.026834
v -0.0243844 0.1822824 -0.02697383
v -0.02880389 0.1861259 -0.03642964
v 0.02448894 0.1787487 -0.02933477
v 0.03314654 0.1699513 -0.01559845
v 0.001914458 0.1792348 -0.026834
v 0.05361976 0.1777432 -0.01702459
v 0.03314654 0.1699513 -0.01559845
v 0.02448894 0.1787487 -0.02933477
v -0.08148378 0.1460096 -0.04387343
v -0.08586919 0.151433 -0.04126611
v -0.08399197 0.1386648 -0.02607651
v -0.07651887 0.1618244 -0.04869664
v -0.08586919 0.151433 -0.04126611
v -0.08148378 0.1460096 -0.04387343
v -0.05698632 0.1739957 -0.04748738
v -0.05367838 0.1802614 -0.0410922
v -0.07651887 0.1618244 -0.04869664
v -0.02880389 0.1861259 -0.03642964
v -0.05367838 0.1802614 -0.0410922
v -0.05698632 0.1739957 -0.04748738
v -0.004087415 0.1845788 -0.03668365
v 0.001914458 0.1792348 -0.026834
v -0.02880389 0.1861259 -0.03642964
v 0.02448894 0.1787487 -0.02933477
v 0.001914458 0.1792348 -0.026834
v -0.004087415 0.1845788 -0.03668365
v 0.07193143 0.1841016 -0.01869108
v 0.05361976 0.1777432 -0.01702459
v 0.04367963 0.1817614 -0.03119795
v 0.04367963 0.1817614 -0.03119795
v 0.05361976 0.1777432 -0.01702459
v 0.02448894 0.1787487 -0.02933477
v -0.07593744 0.1555269 -0.0502595
v -0.07651887 0.1618244 -0.04869664
v -0.08148378 0.1460096 -0.04387343
v -0.05698632 0.1739957 -0.04748738
v -0.07651887 0.1618244 -0.04869664
v -0.07593744 0.1555269 -0.0502595
v -0.05846024 0.164094 -0.04908463
v -0.05698632 0.1739957 -0.04748738
v -0.07593744 0.1555269 -0.0502595
v -0.03138293 0.1809842 -0.04204419
v -0.02880389 0.1861259 -0.03642964
v -0.05698632 0.1739957 -0.04748738
v -0.03138293 0.1809842 -0.04204419
v -0.05698632 0.1739957 -0.04748738
v -0.05846024 0.164094 -0.04908463
v -0.006028289 0.1804084 -0.04148349
v -0.004087415 0.1845788 -0.03668365
v -0.02880389 0.1861259 -0.03642964
v -0.03138293 0.1809842 -0.04204419
v -0.006028289 0.1804084 -0.04148349
v -0.02880389 0.1861259 -0.03642964
v 0.0173575 0.1830229 -0.03922457
v 0.02448894 0.1787487 -0.02933477
v -0.004087415 0.1845788 -0.03668365
v 0.04367963 0.1817614 -0.03119795
v 0.02448894 0.1787487 -0.02933477
v 0.0173575 0.1830229 -0.03922457
v -0.03098874 0.1709033 -0.04228359
v -0.03138293 0.1809842 -0.04204419
v -0.05846024 0.164094 -0.04908463
v -0.03098874 0.1709033 -0.04228359
v -0.003215919 0.1700691 -0.03983325
v -0.03138293 0.1809842 -0.04204419
v -0.003215919 0.1700691 -0.03983325
v -0.006028289 0.1804084 -0.04148349
v -0.03138293 0.1809842 -0.04204419
v -0.006028289 0.1804084 -0.04148349
v 0.01591317 0.178754 -0.04438017
v -0.004087415 0.1845788 -0.03668365
v 0.01591317 0.178754 -0.04438017
v 0.0173575 0.1830229 -0.03922457
v -0.004087415 0.1845788 -0.03668365
v 0.0348848 0.1837528 -0.04063539
v 0.04367963 0.1817614 -0.03119795
v 0.0173575 0.1830229 -0.03922457
v 0.0348848 0.1837528 -0.04063539
v 0.0173575 0.1830229 -0.03922457
v 0.01591317 0.178754 -0.04438017
v -0.003215919 0.1700691 -0.03983325
v 0.02072828 0.1688461 -0.04347061
v -0.006028289 0.1804084 -0.04148349
v 0.02072828 0.1688461 -0.04347061
v 0.01591317 0.178754 -0.04438017
v -0.006028289 0.1804084 -0.04148349
v 0.0588494 0.1839122 -0.03283894
v 0.07193143 0.1841016 -0.01869108
v 0.04367963 0.1817614 -0.03119795
v 0.0588494 0.1839122 -0.03283894
v 0.04367963 0.1817614 -0.03119795
v 0.0348848 0.1837528 -0.04063539
v 0.03409383 0.1789874 -0.04556881
v 0.0348848 0.1837528 -0.04063539
v 0.01591317 0.178754 -0.04438017
v 0.03409383 0.1789874 -0.04556881
v 0.01591317 0.178754 -0.04438017
v 0.02072828 0.1688461 -0.04347061
v 0.04747775 0.1840786 -0.04038614
v 0.0348848 0.1837528 -0.04063539
v 0.03409383 0.1789874 -0.04556881
v 0.04747775 0.1840786 -0.04038614
v 0.0588494 0.1839122 -0.03283894
v 0.0348848 0.1837528 -0.04063539
v 0.05004944 0.179548 -0.04322127
v 0.04747775 0.1840786 -0.04038614
v 0.03409383 0.1789874 -0.04556881
v 0.0588494 0.1839122 -0.03283894
v 0.04747775 0.1840786 -0.04038614
v 0.05004944 0.179548 -0.04322127
v 0.04015504 0.1700794 -0.04507473
v 0.03409383 0.1789874 -0.04556881
v 0.02072828 0.1688461 -0.04347061
v 0.05004944 0.179548 -0.04322127
v 0.03409383 0.1789874 -0.04556881
v 0.04015504 0.1700794 -0.04507473
v 0.06768388 0.1789241 -0.03530975
v 0.0588494 0.1839122 -0.03283894
v 0.05004944 0.179548 -0.04322127
v 0.07193143 0.1841016 -0.01869108
v 0.0588494 0.1839122 -0.03283894
v 0.06768388 0.1789241 -0.03530975
v 0.05289693 0.1727348 -0.04388584
v 0.05004944 0.179548 -0.04322127
v 0.04015504 0.1700794 -0.04507473
v 0.06768388 0.1789241 -0.03530975
v 0.05004944 0.179548 -0.04322127
v 0.05289693 0.1727348 -0.04388584
v 0.08437242 0.1793254 -0.02028678
v 0.09031034 0.180338 0.001130387
v 0.07193143 0.1841016 -0.01869108
v 0.08925489 0.1689226 0.001348168
v 0.08403341 0.1689339 0.0241347
v 0.09031034 0.180338 0.001130387
v 0.08925489 0.1689226 0.001348168
v 0.09031034 0.180338 0.001130387
v 0.08437242 0.1793254 -0.02028678
v 0.08437242 0.1793254 -0.02028678
v 0.07193143 0.1841016 -0.01869108
v 0.06768388 0.1789241 -0.03530975
v 0.08437242 0.1793254 -0.02028678
v 0.06768388 0.1789241 -0.03530975
v 0.0676119 0.1693811 -0.03697146
v 0.0676119 0.1693811 -0.03697146
v 0.06768388 0.1789241 -0.03530975
v 0.05289693 0.1727348 -0.04388584
v 0.08368939 0.1680974 -0.02133785
v 0.08437242 0.1793254 -0.02028678
v 0.0676119 0.1693811 -0.03697146
v 0.08368939 0.1680974 -0.02133785
v 0.08925489 0.1689226 0.001348168
v 0.08437242 0.1793254 -0.02028678
v 0.08368939 0.1680974 -0.02133785
v 0.0676119 0.1693811 -0.03697146
v 0.06634337 0.1571179 -0.02104324
v 0.08925489 0.1689226 0.001348168
v 0.08368939 0.1680974 -0.02133785
v 0.06634337 0.1571179 -0.02104324
v 0.0676119 0.1693811 -0.03697146
v 0.05289693 0.1727348 -0.04388584
v 0.05341457 0.161693 -0.03705992
v 0.0676119 0.1693811 -0.03697146
v 0.05341457 0.161693 -0.03705992
v 0.06634337 0.1571179 -0.02104324
v 0.0711926 0.1563838 0.001714125
v 0.08925489 0.1689226 0.001348168
v 0.06634337 0.1571179 -0.02104324
v 0.08403341 0.1689339 0.0241347
v 0.08925489 0.1689226 0.001348168
v 0.0711926 0.1563838 0.001714125
v 0.06634337 0.1571179 -0.02104324
v 0.05341457 0.161693 -0.03705992
v 0.04076573 0.1476934 -0.01948515
v 0.0711926 0.1563838 0.001714125
v 0.06634337 0.1571179 -0.02104324
v 0.04076573 0.1476934 -0.01948515
v 0.06667255 0.1579606 0.02450417
v 0.08403341 0.1689339 0.0241347
v 0.0711926 0.1563838 0.001714125
v 0.04508375 0.1438494 0.002148941
v 0.0711926 0.1563838 0.001714125
v 0.04076573 0.1476934 -0.01948515
v 0.06667255 0.1579606 0.02450417
v 0.0711926 0.1563838 0.001714125
v 0.04508375 0.1438494 0.002148941
v 0.05349864 0.1744077 0.04699522
v 0.06816784 0.1707819 0.03997782
v 0.04083722 0.1717907 0.04840866
v 0.06816784 0.1707819 0.03997782
v 0.08403341 0.1689339 0.0241347
v 0.05392916 0.1631437 0.04048096
v 0.06816784 0.1707819 0.03997782
v 0.05392916 0.1631437 0.04048096
v 0.04083722 0.1717907 0.04840866
v 0.08403341 0.1689339 0.0241347
v 0.06667255 0.1579606 0.02450417
v 0.05392916 0.1631437 0.04048096
v 0.05392916 0.1631437 0.04048096
v 0.06667255 0.1579606 0.02450417
v 0.03103088 0.1590486 0.038923
v 0.04105484 0.1485096 0.0236398
v 0.06667255 0.1579606 0.02450417
v 0.04508375 0.1438494 0.002148941
v 0.06667255 0.1579606 0.02450417
v 0.04105484 0.1485096 0.0236398
v 0.03103088 0.1590486 0.038923
v 0.04083722 0.1717907 0.04840866
v 0.05392916 0.1631437 0.04048096
v 0.02144232 0.1704702 0.04699191
v 0.05392916 0.1631437 0.04048096
v 0.03103088 0.1590486 0.038923
v 0.02144232 0.1704702 0.04699191
v 0.04105484 0.1485096 0.0236398
v 0.04508375 0.1438494 0.002148941
v 0.01145046 0.1461127 0.02106829
v 0.03103088 0.1590486 0.038923
v 0.04105484 0.1485096 0.0236398
v 0.004038568 0.1585858 0.03532685
v 0.04105484 0.1485096 0.0236398
v 0.01145046 0.1461127 0.02106829
v 0.004038568 0.1585858 0.03532685
v 0.04508375 0.1438494 0.002148941
v 0.04076573 0.1476934 -0.01948515
v 0.01483986 0.1402572 0.002428949
v 0.04508375 0.1438494 0.002148941
v 0.01483986 0.1402572 0.002428949
v 0.01145046 0.1461127 0.02106829
v 0.02144232 0.1704702 0.04699191
v 0.03103088 0.1590486 0.038923
v -0.002584934 0.1716355 0.0437934
v 0.03103088 0.1590486 0.038923
v 0.004038568 0.1585858 0.03532685
v -0.002584934 0.1716355 0.0437934
v 0.004038568 0.1585858 0.03532685
v 0.01145046 0.1461127 0.02106829
v -0.02712687 0.1608953 0.03909221
v 0.01145046 0.1461127 0.02106829
v 0.01483986 0.1402572 0.002428949
v -0.02295222 0.1510888 0.02304181
v 0.01145046 0.1461127 0.02106829
v -0.02295222 0.1510888 0.02304181
v -0.02712687 0.1608953 0.03909221
v -0.002584934 0.1716355 0.0437934
v 0.004038568 0.1585858 0.03532685
v -0.03039118 0.1726291 0.04671781
v 0.004038568 0.1585858 0.03532685
v -0.02712687 0.1608953 0.03909221
v -0.03039118 0.1726291 0.04671781
v 0.05341457 0.161693 -0.03705992
v 0.03048792 0.157691 -0.03504916
v 0.04076573 0.1476934 -0.01948515
v 0.04076573 0.1476934 -0.01948515
v 0.01115821 0.1454083 -0.0163511
v 0.01483986 0.1402572 0.002428949
v 0.01115821 0.1454083 -0.0163511
v 0.04076573 0.1476934 -0.01948515
v 0.03048792 0.157691 -0.03504916
v 0.01483986 0.1402572 0.002428949
v 0.01115821 0.1454083 -0.0163511
v -0.02095244 0.1468212 0.00258638
v 0.01483986 0.1402572 0.002428949
v -0.02095244 0.1468212 0.00258638
v -0.02295222 0.1510888 0.02304181
v -0.03039118 0.1726291 0.04671781
v -0.02712687 0.1608953 0.03909221
v -0.05752103 0.1659251 0.0540707
v -0.02712687 0.1608953 0.03909221
v -0.02295222 0.1510888 0.02304181
v -0.05793574 0.1556593 0.04758509
v -0.02712687 0.1608953 0.03909221
v -0.05793574 0.1556593 0.04758509
v -0.05752103 0.1659251 0.0540707
v -0.05752103 0.1659251 0.0540707
v -0.05793574 0.1556593 0.04758509
v -0.07489724 0.1574241 0.0557834
v -0.05793574 0.1556593 0.04758509
v -0.08049177 0.1477047 0.04985648
v -0.07489724 0.1574241 0.0557834
v -0.02295222 0.1510888 0.02304181
v -0.05763041 0.1479404 0.03005083
v -0.05793574 0.1556593 0.04758509
v -0.05793574 0.1556593 0.04758509
v -0.05763041 0.1479404 0.03005083
v -0.08049177 0.1477047 0.04985648
v -0.05763041 0.1479404 0.03005083
v -0.02295222 0.1510888 0.02304181
v -0.0576228 0.1448538 0.002873212
v -0.02295222 0.1510888 0.02304181
v -0.02095244 0.1468212 0.00258638
v -0.0576228 0.1448538 0.002873212
v 0.05289693 0.1727348 -0.04388584
v 0.04015504 0.1700794 -0.04507473
v 0.05341457 0.161693 -0.03705992
v 0.05341457 0.161693 -0.03705992
v 0.04015504 0.1700794 -0.04507473
v 0.03048792 0.157691 -0.03504916
v -0.05763041 0.1479404 0.03005083
v -0.08327625 0.1397073 0.0323873
v -0.08049177 0.1477047 0.04985648
v -0.08327625 0.1397073 0.0323873
v -0.05763041 0.1479404 0.03005083
v -0.08479977 0.1365084 0.003214881
v -0.05763041 0.1479404 0.03005083
v -0.0576228 0.1448538 0.002873212
v -0.08479977 0.1365084 0.003214881
v 0.01115821 0.1454083 -0.0163511
v -0.02323947 0.150272 -0.01793896
v -0.02095244 0.1468212 0.00258638
v 0.003528848 0.1573524 -0.03094244
v 0.01115821 0.1454083 -0.0163511
v 0.03048792 0.157691 -0.03504916
v -0.02323947 0.150272 -0.01793896
v 0.01115821 0.1454083 -0.0163511
v 0.003528848 0.1573524 -0.03094244
v -0.0576228 0.1448538 0.002873212
v -0.02095244 0.1468212 0.00258638
v -0.05817848 0.146913 -0.0243848
v -0.02095244 0.1468212 0.00258638
v -0.02323947 0.150272 -0.01793896
v -0.05817848 0.146913 -0.0243848
v 0.04015504 0.1700794 -0.04507473
v 0.02072828 0.1688461 -0.04347061
v 0.03048792 0.157691 -0.03504916
v 0.003528848 0.1573524 -0.03094244
v 0.03048792 0.157691 -0.03504916
v 0.02072828 0.1688461 -0.04347061
v -0.0276423 0.1594991 -0.03431787
v -0.02323947 0.150272 -0.01793896
v 0.003528848 0.1573524 -0.03094244
v -0.02323947 0.150272 -0.01793896
v -0.0276423 0.1594991 -0.03431787
v -0.05817848 0.146913 -0.0243848
v -0.08479977 0.1365084 0.003214881
v -0.0576228 0.1448538 0.002873212
v -0.08399197 0.1386648 -0.02607651
v -0.0576228 0.1448538 0.002873212
v -0.05817848 0.146913 -0.0243848
v -0.08399197 0.1386648 -0.02607651
v -0.003215919 0.1700691 -0.03983325
v 0.003528848 0.1573524 -0.03094244
v 0.02072828 0.1688461 -0.04347061
v -0.0276423 0.1594991 -0.03431787
v 0.003528848 0.1573524 -0.03094244
v -0.003215919 0.1700691 -0.03983325
v -0.0276423 0.1594991 -0.03431787
v -0.05925218 0.1538427 -0.04236577
v -0.05817848 0.146913 -0.0243848
v -0.05817848 0.146913 -0.0243848
v -0.05925218 0.1538427 -0.04236577
v -0.08399197 0.1386648 -0.02607651
v -0.03098874 0.1709033 -0.04228359
v -0.0276423 0.1594991 -0.03431787
v -0.003215919 0.1700691 -0.03983325
v -0.0276423 0.1594991 -0.03431787
v -0.03098874 0.1709033 -0.04228359
v -0.05925218 0.1538427 -0.04236577
v -0.05925218 0.1538427 -0.04236577
v -0.08148378 0.1460096 -0.04387343
v -0.08399197 0.1386648 -0.02607651
v -0.03098874 0.1709033 -0.04228359
v -0.05846024 0.164094 -0.04908463
v -0.05925218 0.1538427 -0.04236577
v -0.05925218 0.1538427 -0.04236577
v -0.05846024 0.164094 -0.04908463
v -0.08148378 0.1460096 -0.04387343
v -0.05846024 0.164094 -0.04908463
v -0.07593744 0.1555269 -0.0502595
v -0.08148378 0.1460096 -0.04387343
vn 0.3375451 0.9164456 0.2060131
vn 0.3274277 0.9269052 0.1727244
vn 0.05675513 0.9954045 -0.04474157
vn 0.05675513 0.9954045 -0.04474157
vn -0.3153283 0.9279307 -0.1889012
vn -0.2992856 0.9137267 -0.2680241
vn -0.3153283 0.9279307 -0.1889012
vn -0.2032778 0.9180979 -0.3350062
vn -0.2992856 0.9137267 -0.2680241
vn 0.3353117 0.8679535 0.3617235
vn 0.3274277 0.9269052 0.1727244
vn 0.3375451 0.9164456 0.2060131
vn 0.3314393 0.9397064 -0.05616903
vn 0.05675513 0.9954045 -0.04474157
vn 0.3313301 0.93225 -0.1312616
vn -0.2810243 0.9384098 0.191395
vn -0.4028975 0.9102414 0.07221103
vn -0.3990231 0.9132451 -0.05311811
vn 0.3314393 0.9397064 -0.05616903
vn 0.3375451 0.9164456 0.2060131
vn 0.05675513 0.9954045 -0.04474157
vn -0.3990231 0.9132451 -0.05311811
vn 0.05675513 0.9954045 -0.04474157
vn -0.2992856 0.9137267 -0.2680241
vn 0.8663944 0.02177417 0.4959162
vn 0.8569654 0.01649797 0.5122985
vn 0.9678186 -0.05472124 0.2379414
vn 0.3480421 0.7871944 0.5062841
vn 0.3353117 0.8679535 0.3617235
vn 0.3375451 0.9164456 0.2060131
vn 0.608798 0.1259714 0.7823074
vn 0.8569654 0.01649797 0.5122985
vn 0.8663944 0.02177417 0.4959162
vn -0.2032778 0.9180979 -0.3350062
vn -0.1290099 0.9127036 -0.3832932
vn -0.2992856 0.9137267 -0.2680241
vn 0.233234 0.7018864 0.6714662
vn 0.3353117 0.8679535 0.3617235
vn 0.3480421 0.7871944 0.5062841
vn -0.1225386 0.963709 -0.2290822
vn -0.08206928 0.9637261 -0.2464874
vn -0.1290099 0.9127036 -0.3832932
vn 0.2552154 0.4570528 0.8514405
vn 0.233234 0.7018864 0.6714662
vn 0.3480421 0.7871944 0.5062841
vn -0.08206928 0.9637261 -0.2464874
vn -0.05755121 0.9367441 -0.3400929
vn -0.1290099 0.9127036 -0.3832932
vn 0.004931062 0.6821008 0.7300297
vn 0.233234 0.7018864 0.6714662
vn 0.2552154 0.4570528 0.8514405
vn 0.5380885 0.2105114 0.8153966
vn 0.608798 0.1259714 0.7823074
vn 0.8663944 0.02177417 0.4959162
vn 0.2552154 0.4570528 0.8514405
vn 0.608798 0.1259714 0.7823074
vn 0.5380885 0.2105114 0.8153966
vn -0.2992856 0.9137267 -0.2680241
vn -0.1290099 0.9127036 -0.3832932
vn -0.1785302 0.8925974 -0.4099567
vn -0.3990231 0.9132451 -0.05311811
vn -0.2992856 0.9137267 -0.2680241
vn -0.1785302 0.8925974 -0.4099567
vn -0.1290099 0.9127036 -0.3832932
vn -0.05755121 0.9367441 -0.3400929
vn -0.01399994 0.8692977 -0.490988
vn -0.1290099 0.9127036 -0.3832932
vn -0.01399994 0.8692977 -0.490988
vn -0.1785302 0.8925974 -0.4099567
vn 0.02884969 0.4417471 0.8962757
vn 0.004931062 0.6821008 0.7300297
vn 0.2552154 0.4570528 0.8514405
vn -0.05755121 0.9367441 -0.3400929
vn 0.04849446 0.9035354 -0.4218676
vn -0.01399994 0.8692977 -0.490988
vn -0.03669322 0.7707459 0.634284
vn 0.004931062 0.6821008 0.7300297
vn 0.02884969 0.4417471 0.8962757
vn 0.2443434 0.1834943 0.9519953
vn 0.2552154 0.4570528 0.8514405
vn 0.5380885 0.2105114 0.8153966
vn 0.02884969 0.4417471 0.8962757
vn 0.2552154 0.4570528 0.8514405
vn 0.2443434 0.1834943 0.9519953
vn 0.1028413 0.8879766 -0.4446301
vn -0.1785302 0.8925974 -0.4099567
vn -0.01399994 0.8692977 -0.490988
vn 0.09219506 0.8592884 -0.5001006
vn -0.01399994 0.8692977 -0.490988
vn 0.04849446 0.9035354 -0.4218676
vn 0.09219506 0.8592884 -0.5001006
vn 0.1028413 0.8879766 -0.4446301
vn -0.01399994 0.8692977 -0.490988
vn -0.2356784 0.9670655 0.07296205
vn -0.3990231 0.9132451 -0.05311811
vn -0.1785302 0.8925974 -0.4099567
vn -0.2356784 0.9670655 0.07296205
vn -0.1785302 0.8925974 -0.4099567
vn 0.087024 0.9938357 -0.02775329
vn -0.1785302 0.8925974 -0.4099567
vn 0.1028413 0.8879766 -0.4446301
vn 0.087024 0.9938357 -0.02775329
vn 0.07858119 -0.3208061 0.9436293
vn 0.02884969 0.4417471 0.8962757
vn 0.2443434 0.1834943 0.9519953
vn -0.03007147 0.7798188 0.6234068
vn -0.03669322 0.7707459 0.634284
vn 0.02884969 0.4417471 0.8962757
vn -0.09435518 -0.1123557 0.9891239
vn 0.02884969 0.4417471 0.8962757
vn 0.07858119 -0.3208061 0.9436293
vn -0.03007147 0.7798188 0.6234068
vn 0.005955219 0.776272 0.6285324
vn -0.03669322 0.7707459 0.634284
vn 0.08476758 0.8950247 -0.4341514
vn 0.09219506 0.8592884 -0.5001006
vn 0.04849446 0.9035354 -0.4218676
vn 0.005955219 0.776272 0.6285324
vn 0.02675697 0.7734556 0.631468
vn -0.03669322 0.7707459 0.634284
vn -0.06109208 -0.4389886 0.8959454
vn -0.09435518 -0.1123557 0.9891239
vn 0.07858119 -0.3208061 0.9436293
vn -0.06109208 -0.4389886 0.8959454
vn -0.05410044 -0.3659031 0.9287596
vn -0.09435518 -0.1123557 0.9891239
vn -0.05410044 -0.3659031 0.9287596
vn 0.005400535 -0.06519586 0.9978448
vn -0.09435518 -0.1123557 0.9891239
vn 0.05441365 0.8986004 -0.431615
vn 0.1028413 0.8879766 -0.4446301
vn 0.09219506 0.8592884 -0.5001006
vn -0.04374987 0.8864234 -0.4573476
vn 0.09219506 0.8592884 -0.5001006
vn 0.08476758 0.8950247 -0.4341514
vn -0.04374987 0.8864234 -0.4573476
vn 0.05441365 0.8986004 -0.431615
vn 0.09219506 0.8592884 -0.5001006
vn 0.087024 0.9938357 -0.02775329
vn 0.1028413 0.8879766 -0.4446301
vn 0.1054988 0.98866 -0.08657157
vn 0.1028413 0.8879766 -0.4446301
vn 0.05441365 0.8986004 -0.431615
vn 0.1054988 0.98866 -0.08657157
vn 0.005955219 0.776272 0.6285324
vn -0.004880428 0.7723265 0.6334063
vn 0.02675697 0.7734556 0.631468
vn -0.08030197 0.8928313 -0.4395146
vn -0.04374987 0.8864234 -0.4573476
vn 0.08476758 0.8950247 -0.4341514
vn -0.004880428 0.7723265 0.6334063
vn -0.004841268 0.7816014 0.6218781
vn 0.02675697 0.7734556 0.631468
vn -0.05410044 -0.3659031 0.9287596
vn 0.1567986 -0.1953851 0.9679734
vn 0.005400535 -0.06519586 0.9978448
vn 0.1567986 -0.1953851 0.9679734
vn 0.1270084 0.06338334 0.9898424
vn 0.005400535 -0.06519586 0.9978448
vn 0.05441365 0.8986004 -0.431615
vn -0.04374987 0.8864234 -0.4573476
vn -0.2220688 0.9282175 -0.2923574
vn 0.1054988 0.98866 -0.08657157
vn 0.05441365 0.8986004 -0.431615
vn -0.2220688 0.9282175 -0.2923574
vn -0.04374987 0.8864234 -0.4573476
vn -0.08030197 0.8928313 -0.4395146
vn -0.3773373 0.8662111 -0.3220985
vn -0.04374987 0.8864234 -0.4573476
vn -0.3773373 0.8662111 -0.3220985
vn -0.2220688 0.9282175 -0.2923574
vn -0.1572364 0.7817444 0.6014283
vn -0.004841268 0.7816014 0.6218781
vn -0.004880428 0.7723265 0.6334063
vn -0.2723187 0.9216782 -0.2695733
vn -0.4067222 0.8676158 -0.279611
vn -0.3773373 0.8662111 -0.3220985
vn -0.2559455 0.7358545 0.625054
vn -0.1572364 0.7817444 0.6014283
vn -0.004880428 0.7723265 0.6334063
vn 0.1361057 0.1382397 0.9809408
vn 0.1270084 0.06338334 0.9898424
vn 0.1567986 -0.1953851 0.9679734
vn -0.3773373 0.8662111 -0.3220985
vn -0.4067222 0.8676158 -0.279611
vn -0.6794918 0.7197354 -0.1281967
vn -0.3510891 0.7152535 0.6022568
vn -0.1572364 0.7817444 0.6014283
vn -0.2559455 0.7358545 0.625054
vn -0.5340983 0.7984757 -0.2711545
vn -0.5350478 0.7978551 -0.2711363
vn -0.6794918 0.7197354 -0.1281967
vn -0.2904363 0.3322459 0.8969501
vn -0.3510891 0.7152535 0.6022568
vn -0.2559455 0.7358545 0.625054
vn -0.6794918 0.7197354 -0.1281967
vn -0.8121695 0.5774137 0.05555469
vn -0.7898052 0.6066498 0.06535965
vn -0.3773373 0.8662111 -0.3220985
vn -0.6794918 0.7197354 -0.1281967
vn -0.6558177 0.7417991 -0.1257561
vn -0.2220688 0.9282175 -0.2923574
vn -0.3773373 0.8662111 -0.3220985
vn -0.6558177 0.7417991 -0.1257561
vn 0.0521864 0.2060065 0.9770848
vn 0.1361057 0.1382397 0.9809408
vn 0.1567986 -0.1953851 0.9679734
vn -0.2904363 0.3322459 0.8969501
vn 0.1361057 0.1382397 0.9809408
vn 0.0521864 0.2060065 0.9770848
vn -0.787573 0.6117126 -0.04031461
vn -0.6794918 0.7197354 -0.1281967
vn -0.7898052 0.6066498 0.06535965
vn -0.6558177 0.7417991 -0.1257561
vn -0.6794918 0.7197354 -0.1281967
vn -0.787573 0.6117126 -0.04031461
vn -0.2358711 0.9696362 0.01560044
vn 0.1054988 0.98866 -0.08657157
vn -0.2220688 0.9282175 -0.2923574
vn -0.2358711 0.9696362 0.01560044
vn -0.2220688 0.9282175 -0.2923574
vn -0.6558177 0.7417991 -0.1257561
vn -0.0355366 0.2677127 0.962712
vn -0.2904363 0.3322459 0.8969501
vn 0.0521864 0.2060065 0.9770848
vn -0.7279646 -0.1708202 0.6623028
vn -0.2904363 0.3322459 0.8969501
vn -0.6489073 0.0007266998 0.7597535
vn 0.087024 0.9938357 -0.02775329
vn 0.1054988 0.98866 -0.08657157
vn 0.04135257 0.9512503 0.299776
vn 0.04135257 0.9512503 0.299776
vn 0.1054988 0.98866 -0.08657157
vn -0.2358711 0.9696362 0.01560044
vn -0.7450594 -0.4009667 0.5303033
vn -0.7279646 -0.1708202 0.6623028
vn -0.6489073 0.0007266998 0.7597535
vn -0.7895213 0.6073157 -0.06275529
vn -0.6558177 0.7417991 -0.1257561
vn -0.787573 0.6117126 -0.04031461
vn -0.7667335 -0.5917358 0.2413835
vn -0.7279646 -0.1708202 0.6623028
vn -0.7450594 -0.4009667 0.5303033
vn -0.6388836 0.7666646 0.01280278
vn -0.2358711 0.9696362 0.01560044
vn -0.6558177 0.7417991 -0.1257561
vn -0.3478 0.9190265 0.175016
vn 0.04135257 0.9512503 0.299776
vn -0.2358711 0.9696362 0.01560044
vn -0.3478 0.9190265 0.175016
vn -0.2358711 0.9696362 0.01560044
vn -0.6388836 0.7666646 0.01280278
vn -0.7605332 -0.6011696 0.2375404
vn -0.7667335 -0.5917358 0.2413835
vn -0.7450594 -0.4009667 0.5303033
vn -0.7605332 -0.6011696 0.2375404
vn -0.7592456 -0.6461097 0.04644626
vn -0.7667335 -0.5917358 0.2413835
vn -0.7895213 0.6073157 -0.06275529
vn -0.785928 0.6149787 -0.01355726
vn -0.6558177 0.7417991 -0.1257561
vn -0.7592456 -0.6461097 0.04644626
vn -0.7542756 -0.6534743 -0.0103209
vn -0.7667335 -0.5917358 0.2413835
vn -0.785928 0.6149787 -0.01355726
vn -0.6388836 0.7666646 0.01280278
vn -0.6558177 0.7417991 -0.1257561
vn -0.785928 0.6149787 -0.01355726
vn -0.7868893 0.6115427 0.05373329
vn -0.6388836 0.7666646 0.01280278
vn -0.6489477 0.7522249 0.09565037
vn -0.3478 0.9190265 0.175016
vn -0.6388836 0.7666646 0.01280278
vn -0.7868893 0.6115427 0.05373329
vn -0.6489477 0.7522249 0.09565037
vn -0.6388836 0.7666646 0.01280278
vn -0.3478 0.9190265 0.175016
vn -0.6489477 0.7522249 0.09565037
vn -0.6625131 0.7299957 0.1560464
vn -0.6625131 0.7299957 0.1560464
vn -0.6489477 0.7522249 0.09565037
vn -0.7868893 0.6115427 0.05373329
vn -0.7592456 -0.6461097 0.04644626
vn -0.7745842 -0.5944296 -0.2071792
vn -0.7542756 -0.6534743 -0.0103209
vn -0.7745842 -0.5944296 -0.2071792
vn -0.7634023 -0.6053855 -0.2167753
vn -0.7542756 -0.6534743 -0.0103209
vn 0.06691942 0.9055641 0.4150491
vn 0.087024 0.9938357 -0.02775329
vn 0.04135257 0.9512503 0.299776
vn -0.2356784 0.9670655 0.07296205
vn 0.087024 0.9938357 -0.02775329
vn 0.06691942 0.9055641 0.4150491
vn -0.2888127 0.8916816 0.3435819
vn -0.2810243 0.9384098 0.191395
vn -0.3990231 0.9132451 -0.05311811
vn -0.2888127 0.8916816 0.3435819
vn -0.3990231 0.9132451 -0.05311811
vn -0.2356784 0.9670655 0.07296205
vn 0.04135257 0.9512503 0.299776
vn -0.3478 0.9190265 0.175016
vn -0.348352 0.8778183 0.3234107
vn -0.348352 0.8778183 0.3234107
vn -0.3478 0.9190265 0.175016
vn -0.6625131 0.7299957 0.1560464
vn -0.05488065 0.8917997 0.4456201
vn 0.04135257 0.9512503 0.299776
vn -0.348352 0.8778183 0.3234107
vn 0.06691942 0.9055641 0.4150491
vn 0.04135257 0.9512503 0.299776
vn -0.05488065 0.8917997 0.4456201
vn -0.7868781 0.6133894 -0.02503455
vn -0.6625131 0.7299957 0.1560464
vn -0.7868893 0.6115427 0.05373329
vn -0.7718357 -0.5327606 -0.342035
vn -0.7634023 -0.6053855 -0.2167753
vn -0.7745842 -0.5944296 -0.2071792
vn -0.348352 0.8778183 0.3234107
vn -0.6625131 0.7299957 0.1560464
vn -0.6722227 0.7314122 0.09617203
vn -0.6722227 0.7314122 0.09617203
vn -0.6625131 0.7299957 0.1560464
vn -0.7868781 0.6133894 -0.02503455
vn -0.05488065 0.8917997 0.4456201
vn -0.348352 0.8778183 0.3234107
vn -0.3384716 0.8771569 0.335521
vn -0.3384716 0.8771569 0.335521
vn -0.348352 0.8778183 0.3234107
vn -0.6722227 0.7314122 0.09617203
vn -0.09770244 0.8763083 0.468524
vn -0.2356784 0.9670655 0.07296205
vn 0.06691942 0.9055641 0.4150491
vn -0.09770244 0.8763083 0.468524
vn -0.2888127 0.8916816 0.3435819
vn -0.2356784 0.9670655 0.07296205
vn 0.07031921 0.8696235 0.4856525
vn 0.06691942 0.9055641 0.4150491
vn -0.05488065 0.8917997 0.4456201
vn -0.09770244 0.8763083 0.468524
vn 0.06691942 0.9055641 0.4150491
vn 0.07031921 0.8696235 0.4856525
vn -0.7800688 0.6058381 -0.1434426
vn -0.6722227 0.7314122 0.09617203
vn -0.7868781 0.6133894 -0.02503455
vn -0.2357989 0.6988336 -0.6736618
vn -0.2120202 0.5836283 -0.7828416
vn -0.3279963 0.6775485 -0.6565409
vn -0.04074839 0.9023586 0.4253391
vn -0.05488065 0.8917997 0.4456201
vn -0.3384716 0.8771569 0.335521
vn 0.07031921 0.8696235 0.4856525
vn -0.05488065 0.8917997 0.4456201
vn -0.04074839 0.9023586 0.4253391
vn -0.03411314 0.8869798 0.4572083
vn -0.09770244 0.8763083 0.468524
vn 0.07031921 0.8696235 0.4856525
vn -0.2888127 0.8916816 0.3435819
vn -0.09770244 0.8763083 0.468524
vn -0.03411314 0.8869798 0.4572083
vn -0.7637007 -0.1854073 -0.6164266
vn -0.7718357 -0.5327606 -0.342035
vn -0.7745842 -0.5944296 -0.2071792
vn -0.6927203 -0.007597685 -0.7198647
vn -0.559636 -0.08048034 -0.8240743
vn -0.7637007 -0.1854073 -0.6164266
vn -0.08498606 0.4945022 -0.8644021
vn -0.2357989 0.6988336 -0.6736618
vn -0.3279963 0.6775485 -0.6565409
vn -0.02559698 0.733699 -0.6773662
vn -0.2357989 0.6988336 -0.6736618
vn -0.08498606 0.4945022 -0.8644021
vn 0.07765853 0.9080269 0.4077039
vn 0.07031921 0.8696235 0.4856525
vn -0.04074839 0.9023586 0.4253391
vn -0.03411314 0.8869798 0.4572083
vn 0.07031921 0.8696235 0.4856525
vn 0.07765853 0.9080269 0.4077039
vn -0.2810243 0.9384098 0.191395
vn -0.2888127 0.8916816 0.3435819
vn -0.1223763 0.9400884 0.3126292
vn -0.1223763 0.9400884 0.3126292
vn -0.2888127 0.8916816 0.3435819
vn -0.03411314 0.8869798 0.4572083
vn -0.8021797 0.06575835 -0.5912989
vn -0.6927203 -0.007597685 -0.7198647
vn -0.7637007 -0.1854073 -0.6164266
vn -0.08498606 0.4945022 -0.8644021
vn -0.08386302 0.231043 -0.9691845
vn -0.04771494 0.1959705 -0.9793529
vn 0.2412152 -0.2542746 -0.9363202
vn -0.08498606 0.4945022 -0.8644021
vn -0.04771494 0.1959705 -0.9793529
vn -0.01715076 0.7389409 -0.6718909
vn -0.02559698 0.733699 -0.6773662
vn -0.08498606 0.4945022 -0.8644021
vn 0.1283654 0.009416699 -0.9916446
vn -0.08498606 0.4945022 -0.8644021
vn 0.2412152 -0.2542746 -0.9363202
vn 0.01363707 0.7435203 -0.6668796
vn -0.003367484 0.7577326 -0.6507564
vn 0.03890902 0.7437429 -0.6656295
vn -0.01715076 0.7389409 -0.6718909
vn 0.01363707 0.7435203 -0.6668796
vn -0.02559698 0.733699 -0.6773662
vn -0.00455004 0.9389368 0.3390141
vn -0.03411314 0.8869798 0.4572083
vn 0.07765853 0.9080269 0.4077039
vn -0.1223763 0.9400884 0.3126292
vn -0.03411314 0.8869798 0.4572083
vn -0.00455004 0.9389368 0.3390141
vn 0.2091561 -0.3192022 -0.9240234
vn 0.1283654 0.009416699 -0.9916446
vn 0.2412152 -0.2542746 -0.9363202
vn 0.2091561 -0.3192022 -0.9240234
vn -0.01517212 -0.3547081 -0.9346132
vn 0.1283654 0.009416699 -0.9916446
vn -0.01517212 -0.3547081 -0.9346132
vn -0.09295914 -0.169119 -0.9811418
vn 0.1283654 0.009416699 -0.9916446
vn 0.01363707 0.7435203 -0.6668796
vn -0.04685712 0.7568723 -0.6500772
vn -0.003367484 0.7577326 -0.6507564
vn -0.04685712 0.7568723 -0.6500772
vn -0.0515143 0.7738205 -0.6293613
vn -0.003367484 0.7577326 -0.6507564
vn -0.06339929 0.9610538 0.2621376
vn -0.1223763 0.9400884 0.3126292
vn -0.00455004 0.9389368 0.3390141
vn -0.04793641 0.7391261 -0.6701867
vn -0.0515143 0.7738205 -0.6293613
vn -0.04685712 0.7568723 -0.6500772
vn -0.01517212 -0.3547081 -0.9346132
vn -0.1052362 -0.3652582 -0.9246588
vn -0.09295914 -0.169119 -0.9811418
vn -0.1052362 -0.3652582 -0.9246588
vn -0.1016403 -0.1394752 -0.9849486
vn -0.09295914 -0.169119 -0.9811418
vn -0.08722466 0.9819295 0.156129
vn -0.2810243 0.9384098 0.191395
vn -0.1223763 0.9400884 0.3126292
vn -0.08722466 0.9819295 0.156129
vn -0.1223763 0.9400884 0.3126292
vn -0.06339929 0.9610538 0.2621376
vn 0.01295072 0.6723071 -0.738898
vn -0.04793641 0.7391261 -0.6701867
vn -0.04685712 0.7568723 -0.6500772
vn 0.001909148 -0.06181699 -0.9980825
vn -0.1016403 -0.1394752 -0.9849486
vn -0.1052362 -0.3652582 -0.9246588
vn 0.1781483 0.6558104 -0.732303
vn -0.04793641 0.7391261 -0.6701867
vn 0.01295072 0.6723071 -0.738898
vn -0.02790001 0.9956655 0.06284112
vn -0.08722466 0.9819295 0.156129
vn -0.02800363 0.9956629 0.06284195
vn 0.2742077 0.6728724 -0.6854792
vn 0.1781483 0.6558104 -0.732303
vn 0.01295072 0.6723071 -0.738898
vn 0.3665459 0.7643535 -0.5277205
vn 0.1781483 0.6558104 -0.732303
vn 0.2742077 0.6728724 -0.6854792
vn 0.02882569 -0.1456217 -0.9888861
vn 0.001909148 -0.06181699 -0.9980825
vn -0.1052362 -0.3652582 -0.9246588
vn 0.2068588 0.1422248 -0.9678326
vn 0.001909148 -0.06181699 -0.9980825
vn 0.02882569 -0.1456217 -0.9888861
vn 0.3193416 0.8426248 -0.4297958
vn 0.3665459 0.7643535 -0.5277205
vn 0.2742077 0.6728724 -0.6854792
vn 0.3364996 0.8689089 -0.3581496
vn 0.3665459 0.7643535 -0.5277205
vn 0.3193416 0.8426248 -0.4297958
vn 0.2951099 -0.1025182 -0.9497426
vn 0.2068588 0.1422248 -0.9678326
vn 0.02882569 -0.1456217 -0.9888861
vn 0.4247702 0.2017599 -0.8820081
vn 0.2068588 0.1422248 -0.9678326
vn 0.2951099 -0.1025182 -0.9497426
vn 0.3182831 0.9131963 -0.2470289
vn 0.3314393 0.9397064 -0.05616903
vn 0.3313301 0.93225 -0.1312616
vn 0.9907975 -0.07381977 -0.09460343
vn 0.8663944 0.02177417 0.4959162
vn 0.9678186 -0.05472124 0.2379414
vn 0.9907975 -0.07381977 -0.09460343
vn 0.9585006 -0.09360778 -0.2623421
vn 0.9585016 -0.09359753 -0.2623422
vn 0.3182831 0.9131963 -0.2470289
vn 0.3364996 0.8689089 -0.3581496
vn 0.3193416 0.8426248 -0.4297958
vn 0.8066199 0.03846443 -0.5875939
vn 0.6601344 0.1232858 -0.7397244
vn 0.6070242 0.1001196 -0.7873734
vn 0.6070242 0.1001196 -0.7873734
vn 0.4247702 0.2017599 -0.8820081
vn 0.2951099 -0.1025182 -0.9497426
vn 0.8663445 -0.006445885 -0.4963904
vn 0.8066199 0.03846443 -0.5875939
vn 0.6070242 0.1001196 -0.7873734
vn 0.8663445 -0.006445885 -0.4963904
vn 0.9907975 -0.07381977 -0.09460343
vn 0.8066199 0.03846443 -0.5875939
vn 0.5022913 -0.8013593 -0.3193882
vn 0.4490452 -0.7226576 -0.5227776
vn 0.4394287 -0.83661 -0.3216788
vn 0.5568662 -0.8273128 -0.03891021
vn 0.5022913 -0.8013593 -0.3193882
vn 0.4394287 -0.83661 -0.3216788
vn 0.3453544 -0.6289106 -0.6951337
vn 0.2951099 -0.1025182 -0.9497426
vn 0.2196418 -0.6910918 -0.6871143
vn 0.3453544 -0.6289106 -0.6951337
vn 0.2196418 -0.6910918 -0.6871143
vn 0.4394287 -0.83661 -0.3216788
vn 0.4823181 -0.8737012 -0.008261561
vn 0.5568662 -0.8273128 -0.03891021
vn 0.4394287 -0.83661 -0.3216788
vn 0.5262029 -0.7943352 0.2975187
vn 0.5568662 -0.8273128 -0.03891021
vn 0.4823181 -0.8737012 -0.008261561
vn 0.4394287 -0.83661 -0.3216788
vn 0.2196418 -0.6910918 -0.6871143
vn 0.191486 -0.9137232 -0.3536003
vn 0.4823181 -0.8737012 -0.008261561
vn 0.4394287 -0.83661 -0.3216788
vn 0.191486 -0.9137232 -0.3536003
vn 0.3635412 -0.8488291 0.3793521
vn 0.5262029 -0.7943352 0.2975187
vn 0.4823181 -0.8737012 -0.008261561
vn 0.2547013 -0.9609668 0.08799499
vn 0.4823181 -0.8737012 -0.008261561
vn 0.191486 -0.9137232 -0.3536003
vn 0.3635412 -0.8488291 0.3793521
vn 0.4823181 -0.8737012 -0.008261561
vn 0.2547013 -0.9609668 0.08799499
vn 0.2119237 -0.612287 0.7605726
vn 0.2118308 -0.6123174 0.7605738
vn 0.07858119 -0.3208061 0.9436293
vn 0.3491347 -0.6025259 0.7163076
vn 0.4203629 -0.7488796 0.5094185
vn 0.2249062 -0.6926264 0.683757
vn 0.3491347 -0.6025259 0.7163076
vn 0.2249062 -0.6926264 0.683757
vn 0.07858119 -0.3208061 0.9436293
vn 0.5262029 -0.7943352 0.2975187
vn 0.3635412 -0.8488291 0.3793521
vn 0.2249062 -0.6926264 0.683757
vn 0.2249062 -0.6926264 0.683757
vn 0.3635412 -0.8488291 0.3793521
vn 0.02448621 -0.7247265 0.6870351
vn 0.1209787 -0.864872 0.4840263
vn 0.3635412 -0.8488291 0.3793521
vn 0.2547013 -0.9609668 0.08799499
vn 0.3635412 -0.8488291 0.3793521
vn 0.1209787 -0.864872 0.4840263
vn 0.02448621 -0.7247265 0.6870351
vn 0.07858119 -0.3208061 0.9436293
vn 0.2249062 -0.6926264 0.683757
vn -0.06109208 -0.4389886 0.8959454
vn 0.2249062 -0.6926264 0.683757
vn 0.02448621 -0.7247265 0.6870351
vn -0.06109208 -0.4389886 0.8959454
vn 0.1209787 -0.864872 0.4840263
vn 0.2547013 -0.9609668 0.08799499
vn 0.00206539 -0.8898477 0.4527427
vn 0.02448621 -0.7247265 0.6870351
vn 0.1209787 -0.864872 0.4840263
vn 0.003932387 -0.668212 0.742724
vn 0.1209787 -0.864872 0.4840263
vn 0.00206539 -0.8898477 0.4527427
vn 0.003932387 -0.668212 0.742724
vn 0.2547013 -0.9609668 0.08799499
vn 0.191486 -0.9137232 -0.3536003
vn -0.02956894 -0.9974914 0.01392406
vn 0.2547013 -0.9609668 0.08799499
vn -0.02956894 -0.9974914 0.01392406
vn 0.00206539 -0.8898477 0.4527427
vn -0.06109208 -0.4389886 0.8959454
vn 0.02448621 -0.7247265 0.6870351
vn -0.05410044 -0.3659031 0.9287596
vn 0.02448621 -0.7247265 0.6870351
vn 0.003932387 -0.668212 0.742724
vn -0.05410044 -0.3659031 0.9287596
vn 0.003932387 -0.668212 0.742724
vn 0.00206539 -0.8898477 0.4527427
vn 0.1610052 -0.6680905 0.7251298
vn 0.00206539 -0.8898477 0.4527427
vn -0.02956894 -0.9974914 0.01392406
vn 0.03900167 -0.9412695 0.3301078
vn 0.00206539 -0.8898477 0.4527427
vn 0.03900167 -0.9412695 0.3301078
vn 0.1610052 -0.6680905 0.7251298
vn -0.05410044 -0.3659031 0.9287596
vn 0.003932387 -0.668212 0.742724
vn 0.1567986 -0.1953851 0.9679734
vn 0.003932387 -0.668212 0.742724
vn 0.1610052 -0.6680905 0.7251298
vn 0.1567986 -0.1953851 0.9679734
vn 0.2196418 -0.6910918 -0.6871143
vn -0.01003787 -0.7327917 -0.6788672
vn 0.191486 -0.9137232 -0.3536003
vn 0.191486 -0.9137232 -0.3536003
vn -0.06751606 -0.9064871 -0.4129274
vn -0.02956894 -0.9974914 0.01392406
vn -0.06751606 -0.9064871 -0.4129274
vn 0.191486 -0.9137232 -0.3536003
vn -0.01003787 -0.7327917 -0.6788672
vn -0.02956894 -0.9974914 0.01392406
vn -0.06751606 -0.9064871 -0.4129274
vn -0.03409389 -0.9965681 -0.04245335
vn -0.02956894 -0.9974914 0.01392406
vn -0.03409389 -0.9965681 -0.04245335
vn 0.03900167 -0.9412695 0.3301078
vn 0.1567986 -0.1953851 0.9679734
vn 0.1610052 -0.6680905 0.7251298
vn 0.3260421 -0.4929062 0.8058205
vn 0.1610052 -0.6680905 0.7251298
vn 0.03900167 -0.9412695 0.3301078
vn 0.3055749 -0.7147523 0.6273077
vn 0.1610052 -0.6680905 0.7251298
vn 0.3055749 -0.7147523 0.6273077
vn 0.3260421 -0.4929062 0.8058205
vn 0.3260421 -0.4929062 0.8058205
vn 0.3055749 -0.7147523 0.6273077
vn 0.312992 -0.5654797 0.7619509
vn 0.3055749 -0.7147523 0.6273077
vn 0.3251049 -0.8004675 0.5005534
vn 0.312992 -0.5654797 0.7619509
vn 0.03900167 -0.9412695 0.3301078
vn 0.2844821 -0.9252478 0.2447254
vn 0.3055749 -0.7147523 0.6273077
vn 0.3055749 -0.7147523 0.6273077
vn 0.2844821 -0.9252478 0.2447254
vn 0.3251049 -0.8004675 0.5005534
vn 0.2844821 -0.9252478 0.2447254
vn 0.03900167 -0.9412695 0.3301078
vn 0.2206645 -0.9731658 0.0351705
vn 0.03900167 -0.9412695 0.3301078
vn -0.03409389 -0.9965681 -0.04245335
vn 0.2206645 -0.9731658 0.0351705
vn 0.2951099 -0.1025182 -0.9497426
vn 0.116873 -0.5816121 -0.8041993
vn 0.2196418 -0.6910918 -0.6871143
vn 0.2196418 -0.6910918 -0.6871143
vn 0.116873 -0.5816121 -0.8041993
vn -0.01003787 -0.7327917 -0.6788672
vn 0.2844821 -0.9252478 0.2447254
vn 0.3185365 -0.9185925 0.2257202
vn 0.3251049 -0.8004675 0.5005534
vn 0.3185365 -0.9185925 0.2257202
vn 0.2844821 -0.9252478 0.2447254
vn 0.3002777 -0.9506965 0.04562324
vn 0.2844821 -0.9252478 0.2447254
vn 0.2206645 -0.9731658 0.0351705
vn 0.3002777 -0.9506965 0.04562324
vn -0.06751606 -0.9064871 -0.4129274
vn 0.02188537 -0.9132677 -0.402788
vn -0.03409389 -0.9965681 -0.04245335
vn -0.0610401 -0.7219972 -0.6877432
vn -0.06751606 -0.9064871 -0.4129274
vn -0.01003787 -0.7327917 -0.6788672
vn 0.02188537 -0.9132677 -0.402788
vn -0.06751606 -0.9064871 -0.4129274
vn -0.0610401 -0.7219972 -0.6877432
vn 0.2206645 -0.9731658 0.0351705
vn -0.03409389 -0.9965681 -0.04245335
vn 0.2287059 -0.9341893 -0.267995
vn -0.03409389 -0.9965681 -0.04245335
vn 0.02188537 -0.9132677 -0.402788
vn 0.2287059 -0.9341893 -0.267995
vn 0.02882569 -0.1456217 -0.9888861
vn -0.1052362 -0.3652582 -0.9246588
vn -0.01003787 -0.7327917 -0.6788672
vn -0.0610401 -0.7219972 -0.6877432
vn -0.01003787 -0.7327917 -0.6788672
vn -0.1052362 -0.3652582 -0.9246588
vn 0.1442373 -0.72675 -0.6700218
vn 0.02188537 -0.9132677 -0.402788
vn -0.0610401 -0.7219972 -0.6877432
vn 0.02188537 -0.9132677 -0.402788
vn 0.1442373 -0.72675 -0.6700218
vn 0.2287059 -0.9341893 -0.267995
vn 0.3002777 -0.9506965 0.04562324
vn 0.2206645 -0.9731658 0.0351705
vn 0.3151363 -0.9244951 -0.2055365
vn 0.2206645 -0.9731658 0.0351705
vn 0.2287059 -0.9341893 -0.267995
vn 0.3151363 -0.9244951 -0.2055365
vn -0.01517212 -0.3547081 -0.9346132
vn -0.0610401 -0.7219972 -0.6877432
vn -0.1052362 -0.3652582 -0.9246588
vn 0.1442373 -0.72675 -0.6700218
vn -0.0610401 -0.7219972 -0.6877432
vn -0.01517212 -0.3547081 -0.9346132
vn 0.1442373 -0.72675 -0.6700218
vn 0.3118879 -0.7353542 -0.5996093
vn 0.2287059 -0.9341893 -0.267995
vn 0.2287059 -0.9341893 -0.267995
vn 0.3118879 -0.7353542 -0.5996093
vn 0.3151363 -0.9244951 -0.2055365
vn 0.2091561 -0.3192022 -0.9240234
vn 0.1442373 -0.72675 -0.6700218
vn -0.01517212 -0.3547081 -0.9346132
vn 0.1442373 -0.72675 -0.6700218
vn 0.2091561 -0.3192022 -0.9240234
vn 0.3118879 -0.7353542 -0.5996093
vn 0.3118879 -0.7353542 -0.5996093
vn 0.325888 -0.7172286 -0.6139836
vn 0.3151363 -0.9244951 -0.2055365
vn 0.2091561 -0.3192022 -0.9240234
vn 0.2412152 -0.2542746 -0.9363202
vn 0.3118879 -0.7353542 -0.5996093
vn 0.3118879 -0.7353542 -0.5996093
vn 0.2412152 -0.2542746 -0.9363202
vn 0.325888 -0.7172286 -0.6139836
vn 0.2412152 -0.2542746 -0.9363202
vn 0.364985 -0.652181 -0.6627825
vn 0.325888 -0.7172286 -0.6139836
vt 0.640622 1.205028
vt 0.6362226 1.206006
vt 0.6367114 1.197207
vt 0.6367114 1.197207
vt 0.6362226 1.206006
vt 0.6288904 1.207961
vt 0.6362226 1.206006
vt 0.6342673 1.215293
vt 0.6288904 1.207961
vt 0.6342673 1.215293
vt 0.6362226 1.206006
vt 0.640622 1.205028
vt 0.6411107 1.197207
vt 0.6367114 1.197207
vt 0.6362226 1.188409
vt 0.6362226 1.188409
vt 0.6367114 1.197207
vt 0.6288904 1.197207
vt 0.6411107 1.197207
vt 0.640622 1.205028
vt 0.6367114 1.197207
vt 0.6288904 1.197207
vt 0.6367114 1.197207
vt 0.6288904 1.207961
vt 0.6445324 1.205517
vt 0.640622 1.205028
vt 0.6411107 1.197207
vt 0.6396443 1.214316
vt 0.6342673 1.215293
vt 0.640622 1.205028
vt 0.6396443 1.214316
vt 0.640622 1.205028
vt 0.6445324 1.205517
vt 0.6342673 1.215293
vt 0.6269351 1.218226
vt 0.6288904 1.207961
vt 0.6308456 1.223114
vt 0.6342673 1.215293
vt 0.6396443 1.214316
vt 0.6342673 1.215293
vt 0.6308456 1.223114
vt 0.6269351 1.218226
vt 0.635245 1.225559
vt 0.6308456 1.223114
vt 0.6396443 1.214316
vt 0.6308456 1.223114
vt 0.624491 1.226536
vt 0.6269351 1.218226
vt 0.624491 1.226536
vt 0.6308456 1.223114
vt 0.635245 1.225559
vt 0.6435548 1.215293
vt 0.6396443 1.214316
vt 0.6445324 1.205517
vt 0.635245 1.225559
vt 0.6396443 1.214316
vt 0.6435548 1.215293
vt 0.6288904 1.207961
vt 0.6269351 1.218226
vt 0.6181364 1.209916
vt 0.6288904 1.197207
vt 0.6288904 1.207961
vt 0.6181364 1.209916
vt 0.6269351 1.218226
vt 0.624491 1.226536
vt 0.61667 1.221159
vt 0.6269351 1.218226
vt 0.61667 1.221159
vt 0.6181364 1.209916
vt 0.6274239 1.232891
vt 0.624491 1.226536
vt 0.635245 1.225559
vt 0.624491 1.226536
vt 0.6147147 1.229958
vt 0.61667 1.221159
vt 0.6147147 1.229958
vt 0.624491 1.226536
vt 0.6274239 1.232891
vt 0.6411107 1.226536
vt 0.635245 1.225559
vt 0.6435548 1.215293
vt 0.6274239 1.232891
vt 0.635245 1.225559
vt 0.6411107 1.226536
vt 0.6054273 1.210894
vt 0.6181364 1.209916
vt 0.61667 1.221159
vt 0.6039608 1.222626
vt 0.61667 1.221159
vt 0.6147147 1.229958
vt 0.6039608 1.222626
vt 0.6054273 1.210894
vt 0.61667 1.221159
vt 0.6186252 1.197207
vt 0.6288904 1.197207
vt 0.6181364 1.209916
vt 0.6186252 1.197207
vt 0.6181364 1.209916
vt 0.6054273 1.197207
vt 0.6181364 1.209916
vt 0.6054273 1.210894
vt 0.6054273 1.197207
vt 0.6367114 1.235824
vt 0.6274239 1.232891
vt 0.6411107 1.226536
vt 0.61667 1.236801
vt 0.6147147 1.229958
vt 0.6274239 1.232891
vt 0.61667 1.236801
vt 0.6274239 1.232891
vt 0.6367114 1.235824
vt 0.61667 1.236801
vt 0.6020055 1.237779
vt 0.6147147 1.229958
vt 0.6020055 1.230935
vt 0.6039608 1.222626
vt 0.6147147 1.229958
vt 0.6020055 1.237779
vt 0.6020055 1.230935
vt 0.6147147 1.229958
vt 0.6235134 1.243645
vt 0.61667 1.236801
vt 0.6367114 1.235824
vt 0.6235134 1.243645
vt 0.6044496 1.2456
vt 0.61667 1.236801
vt 0.6044496 1.2456
vt 0.6020055 1.237779
vt 0.61667 1.236801
vt 0.590274 1.211872
vt 0.6054273 1.210894
vt 0.6039608 1.222626
vt 0.5897852 1.223114
vt 0.6039608 1.222626
vt 0.6020055 1.230935
vt 0.5897852 1.223114
vt 0.590274 1.211872
vt 0.6039608 1.222626
vt 0.6054273 1.197207
vt 0.6054273 1.210894
vt 0.590274 1.197207
vt 0.6054273 1.210894
vt 0.590274 1.211872
vt 0.590274 1.197207
vt 0.6020055 1.237779
vt 0.5863634 1.236801
vt 0.6020055 1.230935
vt 0.5883187 1.230935
vt 0.5897852 1.223114
vt 0.6020055 1.230935
vt 0.5863634 1.236801
vt 0.5883187 1.230935
vt 0.6020055 1.230935
vt 0.6044496 1.2456
vt 0.5844082 1.244622
vt 0.6020055 1.237779
vt 0.5844082 1.244622
vt 0.5863634 1.236801
vt 0.6020055 1.237779
vt 0.590274 1.211872
vt 0.5897852 1.223114
vt 0.571699 1.211872
vt 0.590274 1.197207
vt 0.590274 1.211872
vt 0.571699 1.211872
vt 0.5897852 1.223114
vt 0.5883187 1.230935
vt 0.5731654 1.223114
vt 0.5897852 1.223114
vt 0.5731654 1.223114
vt 0.571699 1.211872
vt 0.5731654 1.230447
vt 0.5883187 1.230935
vt 0.5863634 1.236801
vt 0.5883187 1.230935
vt 0.5731654 1.230447
vt 0.5731654 1.223114
vt 0.5697438 1.235824
vt 0.5731654 1.230447
vt 0.5863634 1.236801
vt 0.5697438 1.235824
vt 0.5863634 1.236801
vt 0.5844082 1.244622
vt 0.5731654 1.223114
vt 0.5731654 1.230447
vt 0.5570346 1.224092
vt 0.5614339 1.229469
vt 0.5731654 1.230447
vt 0.5697438 1.235824
vt 0.5731654 1.230447
vt 0.5614339 1.229469
vt 0.5570346 1.224092
vt 0.5550793 1.232891
vt 0.5614339 1.229469
vt 0.5697438 1.235824
vt 0.5570346 1.224092
vt 0.5614339 1.229469
vt 0.5550793 1.232891
vt 0.5731654 1.223114
vt 0.5570346 1.224092
vt 0.553124 1.212849
vt 0.571699 1.211872
vt 0.5731654 1.223114
vt 0.553124 1.212849
vt 0.5638779 1.241201
vt 0.5697438 1.235824
vt 0.5844082 1.244622
vt 0.5550793 1.232891
vt 0.5697438 1.235824
vt 0.5638779 1.241201
vt 0.5457918 1.226047
vt 0.5570346 1.224092
vt 0.5550793 1.232891
vt 0.553124 1.212849
vt 0.5570346 1.224092
vt 0.5457918 1.226047
vt 0.5712102 1.197207
vt 0.590274 1.197207
vt 0.571699 1.211872
vt 0.5712102 1.197207
vt 0.571699 1.211872
vt 0.553124 1.212849
vt 0.5516576 1.235824
vt 0.5550793 1.232891
vt 0.5638779 1.241201
vt 0.5457918 1.226047
vt 0.5550793 1.232891
vt 0.5516576 1.235824
vt 0.6054273 1.197207
vt 0.590274 1.197207
vt 0.590274 1.183032
vt 0.590274 1.183032
vt 0.590274 1.197207
vt 0.5712102 1.197207
vt 0.5423701 1.229958
vt 0.5457918 1.226047
vt 0.5516576 1.235824
vt 0.5404148 1.214316
vt 0.553124 1.212849
vt 0.5457918 1.226047
vt 0.5404148 1.214316
vt 0.5457918 1.226047
vt 0.5423701 1.229958
vt 0.5516576 1.197207
vt 0.5712102 1.197207
vt 0.553124 1.212849
vt 0.571699 1.182543
vt 0.590274 1.183032
vt 0.5712102 1.197207
vt 0.571699 1.182543
vt 0.5712102 1.197207
vt 0.5516576 1.197207
vt 0.5340602 1.217249
vt 0.5404148 1.214316
vt 0.5423701 1.229958
vt 0.5340602 1.217249
vt 0.5311273 1.197207
vt 0.5404148 1.214316
vt 0.5404148 1.214316
vt 0.5379707 1.197207
vt 0.553124 1.212849
vt 0.5311273 1.197207
vt 0.5379707 1.197207
vt 0.5404148 1.214316
vt 0.5379707 1.197207
vt 0.5516576 1.197207
vt 0.553124 1.212849
vt 0.5379707 1.197207
vt 0.5404148 1.180099
vt 0.5516576 1.197207
vt 0.553124 1.181565
vt 0.571699 1.182543
vt 0.5516576 1.197207
vt 0.5404148 1.180099
vt 0.553124 1.181565
vt 0.5516576 1.197207
vt 0.571699 1.182543
vt 0.553124 1.181565
vt 0.5570346 1.170811
vt 0.5570346 1.170811
vt 0.553124 1.181565
vt 0.5404148 1.180099
vt 0.5311273 1.197207
vt 0.5340602 1.177655
vt 0.5379707 1.197207
vt 0.5340602 1.177655
vt 0.5404148 1.180099
vt 0.5379707 1.197207
vt 0.6054273 1.18352
vt 0.6054273 1.197207
vt 0.590274 1.183032
vt 0.6186252 1.197207
vt 0.6054273 1.197207
vt 0.6054273 1.18352
vt 0.6288904 1.186453
vt 0.6362226 1.188409
vt 0.6288904 1.197207
vt 0.6288904 1.186453
vt 0.6288904 1.197207
vt 0.6186252 1.197207
vt 0.590274 1.183032
vt 0.571699 1.182543
vt 0.5731654 1.1713
vt 0.5731654 1.1713
vt 0.571699 1.182543
vt 0.5570346 1.170811
vt 0.5897852 1.1713
vt 0.590274 1.183032
vt 0.5731654 1.1713
vt 0.6054273 1.18352
vt 0.590274 1.183032
vt 0.5897852 1.1713
vt 0.5457918 1.168856
vt 0.5570346 1.170811
vt 0.5404148 1.180099
vt 0.5457918 1.168856
vt 0.5404148 1.180099
vt 0.5340602 1.177655
vt 0.5731654 1.1713
vt 0.5570346 1.170811
vt 0.560945 1.164945
vt 0.560945 1.164945
vt 0.5570346 1.170811
vt 0.5457918 1.168856
vt 0.5897852 1.1713
vt 0.5731654 1.1713
vt 0.5731654 1.163968
vt 0.5731654 1.163968
vt 0.5731654 1.1713
vt 0.560945 1.164945
vt 0.6181364 1.184987
vt 0.6186252 1.197207
vt 0.6054273 1.18352
vt 0.6181364 1.184987
vt 0.6288904 1.186453
vt 0.6186252 1.197207
vt 0.6039608 1.171789
vt 0.6054273 1.18352
vt 0.5897852 1.1713
vt 0.6181364 1.184987
vt 0.6054273 1.18352
vt 0.6039608 1.171789
vt 0.5550793 1.162013
vt 0.560945 1.164945
vt 0.5457918 1.168856
vt 0.5731654 1.163968
vt 0.560945 1.164945
vt 0.5550793 1.162013
vt 0.5883187 1.163968
vt 0.5897852 1.1713
vt 0.5731654 1.163968
vt 0.6039608 1.171789
vt 0.5897852 1.1713
vt 0.5883187 1.163968
vt 0.61667 1.173744
vt 0.6181364 1.184987
vt 0.6039608 1.171789
vt 0.6288904 1.186453
vt 0.6181364 1.184987
vt 0.61667 1.173744
vt 0.5418813 1.164945
vt 0.5457918 1.168856
vt 0.5340602 1.177655
vt 0.5550793 1.162013
vt 0.5457918 1.168856
vt 0.5418813 1.164945
vt 0.5697438 1.15908
vt 0.5731654 1.163968
vt 0.5550793 1.162013
vt 0.5883187 1.163968
vt 0.5731654 1.163968
vt 0.5697438 1.15908
vt 0.6020055 1.163479
vt 0.6039608 1.171789
vt 0.5883187 1.163968
vt 0.61667 1.173744
vt 0.6039608 1.171789
vt 0.6020055 1.163479
vt 0.6362226 1.188409
vt 0.6288904 1.186453
vt 0.6269351 1.176188
vt 0.6269351 1.176188
vt 0.6288904 1.186453
vt 0.61667 1.173744
vt 0.5511687 1.15908
vt 0.5550793 1.162013
vt 0.5418813 1.164945
vt 0.5697438 1.15908
vt 0.5550793 1.162013
vt 0.5511687 1.15908
vt 0.5638779 1.153703
vt 0.5697438 1.15908
vt 0.5511687 1.15908
vt 0.5863634 1.158102
vt 0.5883187 1.163968
vt 0.5697438 1.15908
vt 0.5863634 1.158102
vt 0.5697438 1.15908
vt 0.5638779 1.153703
vt 0.6020055 1.157124
vt 0.6020055 1.163479
vt 0.5883187 1.163968
vt 0.5863634 1.158102
vt 0.6020055 1.157124
vt 0.5883187 1.163968
vt 0.6147147 1.164457
vt 0.61667 1.173744
vt 0.6020055 1.163479
vt 0.6269351 1.176188
vt 0.61667 1.173744
vt 0.6147147 1.164457
vt 0.5844082 1.149792
vt 0.5863634 1.158102
vt 0.5638779 1.153703
vt 0.5844082 1.149792
vt 0.6044496 1.148815
vt 0.5863634 1.158102
vt 0.6044496 1.148815
vt 0.6020055 1.157124
vt 0.5863634 1.158102
vt 0.6020055 1.157124
vt 0.6161812 1.157613
vt 0.6020055 1.163479
vt 0.6161812 1.157613
vt 0.6147147 1.164457
vt 0.6020055 1.163479
vt 0.624491 1.167878
vt 0.6269351 1.176188
vt 0.6147147 1.164457
vt 0.624491 1.167878
vt 0.6147147 1.164457
vt 0.6161812 1.157613
vt 0.6044496 1.148815
vt 0.6235134 1.15077
vt 0.6020055 1.157124
vt 0.6235134 1.15077
vt 0.6161812 1.157613
vt 0.6020055 1.157124
vt 0.6337785 1.179121
vt 0.6362226 1.188409
vt 0.6269351 1.176188
vt 0.6337785 1.179121
vt 0.6269351 1.176188
vt 0.624491 1.167878
vt 0.6269351 1.161524
vt 0.624491 1.167878
vt 0.6161812 1.157613
vt 0.6269351 1.161524
vt 0.6161812 1.157613
vt 0.6235134 1.15077
vt 0.6308456 1.1713
vt 0.624491 1.167878
vt 0.6269351 1.161524
vt 0.6308456 1.1713
vt 0.6337785 1.179121
vt 0.624491 1.167878
vt 0.635245 1.168856
vt 0.6308456 1.1713
vt 0.6269351 1.161524
vt 0.6337785 1.179121
vt 0.6308456 1.1713
vt 0.635245 1.168856
vt 0.6362226 1.158591
vt 0.6269351 1.161524
vt 0.6235134 1.15077
vt 0.635245 1.168856
vt 0.6269351 1.161524
vt 0.6362226 1.158591
vt 0.6391555 1.180099
vt 0.6337785 1.179121
vt 0.635245 1.168856
vt 0.6362226 1.188409
vt 0.6337785 1.179121
vt 0.6391555 1.180099
vt 0.6411107 1.167878
vt 0.635245 1.168856
vt 0.6362226 1.158591
vt 0.6391555 1.180099
vt 0.635245 1.168856
vt 0.6411107 1.167878
vt 0.640622 1.189386
vt 0.6411107 1.197207
vt 0.6362226 1.188409
vt 0.6445324 1.197207
vt 0.6445324 1.205517
vt 0.6411107 1.197207
vt 0.6445324 1.197207
vt 0.6411107 1.197207
vt 0.640622 1.189386
vt 0.640622 1.189386
vt 0.6362226 1.188409
vt 0.6391555 1.180099
vt 0.640622 1.189386
vt 0.6391555 1.180099
vt 0.6435548 1.179121
vt 0.6435548 1.179121
vt 0.6391555 1.180099
vt 0.6411107 1.167878
vt 0.6440436 1.188897
vt 0.640622 1.189386
vt 0.6435548 1.179121
vt 0.6440436 1.188897
vt 0.6445324 1.197207
vt 0.640622 1.189386
vt 0.6440436 1.188897
vt 0.6435548 1.179121
vt 0.6503983 1.186453
vt 0.6445324 1.197207
vt 0.6440436 1.188897
vt 0.6503983 1.186453
vt 0.6435548 1.179121
vt 0.6411107 1.167878
vt 0.6489318 1.174233
vt 0.6435548 1.179121
vt 0.6489318 1.174233
vt 0.6503983 1.186453
vt 0.6508871 1.197207
vt 0.6445324 1.197207
vt 0.6503983 1.186453
vt 0.6445324 1.205517
vt 0.6445324 1.197207
vt 0.6508871 1.197207
vt 0.6503983 1.186453
vt 0.6489318 1.174233
vt 0.6621298 1.182054
vt 0.6508871 1.197207
vt 0.6503983 1.186453
vt 0.6621298 1.182054
vt 0.6503983 1.207961
vt 0.6445324 1.205517
vt 0.6508871 1.197207
vt 0.6631075 1.197207
vt 0.6508871 1.197207
vt 0.6621298 1.182054
vt 0.6503983 1.207961
vt 0.6508871 1.197207
vt 0.6631075 1.197207
vt 0.6411107 1.226536
vt 0.6435548 1.215293
vt 0.6489318 1.234357
vt 0.6435548 1.215293
vt 0.6445324 1.205517
vt 0.6489318 1.220182
vt 0.6435548 1.215293
vt 0.6489318 1.220182
vt 0.6489318 1.234357
vt 0.6445324 1.205517
vt 0.6503983 1.207961
vt 0.6489318 1.220182
vt 0.6489318 1.220182
vt 0.6503983 1.207961
vt 0.6611522 1.227514
vt 0.6621298 1.212361
vt 0.6503983 1.207961
vt 0.6631075 1.197207
vt 0.6503983 1.207961
vt 0.6621298 1.212361
vt 0.6611522 1.227514
vt 0.6489318 1.234357
vt 0.6489318 1.220182
vt 0.6631075 1.241689
vt 0.6489318 1.220182
vt 0.6611522 1.227514
vt 0.6631075 1.241689
vt 0.6621298 1.212361
vt 0.6631075 1.197207
vt 0.680216 1.21676
vt 0.6611522 1.227514
vt 0.6621298 1.212361
vt 0.680216 1.234357
vt 0.6621298 1.212361
vt 0.680216 1.21676
vt 0.680216 1.234357
vt 0.6631075 1.197207
vt 0.6621298 1.182054
vt 0.6807048 1.197207
vt 0.6631075 1.197207
vt 0.6807048 1.197207
vt 0.680216 1.21676
vt 0.6631075 1.241689
vt 0.6611522 1.227514
vt 0.6821712 1.248044
vt 0.6611522 1.227514
vt 0.680216 1.234357
vt 0.6821712 1.248044
vt 0.680216 1.234357
vt 0.680216 1.21676
vt 0.7036791 1.23729
vt 0.680216 1.21676
vt 0.6807048 1.197207
vt 0.7036791 1.219204
vt 0.680216 1.21676
vt 0.7036791 1.219204
vt 0.7036791 1.23729
vt 0.6821712 1.248044
vt 0.680216 1.234357
vt 0.7041679 1.250488
vt 0.680216 1.234357
vt 0.7036791 1.23729
vt 0.7041679 1.250488
vt 0.6489318 1.174233
vt 0.6611522 1.166901
vt 0.6621298 1.182054
vt 0.6621298 1.182054
vt 0.6797271 1.177655
vt 0.6807048 1.197207
vt 0.6797271 1.177655
vt 0.6621298 1.182054
vt 0.6611522 1.166901
vt 0.6807048 1.197207
vt 0.6797271 1.177655
vt 0.7036791 1.197207
vt 0.6807048 1.197207
vt 0.7036791 1.197207
vt 0.7036791 1.219204
vt 0.7041679 1.250488
vt 0.7036791 1.23729
vt 0.7266534 1.247555
vt 0.7036791 1.23729
vt 0.7036791 1.219204
vt 0.7290975 1.235824
vt 0.7036791 1.23729
vt 0.7290975 1.235824
vt 0.7266534 1.247555
vt 0.7266534 1.247555
vt 0.7290975 1.235824
vt 0.7408291 1.243156
vt 0.7290975 1.235824
vt 0.7466948 1.23338
vt 0.7408291 1.243156
vt 0.7036791 1.219204
vt 0.7300751 1.218715
vt 0.7290975 1.235824
vt 0.7290975 1.235824
vt 0.7300751 1.218715
vt 0.7466948 1.23338
vt 0.7300751 1.218715
vt 0.7036791 1.219204
vt 0.7300751 1.197207
vt 0.7036791 1.219204
vt 0.7036791 1.197207
vt 0.7300751 1.197207
vt 0.6411107 1.167878
vt 0.6489318 1.160057
vt 0.6489318 1.174233
vt 0.6489318 1.174233
vt 0.6489318 1.160057
vt 0.6611522 1.166901
vt 0.7300751 1.218715
vt 0.7491389 1.217249
vt 0.7466948 1.23338
vt 0.7491389 1.217249
vt 0.7300751 1.218715
vt 0.7501165 1.197207
vt 0.7300751 1.218715
vt 0.7300751 1.197207
vt 0.7501165 1.197207
vt 0.6797271 1.177655
vt 0.7031903 1.175211
vt 0.7036791 1.197207
vt 0.680216 1.160057
vt 0.6797271 1.177655
vt 0.6611522 1.166901
vt 0.7031903 1.175211
vt 0.6797271 1.177655
vt 0.680216 1.160057
vt 0.7300751 1.197207
vt 0.7036791 1.197207
vt 0.7300751 1.175699
vt 0.7036791 1.197207
vt 0.7031903 1.175211
vt 0.7300751 1.175699
vt 0.6489318 1.160057
vt 0.6631075 1.152725
vt 0.6611522 1.166901
vt 0.680216 1.160057
vt 0.6611522 1.166901
vt 0.6631075 1.152725
vt 0.7036791 1.157124
vt 0.7031903 1.175211
vt 0.680216 1.160057
vt 0.7031903 1.175211
vt 0.7036791 1.157124
vt 0.7300751 1.175699
vt 0.7501165 1.197207
vt 0.7300751 1.197207
vt 0.7491389 1.176677
vt 0.7300751 1.197207
vt 0.7300751 1.175699
vt 0.7491389 1.176677
vt 0.6821712 1.14637
vt 0.680216 1.160057
vt 0.6631075 1.152725
vt 0.7036791 1.157124
vt 0.680216 1.160057
vt 0.6821712 1.14637
vt 0.7036791 1.157124
vt 0.7290975 1.158591
vt 0.7300751 1.175699
vt 0.7300751 1.175699
vt 0.7290975 1.158591
vt 0.7491389 1.176677
vt 0.7036791 1.143926
vt 0.7036791 1.157124
vt 0.6821712 1.14637
vt 0.7036791 1.157124
vt 0.7036791 1.143926
vt 0.7290975 1.158591
vt 0.7290975 1.158591
vt 0.746206 1.161035
vt 0.7491389 1.176677
vt 0.7036791 1.143926
vt 0.7266534 1.146859
vt 0.7290975 1.158591
vt 0.7290975 1.158591
vt 0.7266534 1.146859
vt 0.746206 1.161035
vt 0.7266534 1.146859
vt 0.7403402 1.151259
vt 0.746206 1.161035
usemtl Material 3
f 6621/6621/6621 6620/6620/6620 6619/6619/6619
f 6624/6624/6624 6623/6623/6623 6622/6622/6622
f 6627/6627/6627 6626/6626/6626 6625/6625/6625
f 6630/6630/6630 6629/6629/6629 6628/6628/6628
f 6633/6633/6633 6632/6632/6632 6631/6631/6631
f 6636/6636/6636 6635/6635/6635 6634/6634/6634
f 6639/6639/6639 6638/6638/6638 6637/6637/6637
f 6642/6642/6642 6641/6641/6641 6640/6640/6640
f 6645/6645/6645 6644/6644/6644 6643/6643/6643
f 6648/6648/6648 6647/6647/6647 6646/6646/6646
f 6651/6651/6651 6650/6650/6650 6649/6649/6649
f 6654/6654/6654 6653/6653/6653 6652/6652/6652
f 6657/6657/6657 6656/6656/6656 6655/6655/6655
f 6660/6660/6660 6659/6659/6659 6658/6658/6658
f 6663/6663/6663 6662/6662/6662 6661/6661/6661
f 6666/6666/6666 6665/6665/6665 6664/6664/6664
f 6669/6669/6669 6668/6668/6668 6667/6667/6667
f 6672/6672/6672 6671/6671/6671 6670/6670/6670
f 6675/6675/6675 6674/6674/6674 6673/6673/6673
f 6678/6678/6678 6677/6677/6677 6676/6676/6676
f 6681/6681/6681 6680/6680/6680 6679/6679/6679
f 6684/6684/6684 6683/6683/6683 6682/6682/6682
f 6687/6687/6687 6686/6686/6686 6685/6685/6685
f 6690/6690/6690 6689/6689/6689 6688/6688/6688
f 6693/6693/6693 6692/6692/6692 6691/6691/6691
f 6696/6696/6696 6695/6695/6695 6694/6694/6694
f 6699/6699/6699 6698/6698/6698 6697/6697/6697
f 6702/6702/6702 6701/6701/6701 6700/6700/6700
f 6705/6705/6705 6704/6704/6704 6703/6703/6703
f 6708/6708/6708 6707/6707/6707 6706/6706/6706
f 6711/6711/6711 6710/6710/6710 6709/6709/6709
f 6714/6714/6714 6713/6713/6713 6712/6712/6712
f 6717/6717/6717 6716/6716/6716 6715/6715/6715
f 6720/6720/6720 6719/6719/6719 6718/6718/6718
f 6723/6723/6723 6722/6722/6722 6721/6721/6721
f 6726/6726/6726 6725/6725/6725 6724/6724/6724
f 6729/6729/6729 6728/6728/6728 6727/6727/6727
f 6732/6732/6732 6731/6731/6731 6730/6730/6730
f 6735/6735/6735 6734/6734/6734 6733/6733/6733
f 6738/6738/6738 6737/6737/6737 6736/6736/6736
f 6741/6741/6741 6740/6740/6740 6739/6739/6739
f 6744/6744/6744 6743/6743/6743 6742/6742/6742
f 6747/6747/6747 6746/6746/6746 6745/6745/6745
f 6750/6750/6750 6749/6749/6749 6748/6748/6748
f 6753/6753/6753 6752/6752/6752 6751/6751/6751
f 6756/6756/6756 6755/6755/6755 6754/6754/6754
f 6759/6759/6759 6758/6758/6758 6757/6757/6757
f 6762/6762/6762 6761/6761/6761 6760/6760/6760
f 6765/6765/6765 6764/6764/6764 6763/6763/6763
f 6768/6768/6768 6767/6767/6767 6766/6766/6766
f 6771/6771/6771 6770/6770/6770 6769/6769/6769
f 6774/6774/6774 6773/6773/6773 6772/6772/6772
f 6777/6777/6777 6776/6776/6776 6775/6775/6775
f 6780/6780/6780 6779/6779/6779 6778/6778/6778
f 6783/6783/6783 6782/6782/6782 6781/6781/6781
f 6786/6786/6786 6785/6785/6785 6784/6784/6784
f 6789/6789/6789 6788/6788/6788 6787/6787/6787
f 6792/6792/6792 6791/6791/6791 6790/6790/6790
f 6795/6795/6795 6794/6794/6794 6793/6793/6793
f 6798/6798/6798 6797/6797/6797 6796/6796/6796
f 6801/6801/6801 6800/6800/6800 6799/6799/6799
f 6804/6804/6804 6803/6803/6803 6802/6802/6802
f 6807/6807/6807 6806/6806/6806 6805/6805/6805
f 6810/6810/6810 6809/6809/6809 6808/6808/6808
f 6813/6813/6813 6812/6812/6812 6811/6811/6811
f 6816/6816/6816 6815/6815/6815 6814/6814/6814
f 6819/6819/6819 6818/6818/6818 6817/6817/6817
f 6822/6822/6822 6821/6821/6821 6820/6820/6820
f 6825/6825/6825 6824/6824/6824 6823/6823/6823
f 6828/6828/6828 6827/6827/6827 6826/6826/6826
f 6831/6831/6831 6830/6830/6830 6829/6829/6829
f 6834/6834/6834 6833/6833/6833 6832/6832/6832
f 6837/6837/6837 6836/6836/6836 6835/6835/6835
f 6840/6840/6840 6839/6839/6839 6838/6838/6838
f 6843/6843/6843 6842/6842/6842 6841/6841/6841
f 6846/6846/6846 6845/6845/6845 6844/6844/6844
f 6849/6849/6849 6848/6848/6848 6847/6847/6847
f 6852/6852/6852 6851/6851/6851 6850/6850/6850
f 6855/6855/6855 6854/6854/6854 6853/6853/6853
f 6858/6858/6858 6857/6857/6857 6856/6856/6856
f 6861/6861/6861 6860/6860/6860 6859/6859/6859
f 6864/6864/6864 6863/6863/6863 6862/6862/6862
f 6867/6867/6867 6866/6866/6866 6865/6865/6865
f 6870/6870/6870 6869/6869/6869 6868/6868/6868
f 6873/6873/6873 6872/6872/6872 6871/6871/6871
f 6876/6876/6876 6875/6875/6875 6874/6874/6874
f 6879/6879/6879 6878/6878/6878 6877/6877/6877
f 6882/6882/6882 6881/6881/6881 6880/6880/6880
f 6885/6885/6885 6884/6884/6884 6883/6883/6883
f 6888/6888/6888 6887/6887/6887 6886/6886/6886
f 6891/6891/6891 6890/6890/6890 6889/6889/6889
f 6894/6894/6894 6893/6893/6893 6892/6892/6892
f 6897/6897/6897 6896/6896/6896 6895/6895/6895
f 6900/6900/6900 6899/6899/6899 6898/6898/6898
f 6903/6903/6903 6902/6902/6902 6901/6901/6901
f 6906/6906/6906 6905/6905/6905 6904/6904/6904
f 6909/6909/6909 6908/6908/6908 6907/6907/6907
f 6912/6912/6912 6911/6911/6911 6910/6910/6910
f 6915/6915/6915 6914/6914/6914 6913/6913/6913
f 6918/6918/6918 6917/6917/6917 6916/6916/6916
f 6921/6921/6921 6920/6920/6920 6919/6919/6919
f 6924/6924/6924 6923/6923/6923 6922/6922/6922
f 6927/6927/6927 6926/6926/6926 6925/6925/6925
f 6930/6930/6930 6929/6929/6929 6928/6928/6928
f 6933/6933/6933 6932/6932/6932 6931/6931/6931
f 6936/6936/6936 6935/6935/6935 6934/6934/6934
f 6939/6939/6939 6938/6938/6938 6937/6937/6937
f 6942/6942/6942 6941/6941/6941 6940/6940/6940
f 6945/6945/6945 6944/6944/6944 6943/6943/6943
f 6948/6948/6948 6947/6947/6947 6946/6946/6946
f 6951/6951/6951 6950/6950/6950 6949/6949/6949
f 6954/6954/6954 6953/6953/6953 6952/6952/6952
f 6957/6957/6957 6956/6956/6956 6955/6955/6955
f 6960/6960/6960 6959/6959/6959 6958/6958/6958
f 6963/6963/6963 6962/6962/6962 6961/6961/6961
f 6966/6966/6966 6965/6965/6965 6964/6964/6964
f 6969/6969/6969 6968/6968/6968 6967/6967/6967
f 6972/6972/6972 6971/6971/6971 6970/6970/6970
f 6975/6975/6975 6974/6974/6974 6973/6973/6973
f 6978/6978/6978 6977/6977/6977 6976/6976/6976
f 6981/6981/6981 6980/6980/6980 6979/6979/6979
f 6984/6984/6984 6983/6983/6983 6982/6982/6982
f 6987/6987/6987 6986/6986/6986 6985/6985/6985
f 6990/6990/6990 6989/6989/6989 6988/6988/6988
f 6993/6993/6993 6992/6992/6992 6991/6991/6991
f 6996/6996/6996 6995/6995/6995 6994/6994/6994
f 6999/6999/6999 6998/6998/6998 6997/6997/6997
f 7002/7002/7002 7001/7001/7001 7000/7000/7000
f 7005/7005/7005 7004/7004/7004 7003/7003/7003
f 7008/7008/7008 7007/7007/7007 7006/7006/7006
f 7011/7011/7011 7010/7010/7010 7009/7009/7009
f 7014/7014/7014 7013/7013/7013 7012/7012/7012
f 7017/7017/7017 7016/7016/7016 7015/7015/7015
f 7020/7020/7020 7019/7019/7019 7018/7018/7018
f 7023/7023/7023 7022/7022/7022 7021/7021/7021
f 7026/7026/7026 7025/7025/7025 7024/7024/7024
f 7029/7029/7029 7028/7028/7028 7027/7027/7027
f 7032/7032/7032 7031/7031/7031 7030/7030/7030
f 7035/7035/7035 7034/7034/7034 7033/7033/7033
f 7038/7038/7038 7037/7037/7037 7036/7036/7036
f 7041/7041/7041 7040/7040/7040 7039/7039/7039
f 7044/7044/7044 7043/7043/7043 7042/7042/7042
f 7047/7047/7047 7046/7046/7046 7045/7045/7045
f 7050/7050/7050 7049/7049/7049 7048/7048/7048
f 7053/7053/7053 7052/7052/7052 7051/7051/7051
f 7056/7056/7056 7055/7055/7055 7054/7054/7054
f 7059/7059/7059 7058/7058/7058 7057/7057/7057
f 7062/7062/7062 7061/7061/7061 7060/7060/7060
f 7065/7065/7065 7064/7064/7064 7063/7063/7063
f 7068/7068/7068 7067/7067/7067 7066/7066/7066
f 7071/7071/7071 7070/7070/7070 7069/7069/7069
f 7074/7074/7074 7073/7073/7073 7072/7072/7072
f 7077/7077/7077 7076/7076/7076 7075/7075/7075
f 7080/7080/7080 7079/7079/7079 7078/7078/7078
f 7083/7083/7083 7082/7082/7082 7081/7081/7081
f 7086/7086/7086 7085/7085/7085 7084/7084/7084
f 7089/7089/7089 7088/7088/7088 7087/7087/7087
f 7092/7092/7092 7091/7091/7091 7090/7090/7090
f 7095/7095/7095 7094/7094/7094 7093/7093/7093
f 7098/7098/7098 7097/7097/7097 7096/7096/7096
f 7101/7101/7101 7100/7100/7100 7099/7099/7099
f 7104/7104/7104 7103/7103/7103 7102/7102/7102
f 7107/7107/7107 7106/7106/7106 7105/7105/7105
f 7110/7110/7110 7109/7109/7109 7108/7108/7108
f 7113/7113/7113 7112/7112/7112 7111/7111/7111
f 7116/7116/7116 7115/7115/7115 7114/7114/7114
f 7119/7119/7119 7118/7118/7118 7117/7117/7117
f 7122/7122/7122 7121/7121/7121 7120/7120/7120
f 7125/7125/7125 7124/7124/7124 7123/7123/7123
f 7128/7128/7128 7127/7127/7127 7126/7126/7126
f 7131/7131/7131 7130/7130/7130 7129/7129/7129
f 7134/7134/7134 7133/7133/7133 7132/7132/7132
f 7137/7137/7137 7136/7136/7136 7135/7135/7135
f 7140/7140/7140 7139/7139/7139 7138/7138/7138
f 7143/7143/7143 7142/7142/7142 7141/7141/7141
f 7146/7146/7146 7145/7145/7145 7144/7144/7144
f 7149/7149/7149 7148/7148/7148 7147/7147/7147
f 7152/7152/7152 7151/7151/7151 7150/7150/7150
f 7155/7155/7155 7154/7154/7154 7153/7153/7153
f 7158/7158/7158 7157/7157/7157 7156/7156/7156
f 7161/7161/7161 7160/7160/7160 7159/7159/7159
f 7164/7164/7164 7163/7163/7163 7162/7162/7162
f 7167/7167/7167 7166/7166/7166 7165/7165/7165
f 7170/7170/7170 7169/7169/7169 7168/7168/7168
f 7173/7173/7173 7172/7172/7172 7171/7171/7171
f 7176/7176/7176 7175/7175/7175 7174/7174/7174
f 7179/7179/7179 7178/7178/7178 7177/7177/7177
f 7182/7182/7182 7181/7181/7181 7180/7180/7180
f 7185/7185/7185 7184/7184/7184 7183/7183/7183
f 7188/7188/7188 7187/7187/7187 7186/7186/7186
f 7191/7191/7191 7190/7190/7190 7189/7189/7189
f 7194/7194/7194 7193/7193/7193 7192/7192/7192
f 7197/7197/7197 7196/7196/7196 7195/7195/7195
f 7200/7200/7200 7199/7199/7199 7198/7198/7198
f 7203/7203/7203 7202/7202/7202 7201/7201/7201
f 7206/7206/7206 7205/7205/7205 7204/7204/7204
f 7209/7209/7209 7208/7208/7208 7207/7207/7207
f 7212/7212/7212 7211/7211/7211 7210/7210/7210
f 7215/7215/7215 7214/7214/7214 7213/7213/7213
f 7218/7218/7218 7217/7217/7217 7216/7216/7216
f 7221/7221/7221 7220/7220/7220 7219/7219/7219
f 7224/7224/7224 7223/7223/7223 7222/7222/7222
f 7227/7227/7227 7226/7226/7226 7225/7225/7225
f 7230/7230/7230 7229/7229/7229 7228/7228/7228
f 7233/7233/7233 7232/7232/7232 7231/7231/7231
f 7236/7236/7236 7235/7235/7235 7234/7234/7234
f 7239/7239/7239 7238/7238/7238 7237/7237/7237
f 7242/7242/7242 7241/7241/7241 7240/7240/7240
f 7245/7245/7245 7244/7244/7244 7243/7243/7243
f 7248/7248/7248 7247/7247/7247 7246/7246/7246
f 7251/7251/7251 7250/7250/7250 7249/7249/7249
f 7254/7254/7254 7253/7253/7253 7252/7252/7252
f 7257/7257/7257 7256/7256/7256 7255/7255/7255
f 7260/7260/7260 7259/7259/7259 7258/7258/7258
f 7263/7263/7263 7262/7262/7262 7261/7261/7261
f 7266/7266/7266 7265/7265/7265 7264/7264/7264
f 7269/7269/7269 7268/7268/7268 7267/7267/7267
f 7272/7272/7272 7271/7271/7271 7270/7270/7270
f 7275/7275/7275 7274/7274/7274 7273/7273/7273
f 7278/7278/7278 7277/7277/7277 7276/7276/7276
f 7281/7281/7281 7280/7280/7280 7279/7279/7279
f 7284/7284/7284 7283/7283/7283 7282/7282/7282
f 7287/7287/7287 7286/7286/7286 7285/7285/7285
f 7290/7290/7290 7289/7289/7289 7288/7288/7288
f 7293/7293/7293 7292/7292/7292 7291/7291/7291
f 7296/7296/7296 7295/7295/7295 7294/7294/7294
f 7299/7299/7299 7298/7298/7298 7297/7297/7297
f 7302/7302/7302 7301/7301/7301 7300/7300/7300
f 7305/7305/7305 7304/7304/7304 7303/7303/7303
f 7308/7308/7308 7307/7307/7307 7306/7306/7306
f 7311/7311/7311 7310/7310/7310 7309/7309/7309
f 7314/7314/7314 7313/7313/7313 7312/7312/7312
f 7317/7317/7317 7316/7316/7316 7315/7315/7315
f 7320/7320/7320 7319/7319/7319 7318/7318/7318
f 7323/7323/7323 7322/7322/7322 7321/7321/7321
f 7326/7326/7326 7325/7325/7325 7324/7324/7324
f 7329/7329/7329 7328/7328/7328 7327/7327/7327
f 7332/7332/7332 7331/7331/7331 7330/7330/7330
f 7335/7335/7335 7334/7334/7334 7333/7333/7333
f 7338/7338/7338 7337/7337/7337 7336/7336/7336
